# Blender 4.5.12 LTS
# www.blender.org
mtllib room.mtl
o Floor
v -1.585000 -0.120000 -0.015000
v -1.585000 -0.105000 0.000000
v -1.600000 -0.105000 -0.015000
v -1.585000 -0.115607 -0.004393
v -1.593660 -0.113660 -0.006340
v -1.595607 -0.105000 -0.004393
v -1.595607 -0.115607 -0.015000
v -1.585000 -0.015000 0.000000
v -1.585000 0.000000 -0.015000
v -1.600000 -0.015000 -0.015000
v -1.585000 -0.004393 -0.004393
v -1.593660 -0.006340 -0.006340
v -1.595607 -0.004393 -0.015000
v -1.595607 -0.015000 -0.004393
v -1.585000 -0.120000 -5.184999
v -1.600000 -0.105000 -5.184999
v -1.585000 -0.105000 -5.200000
v -1.595607 -0.115607 -5.184999
v -1.593660 -0.113660 -5.193660
v -1.595607 -0.105000 -5.195606
v -1.585000 -0.115607 -5.195606
v -1.585000 0.000000 -5.184999
v -1.585000 -0.015000 -5.200000
v -1.600000 -0.015000 -5.184999
v -1.585000 -0.004393 -5.195606
v -1.593660 -0.006340 -5.193660
v -1.595607 -0.015000 -5.195606
v -1.595607 -0.004393 -5.184999
v 1.585000 -0.120000 -0.015000
v 1.600000 -0.105000 -0.015000
v 1.585000 -0.105000 0.000000
v 1.595607 -0.115607 -0.015000
v 1.593660 -0.113660 -0.006340
v 1.595607 -0.105000 -0.004393
v 1.585000 -0.115607 -0.004393
v 1.585000 0.000000 -0.015000
v 1.585000 -0.015000 0.000000
v 1.600000 -0.015000 -0.015000
v 1.585000 -0.004393 -0.004393
v 1.593660 -0.006340 -0.006340
v 1.595607 -0.015000 -0.004393
v 1.595607 -0.004393 -0.015000
v 1.585000 -0.120000 -5.184999
v 1.585000 -0.105000 -5.200000
v 1.600000 -0.105000 -5.184999
v 1.585000 -0.115607 -5.195606
v 1.593660 -0.113660 -5.193660
v 1.595607 -0.105000 -5.195606
v 1.595607 -0.115607 -5.184999
v 1.585000 0.000000 -5.184999
v 1.600000 -0.015000 -5.184999
v 1.585000 -0.015000 -5.200000
v 1.595607 -0.004393 -5.184999
v 1.593660 -0.006340 -5.193660
v 1.595607 -0.015000 -5.195606
v 1.585000 -0.004393 -5.195606
vn -0.3251 -0.8881 0.3251
vn -0.3251 -0.3250 0.8881
vn -0.8881 -0.3251 0.3251
vn -0.3251 0.3250 0.8881
vn -0.3251 0.8881 0.3251
vn -0.8881 0.3251 0.3251
vn -0.3251 -0.8881 -0.3251
vn -0.8881 -0.3251 -0.3251
vn -0.3251 -0.3250 -0.8881
vn -0.3251 0.8881 -0.3251
vn -0.3251 0.3250 -0.8881
vn -0.8881 0.3251 -0.3251
vn 0.3251 -0.8881 0.3251
vn 0.8881 -0.3251 0.3251
vn 0.3251 -0.3250 0.8881
vn 0.3251 0.8881 0.3251
vn 0.3251 0.3250 0.8881
vn 0.8881 0.3251 0.3251
vn 0.3251 -0.8881 -0.3251
vn 0.3251 -0.3250 -0.8881
vn 0.8881 -0.3251 -0.3251
vn 0.3251 0.8881 -0.3251
vn 0.8881 0.3251 -0.3251
vn 0.3251 0.3250 -0.8881
vn -0.3827 -0.9239 -0.0000
vn -0.9239 -0.3827 -0.0000
vn -0.3827 -0.0000 0.9239
vn -0.9239 -0.0000 0.3827
vn -0.3827 0.9239 -0.0000
vn -0.9239 0.3827 -0.0000
vn -0.3827 -0.0000 -0.9239
vn -0.9239 -0.0000 -0.3827
vn -0.0000 -0.9239 -0.3827
vn -0.0000 -0.3827 -0.9239
vn -0.0000 0.9239 -0.3827
vn -0.0000 0.3827 -0.9239
vn 0.9239 -0.0000 -0.3827
vn 0.3827 -0.0000 -0.9239
vn 0.3827 -0.9239 -0.0000
vn 0.9239 -0.3827 -0.0000
vn 0.3827 0.9239 -0.0000
vn 0.9239 0.3827 -0.0000
vn 0.3827 -0.0000 0.9239
vn 0.9239 -0.0000 0.3827
vn -0.0000 -0.9239 0.3827
vn -0.0000 -0.3827 0.9239
vn -0.0000 0.9239 0.3827
vn -0.0000 0.3827 0.9239
vn -0.0000 -1.0000 -0.0000
vn -1.0000 -0.0000 -0.0000
vn -0.0000 -0.0000 1.0000
vn -0.0000 1.0000 -0.0000
vn -0.0000 -0.0000 -1.0000
vn 1.0000 -0.0000 -0.0000
vt 0.126172 0.749279
vt 0.126172 0.750000
vt 0.125495 0.750000
vt 0.125000 0.749279
vt 0.406250 0.998828
vt 0.406250 1.000000
vt 0.388208 1.000000
vt 0.375000 0.998828
vt 0.406250 0.000721
vt 0.375000 0.000721
vt 0.375000 0.000305
vt 0.406250 0.000000
vt 0.593750 0.998828
vt 0.625000 0.998828
vt 0.625000 0.999505
vt 0.593750 1.000000
vt 0.873828 0.749279
vt 0.875000 0.749279
vt 0.875000 0.749695
vt 0.873828 0.750000
vt 0.593750 0.000721
vt 0.593750 0.000000
vt 0.611792 0.000000
vt 0.625000 0.000721
vt 0.126172 0.500721
vt 0.125000 0.500721
vt 0.125000 0.500305
vt 0.126172 0.500000
vt 0.406250 0.249279
vt 0.406250 0.250000
vt 0.381604 0.250248
vt 0.375000 0.249279
vt 0.406250 0.251172
vt 0.375000 0.251172
vt 0.873828 0.500721
vt 0.873828 0.500000
vt 0.874505 0.500000
vt 0.875000 0.500721
vt 0.593750 0.251172
vt 0.593750 0.250000
vt 0.618396 0.249848
vt 0.625000 0.251172
vt 0.593750 0.249279
vt 0.625000 0.249279
vt 0.373828 0.749279
vt 0.375000 0.749279
vt 0.379403 0.750064
vt 0.374414 0.750586
vt 0.406250 0.749279
vt 0.406250 0.750000
vt 0.406250 0.751172
vt 0.626172 0.749279
vt 0.625586 0.750586
vt 0.620763 0.749898
vt 0.625000 0.749279
vt 0.593750 0.751172
vt 0.593750 0.750000
vt 0.593750 0.749279
vt 0.373828 0.500721
vt 0.374414 0.499414
vt 0.379238 0.500102
vt 0.375000 0.500721
vt 0.406250 0.498828
vt 0.406250 0.500000
vt 0.406250 0.500721
vt 0.626172 0.500721
vt 0.625000 0.500721
vt 0.620597 0.499936
vt 0.625586 0.499414
vt 0.593750 0.500721
vt 0.593750 0.500000
vt 0.593750 0.498828
s 0
usemtl Light_Wood_Floor
f 1/1/1 4/2/1 5/3/1 7/4/1
f 2/5/2 6/6/2 5/7/2 4/8/2
f 3/9/3 7/10/3 5/11/3 6/12/3
f 8/13/4 11/14/4 12/15/4 14/16/4
f 9/17/5 13/18/5 12/19/5 11/20/5
f 10/21/6 14/22/6 12/23/6 13/24/6
f 15/25/7 18/26/7 19/27/7 21/28/7
f 16/29/8 20/30/8 19/31/8 18/32/8
f 17/33/9 21/34/9 19/31/9 20/30/9
f 22/35/10 25/36/10 26/37/10 28/38/10
f 23/39/11 27/40/11 26/41/11 25/42/11
f 24/43/12 28/44/12 26/41/12 27/40/12
f 29/45/13 32/46/13 33/47/13 35/48/13
f 30/49/14 34/50/14 33/47/14 32/46/14
f 31/51/15 35/48/15 33/47/15 34/50/15
f 36/52/16 39/53/16 40/54/16 42/55/16
f 37/56/17 41/57/17 40/54/17 39/53/17
f 38/58/18 42/55/18 40/54/18 41/57/18
f 43/59/19 46/60/19 47/61/19 49/62/19
f 44/63/20 48/64/20 47/61/20 46/60/20
f 45/65/21 49/62/21 47/61/21 48/64/21
f 50/66/22 53/67/22 54/68/22 56/69/22
f 51/70/23 55/71/23 54/68/23 53/67/23
f 52/72/24 56/69/24 54/68/24 55/71/24
f 15/25/25 1/1/25 7/4/25 18/26/25
f 18/32/26 7/10/26 3/9/26 16/29/26
f 2/5/27 8/13/27 14/16/27 6/6/27
f 6/12/28 14/22/28 10/21/28 3/9/28
f 9/17/29 22/35/29 28/38/29 13/18/29
f 13/24/30 28/44/30 24/43/30 10/21/30
f 23/39/31 17/33/31 20/30/31 27/40/31
f 27/40/32 20/30/32 16/29/32 24/43/32
f 43/59/33 15/25/33 21/28/33 46/60/33
f 46/60/34 21/34/34 17/33/34 44/63/34
f 22/35/35 50/66/35 56/69/35 25/36/35
f 25/42/36 56/69/36 52/72/36 23/39/36
f 51/70/37 45/65/37 48/64/37 55/71/37
f 55/71/38 48/64/38 44/63/38 52/72/38
f 29/45/39 43/59/39 49/62/39 32/46/39
f 32/46/40 49/62/40 45/65/40 30/49/40
f 50/66/41 36/52/41 42/55/41 53/67/41
f 53/67/42 42/55/42 38/58/42 51/70/42
f 37/56/43 31/51/43 34/50/43 41/57/43
f 41/57/44 34/50/44 30/49/44 38/58/44
f 1/1/45 29/45/45 35/48/45 4/2/45
f 4/8/46 35/48/46 31/51/46 2/5/46
f 36/52/47 9/17/47 11/20/47 39/53/47
f 39/53/48 11/14/48 8/13/48 37/56/48
f 15/25/49 43/59/49 29/45/49 1/1/49
f 3/9/50 10/21/50 24/43/50 16/29/50
f 31/51/51 37/56/51 8/13/51 2/5/51
f 50/66/52 22/35/52 9/17/52 36/52/52
f 17/33/53 23/39/53 52/72/53 44/63/53
f 45/65/54 51/70/54 38/58/54 30/49/54
o Back_Wall
v -1.585000 0.000000 -5.155000
v -1.585000 0.015000 -5.140000
v -1.600000 0.015000 -5.155000
v -1.585000 0.004393 -5.144393
v -1.593660 0.006340 -5.146339
v -1.595607 0.015000 -5.144393
v -1.595607 0.004393 -5.155000
v -1.585000 2.235000 -5.140000
v -1.585000 2.250000 -5.155000
v -1.600000 2.235000 -5.155000
v -1.585000 2.245607 -5.144393
v -1.593660 2.243660 -5.146339
v -1.595607 2.245607 -5.155000
v -1.595607 2.235000 -5.144393
v -1.585000 0.000000 -5.245000
v -1.600000 0.015000 -5.245000
v -1.585000 0.015000 -5.260000
v -1.595607 0.004393 -5.245000
v -1.593660 0.006340 -5.253660
v -1.595607 0.015000 -5.255606
v -1.585000 0.004393 -5.255606
v -1.585000 2.250000 -5.245000
v -1.585000 2.235000 -5.260000
v -1.600000 2.235000 -5.245000
v -1.585000 2.245607 -5.255606
v -1.593660 2.243660 -5.253660
v -1.595607 2.235000 -5.255606
v -1.595607 2.245607 -5.245000
v 1.585000 0.000000 -5.155000
v 1.600000 0.015000 -5.155000
v 1.585000 0.015000 -5.140000
v 1.595607 0.004393 -5.155000
v 1.593660 0.006340 -5.146339
v 1.595607 0.015000 -5.144393
v 1.585000 0.004393 -5.144393
v 1.585000 2.250000 -5.155000
v 1.585000 2.235000 -5.140000
v 1.600000 2.235000 -5.155000
v 1.585000 2.245607 -5.144393
v 1.593660 2.243660 -5.146339
v 1.595607 2.235000 -5.144393
v 1.595607 2.245607 -5.155000
v 1.585000 0.000000 -5.245000
v 1.585000 0.015000 -5.260000
v 1.600000 0.015000 -5.245000
v 1.585000 0.004393 -5.255606
v 1.593660 0.006340 -5.253660
v 1.595607 0.015000 -5.255606
v 1.595607 0.004393 -5.245000
v 1.585000 2.250000 -5.245000
v 1.600000 2.235000 -5.245000
v 1.585000 2.235000 -5.260000
v 1.595607 2.245607 -5.245000
v 1.593660 2.243660 -5.253660
v 1.595607 2.235000 -5.255606
v 1.585000 2.245607 -5.255606
vn -0.3251 -0.8881 0.3251
vn -0.3251 -0.3251 0.8881
vn -0.8881 -0.3251 0.3251
vn -0.3251 0.3251 0.8881
vn -0.3251 0.8881 0.3251
vn -0.8881 0.3251 0.3251
vn -0.3251 -0.8881 -0.3251
vn -0.8881 -0.3251 -0.3251
vn -0.3251 -0.3251 -0.8881
vn -0.3251 0.8881 -0.3251
vn -0.3251 0.3251 -0.8881
vn -0.8881 0.3251 -0.3251
vn 0.3251 -0.8881 0.3251
vn 0.8881 -0.3251 0.3251
vn 0.3251 -0.3251 0.8881
vn 0.3251 0.8881 0.3251
vn 0.3251 0.3251 0.8881
vn 0.8881 0.3251 0.3251
vn 0.3251 -0.8881 -0.3251
vn 0.3251 -0.3251 -0.8881
vn 0.8881 -0.3251 -0.3251
vn 0.3251 0.8881 -0.3251
vn 0.8881 0.3251 -0.3251
vn 0.3251 0.3251 -0.8881
vn -0.3827 -0.9239 -0.0000
vn -0.9239 -0.3827 -0.0000
vn -0.3827 -0.0000 0.9239
vn -0.9239 -0.0000 0.3827
vn -0.3827 0.9239 -0.0000
vn -0.9239 0.3827 -0.0000
vn -0.3827 -0.0000 -0.9239
vn -0.9239 -0.0000 -0.3827
vn -0.0000 -0.9239 -0.3827
vn -0.0000 -0.3827 -0.9239
vn -0.0000 0.9239 -0.3827
vn -0.0000 0.3827 -0.9239
vn 0.9239 -0.0000 -0.3827
vn 0.3827 -0.0000 -0.9239
vn 0.3827 -0.9239 -0.0000
vn 0.9239 -0.3827 -0.0000
vn 0.3827 0.9239 -0.0000
vn 0.9239 0.3827 -0.0000
vn 0.3827 -0.0000 0.9239
vn 0.9239 -0.0000 0.3827
vn -0.0000 -0.9239 0.3827
vn -0.0000 -0.3827 0.9239
vn -0.0000 0.9239 0.3827
vn -0.0000 0.3827 0.9239
vn -0.0000 -1.0000 -0.0000
vn -1.0000 -0.0000 -0.0000
vn -0.0000 -0.0000 1.0000
vn -0.0000 1.0000 -0.0000
vn -0.0000 -0.0000 -1.0000
vn 1.0000 -0.0000 -0.0000
vt 0.126172 0.718750
vt 0.126172 0.750000
vt 0.125495 0.750000
vt 0.125000 0.718750
vt 0.376667 0.998828
vt 0.376667 1.000000
vt 0.375704 1.000000
vt 0.375000 0.998828
vt 0.376667 0.031250
vt 0.375000 0.031250
vt 0.375000 0.013208
vt 0.376667 0.000000
vt 0.623333 0.998828
vt 0.625000 0.998828
vt 0.625000 0.999505
vt 0.623333 1.000000
vt 0.873828 0.718750
vt 0.875000 0.718750
vt 0.875000 0.736792
vt 0.873828 0.750000
vt 0.623333 0.031250
vt 0.623333 0.000000
vt 0.624296 0.000000
vt 0.625000 0.031250
vt 0.126172 0.531250
vt 0.125000 0.531250
vt 0.125000 0.513208
vt 0.126172 0.500000
vt 0.376667 0.218750
vt 0.376667 0.250000
vt 0.375352 0.250248
vt 0.375000 0.218750
vt 0.376667 0.251172
vt 0.375000 0.251172
vt 0.873828 0.531250
vt 0.873828 0.500000
vt 0.874505 0.500000
vt 0.875000 0.531250
vt 0.623333 0.251172
vt 0.623333 0.250000
vt 0.624648 0.243396
vt 0.625000 0.251172
vt 0.623333 0.218750
vt 0.625000 0.218750
vt 0.373828 0.718750
vt 0.375000 0.718750
vt 0.375235 0.745762
vt 0.374414 0.750586
vt 0.376667 0.718750
vt 0.376667 0.750000
vt 0.376667 0.751172
vt 0.626172 0.718750
vt 0.625586 0.750586
vt 0.624930 0.745597
vt 0.625000 0.718750
vt 0.623333 0.751172
vt 0.623333 0.750000
vt 0.623333 0.718750
vt 0.373828 0.531250
vt 0.374414 0.499414
vt 0.375070 0.504403
vt 0.375000 0.531250
vt 0.376667 0.498828
vt 0.376667 0.500000
vt 0.376667 0.531250
vt 0.626172 0.531250
vt 0.625000 0.531250
vt 0.624765 0.504237
vt 0.625586 0.499414
vt 0.623333 0.531250
vt 0.623333 0.500000
vt 0.623333 0.498828
s 0
usemtl Warm_Wall
f 57/73/55 60/74/55 61/75/55 63/76/55
f 58/77/56 62/78/56 61/79/56 60/80/56
f 59/81/57 63/82/57 61/83/57 62/84/57
f 64/85/58 67/86/58 68/87/58 70/88/58
f 65/89/59 69/90/59 68/91/59 67/92/59
f 66/93/60 70/94/60 68/95/60 69/96/60
f 71/97/61 74/98/61 75/99/61 77/100/61
f 72/101/62 76/102/62 75/103/62 74/104/62
f 73/105/63 77/106/63 75/103/63 76/102/63
f 78/107/64 81/108/64 82/109/64 84/110/64
f 79/111/65 83/112/65 82/113/65 81/114/65
f 80/115/66 84/116/66 82/113/66 83/112/66
f 85/117/67 88/118/67 89/119/67 91/120/67
f 86/121/68 90/122/68 89/119/68 88/118/68
f 87/123/69 91/120/69 89/119/69 90/122/69
f 92/124/70 95/125/70 96/126/70 98/127/70
f 93/128/71 97/129/71 96/126/71 95/125/71
f 94/130/72 98/127/72 96/126/72 97/129/72
f 99/131/73 102/132/73 103/133/73 105/134/73
f 100/135/74 104/136/74 103/133/74 102/132/74
f 101/137/75 105/134/75 103/133/75 104/136/75
f 106/138/76 109/139/76 110/140/76 112/141/76
f 107/142/77 111/143/77 110/140/77 109/139/77
f 108/144/78 112/141/78 110/140/78 111/143/78
f 71/97/79 57/73/79 63/76/79 74/98/79
f 74/104/80 63/82/80 59/81/80 72/101/80
f 58/77/81 64/85/81 70/88/81 62/78/81
f 62/84/82 70/94/82 66/93/82 59/81/82
f 65/89/83 78/107/83 84/110/83 69/90/83
f 69/96/84 84/116/84 80/115/84 66/93/84
f 79/111/85 73/105/85 76/102/85 83/112/85
f 83/112/86 76/102/86 72/101/86 80/115/86
f 99/131/87 71/97/87 77/100/87 102/132/87
f 102/132/88 77/106/88 73/105/88 100/135/88
f 78/107/89 106/138/89 112/141/89 81/108/89
f 81/114/90 112/141/90 108/144/90 79/111/90
f 107/142/91 101/137/91 104/136/91 111/143/91
f 111/143/92 104/136/92 100/135/92 108/144/92
f 85/117/93 99/131/93 105/134/93 88/118/93
f 88/118/94 105/134/94 101/137/94 86/121/94
f 106/138/95 92/124/95 98/127/95 109/139/95
f 109/139/96 98/127/96 94/130/96 107/142/96
f 93/128/97 87/123/97 90/122/97 97/129/97
f 97/129/98 90/122/98 86/121/98 94/130/98
f 57/73/99 85/117/99 91/120/99 60/74/99
f 60/80/100 91/120/100 87/123/100 58/77/100
f 92/124/101 65/89/101 67/92/101 95/125/101
f 95/125/102 67/86/102 64/85/102 93/128/102
f 71/97/103 99/131/103 85/117/103 57/73/103
f 59/81/104 66/93/104 80/115/104 72/101/104
f 87/123/105 93/128/105 64/85/105 58/77/105
f 106/138/106 78/107/106 65/89/106 92/124/106
f 73/105/107 79/111/107 108/144/107 100/135/107
f 101/137/108 107/142/108 94/130/108 86/121/108
o Left_Wall
v -1.645000 0.000000 -0.015000
v -1.645000 0.015000 0.000000
v -1.660000 0.015000 -0.015000
v -1.645000 0.004393 -0.004393
v -1.653660 0.006340 -0.006340
v -1.655607 0.015000 -0.004393
v -1.655607 0.004393 -0.015000
v -1.645000 2.235000 0.000000
v -1.645000 2.250000 -0.015000
v -1.660000 2.235000 -0.015000
v -1.645000 2.245607 -0.004393
v -1.653660 2.243660 -0.006340
v -1.655607 2.245607 -0.015000
v -1.655607 2.235000 -0.004393
v -1.645000 0.000000 -5.184999
v -1.660000 0.015000 -5.184999
v -1.645000 0.015000 -5.200000
v -1.655607 0.004393 -5.184999
v -1.653660 0.006340 -5.193660
v -1.655607 0.015000 -5.195606
v -1.645000 0.004393 -5.195606
v -1.645000 2.250000 -5.184999
v -1.645000 2.235000 -5.200000
v -1.660000 2.235000 -5.184999
v -1.645000 2.245607 -5.195606
v -1.653660 2.243660 -5.193660
v -1.655607 2.235000 -5.195606
v -1.655607 2.245607 -5.184999
v -1.555000 0.000000 -0.015000
v -1.540000 0.015000 -0.015000
v -1.555000 0.015000 0.000000
v -1.544393 0.004393 -0.015000
v -1.546340 0.006340 -0.006340
v -1.544393 0.015000 -0.004393
v -1.555000 0.004393 -0.004393
v -1.555000 2.250000 -0.015000
v -1.555000 2.235000 0.000000
v -1.540000 2.235000 -0.015000
v -1.555000 2.245607 -0.004393
v -1.546340 2.243660 -0.006340
v -1.544393 2.235000 -0.004393
v -1.544393 2.245607 -0.015000
v -1.555000 0.000000 -5.184999
v -1.555000 0.015000 -5.200000
v -1.540000 0.015000 -5.184999
v -1.555000 0.004393 -5.195606
v -1.546340 0.006340 -5.193660
v -1.544393 0.015000 -5.195606
v -1.544393 0.004393 -5.184999
v -1.555000 2.250000 -5.184999
v -1.540000 2.235000 -5.184999
v -1.555000 2.235000 -5.200000
v -1.544393 2.245607 -5.184999
v -1.546340 2.243660 -5.193660
v -1.544393 2.235000 -5.195606
v -1.555000 2.245607 -5.195606
vn -0.3251 -0.8881 0.3251
vn -0.3251 -0.3250 0.8881
vn -0.8881 -0.3251 0.3251
vn -0.3251 0.3251 0.8881
vn -0.3251 0.8881 0.3251
vn -0.8881 0.3251 0.3251
vn -0.3251 -0.8881 -0.3251
vn -0.8881 -0.3251 -0.3251
vn -0.3251 -0.3251 -0.8881
vn -0.3251 0.8881 -0.3251
vn -0.3251 0.3250 -0.8881
vn -0.8881 0.3251 -0.3251
vn 0.3251 -0.8881 0.3251
vn 0.8881 -0.3251 0.3251
vn 0.3251 -0.3251 0.8881
vn 0.3251 0.8881 0.3251
vn 0.3251 0.3250 0.8881
vn 0.8881 0.3251 0.3251
vn 0.3251 -0.8881 -0.3251
vn 0.3251 -0.3250 -0.8881
vn 0.8881 -0.3251 -0.3251
vn 0.3251 0.8881 -0.3251
vn 0.8881 0.3251 -0.3251
vn 0.3251 0.3251 -0.8881
vn -0.3827 -0.9239 -0.0000
vn -0.9239 -0.3827 -0.0000
vn -0.3827 -0.0000 0.9239
vn -0.9239 -0.0000 0.3827
vn -0.3827 0.9239 -0.0000
vn -0.9239 0.3827 -0.0000
vn -0.3827 -0.0000 -0.9239
vn -0.9239 -0.0000 -0.3827
vn -0.0000 -0.9239 -0.3827
vn -0.0000 -0.3827 -0.9239
vn -0.0000 0.9239 -0.3827
vn -0.0000 0.3827 -0.9239
vn 0.9239 -0.0000 -0.3827
vn 0.3827 -0.0000 -0.9239
vn 0.3827 -0.9239 -0.0000
vn 0.9239 -0.3827 -0.0000
vn 0.3827 0.9239 -0.0000
vn 0.9239 0.3827 -0.0000
vn 0.3827 -0.0000 0.9239
vn 0.9239 -0.0000 0.3827
vn -0.0000 -0.9239 0.3827
vn -0.0000 -0.3827 0.9239
vn -0.0000 0.9239 0.3827
vn -0.0000 0.3827 0.9239
vn -0.0000 -1.0000 -0.0000
vn -1.0000 -0.0000 -0.0000
vn -0.0000 -0.0000 1.0000
vn -0.0000 1.0000 -0.0000
vn -0.0000 -0.0000 -1.0000
vn 1.0000 -0.0000 -0.0000
vt 0.156250 0.749279
vt 0.156250 0.750000
vt 0.138208 0.750000
vt 0.125000 0.749279
vt 0.376667 0.968750
vt 0.376667 1.000000
vt 0.375704 1.000000
vt 0.375000 0.968750
vt 0.376667 0.000721
vt 0.375000 0.000721
vt 0.375000 0.000305
vt 0.376667 0.000000
vt 0.623333 0.968750
vt 0.625000 0.968750
vt 0.625000 0.986792
vt 0.623333 1.000000
vt 0.843750 0.749279
vt 0.875000 0.749279
vt 0.875000 0.749695
vt 0.843750 0.750000
vt 0.623333 0.000721
vt 0.623333 0.000000
vt 0.624296 0.000000
vt 0.625000 0.000721
vt 0.156250 0.500721
vt 0.125000 0.500721
vt 0.125000 0.500305
vt 0.156250 0.500000
vt 0.376667 0.249279
vt 0.376667 0.250000
vt 0.375352 0.256604
vt 0.375000 0.249279
vt 0.376667 0.281250
vt 0.375000 0.281250
vt 0.843750 0.500721
vt 0.843750 0.500000
vt 0.861792 0.500000
vt 0.875000 0.500721
vt 0.623333 0.281250
vt 0.623333 0.250000
vt 0.624648 0.249848
vt 0.625000 0.281250
vt 0.623333 0.249279
vt 0.625000 0.249279
vt 0.343750 0.749279
vt 0.375000 0.749279
vt 0.375235 0.754301
vt 0.359375 0.765625
vt 0.376667 0.749279
vt 0.376667 0.750000
vt 0.376667 0.781250
vt 0.656250 0.749279
vt 0.640625 0.765625
vt 0.629168 0.749898
vt 0.625000 0.749279
vt 0.623333 0.781250
vt 0.623333 0.750000
vt 0.623333 0.749279
vt 0.343750 0.500721
vt 0.359375 0.484375
vt 0.370832 0.500102
vt 0.375000 0.500721
vt 0.376667 0.468750
vt 0.376667 0.500000
vt 0.376667 0.500721
vt 0.656250 0.500721
vt 0.625000 0.500721
vt 0.624765 0.495699
vt 0.640625 0.484375
vt 0.623333 0.500721
vt 0.623333 0.500000
vt 0.623333 0.468750
s 0
usemtl Warm_Wall
f 113/145/109 116/146/109 117/147/109 119/148/109
f 114/149/110 118/150/110 117/151/110 116/152/110
f 115/153/111 119/154/111 117/155/111 118/156/111
f 120/157/112 123/158/112 124/159/112 126/160/112
f 121/161/113 125/162/113 124/163/113 123/164/113
f 122/165/114 126/166/114 124/167/114 125/168/114
f 127/169/115 130/170/115 131/171/115 133/172/115
f 128/173/116 132/174/116 131/175/116 130/176/116
f 129/177/117 133/178/117 131/175/117 132/174/117
f 134/179/118 137/180/118 138/181/118 140/182/118
f 135/183/119 139/184/119 138/185/119 137/186/119
f 136/187/120 140/188/120 138/185/120 139/184/120
f 141/189/121 144/190/121 145/191/121 147/192/121
f 142/193/122 146/194/122 145/191/122 144/190/122
f 143/195/123 147/192/123 145/191/123 146/194/123
f 148/196/124 151/197/124 152/198/124 154/199/124
f 149/200/125 153/201/125 152/198/125 151/197/125
f 150/202/126 154/199/126 152/198/126 153/201/126
f 155/203/127 158/204/127 159/205/127 161/206/127
f 156/207/128 160/208/128 159/205/128 158/204/128
f 157/209/129 161/206/129 159/205/129 160/208/129
f 162/210/130 165/211/130 166/212/130 168/213/130
f 163/214/131 167/215/131 166/212/131 165/211/131
f 164/216/132 168/213/132 166/212/132 167/215/132
f 127/169/133 113/145/133 119/148/133 130/170/133
f 130/176/134 119/154/134 115/153/134 128/173/134
f 114/149/135 120/157/135 126/160/135 118/150/135
f 118/156/136 126/166/136 122/165/136 115/153/136
f 121/161/137 134/179/137 140/182/137 125/162/137
f 125/168/138 140/188/138 136/187/138 122/165/138
f 135/183/139 129/177/139 132/174/139 139/184/139
f 139/184/140 132/174/140 128/173/140 136/187/140
f 155/203/141 127/169/141 133/172/141 158/204/141
f 158/204/142 133/178/142 129/177/142 156/207/142
f 134/179/143 162/210/143 168/213/143 137/180/143
f 137/186/144 168/213/144 164/216/144 135/183/144
f 163/214/145 157/209/145 160/208/145 167/215/145
f 167/215/146 160/208/146 156/207/146 164/216/146
f 141/189/147 155/203/147 161/206/147 144/190/147
f 144/190/148 161/206/148 157/209/148 142/193/148
f 162/210/149 148/196/149 154/199/149 165/211/149
f 165/211/150 154/199/150 150/202/150 163/214/150
f 149/200/151 143/195/151 146/194/151 153/201/151
f 153/201/152 146/194/152 142/193/152 150/202/152
f 113/145/153 141/189/153 147/192/153 116/146/153
f 116/152/154 147/192/154 143/195/154 114/149/154
f 148/196/155 121/161/155 123/164/155 151/197/155
f 151/197/156 123/158/156 120/157/156 149/200/156
f 127/169/157 155/203/157 141/189/157 113/145/157
f 115/153/158 122/165/158 136/187/158 128/173/158
f 143/195/159 149/200/159 120/157/159 114/149/159
f 162/210/160 134/179/160 121/161/160 148/196/160
f 129/177/161 135/183/161 164/216/161 156/207/161
f 157/209/162 163/214/162 150/202/162 142/193/162
o Right_Wall
v 1.555000 0.000000 -0.015000
v 1.555000 0.015000 0.000000
v 1.540000 0.015000 -0.015000
v 1.555000 0.004393 -0.004393
v 1.546340 0.006340 -0.006340
v 1.544393 0.015000 -0.004393
v 1.544393 0.004393 -0.015000
v 1.555000 2.235000 0.000000
v 1.555000 2.250000 -0.015000
v 1.540000 2.235000 -0.015000
v 1.555000 2.245607 -0.004393
v 1.546340 2.243660 -0.006340
v 1.544393 2.245607 -0.015000
v 1.544393 2.235000 -0.004393
v 1.555000 0.000000 -5.184999
v 1.540000 0.015000 -5.184999
v 1.555000 0.015000 -5.200000
v 1.544393 0.004393 -5.184999
v 1.546340 0.006340 -5.193660
v 1.544393 0.015000 -5.195606
v 1.555000 0.004393 -5.195606
v 1.555000 2.250000 -5.184999
v 1.555000 2.235000 -5.200000
v 1.540000 2.235000 -5.184999
v 1.555000 2.245607 -5.195606
v 1.546340 2.243660 -5.193660
v 1.544393 2.235000 -5.195606
v 1.544393 2.245607 -5.184999
v 1.645000 0.000000 -0.015000
v 1.660000 0.015000 -0.015000
v 1.645000 0.015000 0.000000
v 1.655607 0.004393 -0.015000
v 1.653660 0.006340 -0.006340
v 1.655607 0.015000 -0.004393
v 1.645000 0.004393 -0.004393
v 1.645000 2.250000 -0.015000
v 1.645000 2.235000 0.000000
v 1.660000 2.235000 -0.015000
v 1.645000 2.245607 -0.004393
v 1.653660 2.243660 -0.006340
v 1.655607 2.235000 -0.004393
v 1.655607 2.245607 -0.015000
v 1.645000 0.000000 -5.184999
v 1.645000 0.015000 -5.200000
v 1.660000 0.015000 -5.184999
v 1.645000 0.004393 -5.195606
v 1.653660 0.006340 -5.193660
v 1.655607 0.015000 -5.195606
v 1.655607 0.004393 -5.184999
v 1.645000 2.250000 -5.184999
v 1.660000 2.235000 -5.184999
v 1.645000 2.235000 -5.200000
v 1.655607 2.245607 -5.184999
v 1.653660 2.243660 -5.193660
v 1.655607 2.235000 -5.195606
v 1.645000 2.245607 -5.195606
vn -0.3251 -0.8881 0.3251
vn -0.3251 -0.3250 0.8881
vn -0.8881 -0.3251 0.3251
vn -0.3251 0.3251 0.8881
vn -0.3251 0.8881 0.3251
vn -0.8881 0.3251 0.3251
vn -0.3251 -0.8881 -0.3251
vn -0.8881 -0.3251 -0.3251
vn -0.3251 -0.3251 -0.8881
vn -0.3251 0.8881 -0.3251
vn -0.3251 0.3250 -0.8881
vn -0.8881 0.3251 -0.3251
vn 0.3251 -0.8881 0.3251
vn 0.8881 -0.3251 0.3251
vn 0.3251 -0.3251 0.8881
vn 0.3251 0.8881 0.3251
vn 0.3251 0.3250 0.8881
vn 0.8881 0.3251 0.3251
vn 0.3251 -0.8881 -0.3251
vn 0.3251 -0.3250 -0.8881
vn 0.8881 -0.3251 -0.3251
vn 0.3251 0.8881 -0.3251
vn 0.8881 0.3251 -0.3251
vn 0.3251 0.3251 -0.8881
vn -0.3827 -0.9239 -0.0000
vn -0.9239 -0.3827 -0.0000
vn -0.3827 -0.0000 0.9239
vn -0.9239 -0.0000 0.3827
vn -0.3827 0.9239 -0.0000
vn -0.9239 0.3827 -0.0000
vn -0.3827 -0.0000 -0.9239
vn -0.9239 -0.0000 -0.3827
vn -0.0000 -0.9239 -0.3827
vn -0.0000 -0.3827 -0.9239
vn -0.0000 0.9239 -0.3827
vn -0.0000 0.3827 -0.9239
vn 0.9239 -0.0000 -0.3827
vn 0.3827 -0.0000 -0.9239
vn 0.3827 -0.9239 -0.0000
vn 0.9239 -0.3827 -0.0000
vn 0.3827 0.9239 -0.0000
vn 0.9239 0.3827 -0.0000
vn 0.3827 -0.0000 0.9239
vn 0.9239 -0.0000 0.3827
vn -0.0000 -0.9239 0.3827
vn -0.0000 -0.3827 0.9239
vn -0.0000 0.9239 0.3827
vn -0.0000 0.3827 0.9239
vn -0.0000 -1.0000 -0.0000
vn -1.0000 -0.0000 -0.0000
vn -0.0000 -0.0000 1.0000
vn -0.0000 1.0000 -0.0000
vn -0.0000 -0.0000 -1.0000
vn 1.0000 -0.0000 -0.0000
vt 0.156250 0.749279
vt 0.156250 0.750000
vt 0.138208 0.750000
vt 0.125000 0.749279
vt 0.376667 0.968750
vt 0.376667 1.000000
vt 0.375704 1.000000
vt 0.375000 0.968750
vt 0.376667 0.000721
vt 0.375000 0.000721
vt 0.375000 0.000305
vt 0.376667 0.000000
vt 0.623333 0.968750
vt 0.625000 0.968750
vt 0.625000 0.986792
vt 0.623333 1.000000
vt 0.843750 0.749279
vt 0.875000 0.749279
vt 0.875000 0.749695
vt 0.843750 0.750000
vt 0.623333 0.000721
vt 0.623333 0.000000
vt 0.624296 0.000000
vt 0.625000 0.000721
vt 0.156250 0.500721
vt 0.125000 0.500721
vt 0.125000 0.500305
vt 0.156250 0.500000
vt 0.376667 0.249279
vt 0.376667 0.250000
vt 0.375352 0.256604
vt 0.375000 0.249279
vt 0.376667 0.281250
vt 0.375000 0.281250
vt 0.843750 0.500721
vt 0.843750 0.500000
vt 0.861792 0.500000
vt 0.875000 0.500721
vt 0.623333 0.281250
vt 0.623333 0.250000
vt 0.624648 0.249848
vt 0.625000 0.281250
vt 0.623333 0.249279
vt 0.625000 0.249279
vt 0.343750 0.749279
vt 0.375000 0.749279
vt 0.375235 0.754301
vt 0.359375 0.765625
vt 0.376667 0.749279
vt 0.376667 0.750000
vt 0.376667 0.781250
vt 0.656250 0.749279
vt 0.640625 0.765625
vt 0.629168 0.749898
vt 0.625000 0.749279
vt 0.623333 0.781250
vt 0.623333 0.750000
vt 0.623333 0.749279
vt 0.343750 0.500721
vt 0.359375 0.484375
vt 0.370832 0.500102
vt 0.375000 0.500721
vt 0.376667 0.468750
vt 0.376667 0.500000
vt 0.376667 0.500721
vt 0.656250 0.500721
vt 0.625000 0.500721
vt 0.624765 0.495699
vt 0.640625 0.484375
vt 0.623333 0.500721
vt 0.623333 0.500000
vt 0.623333 0.468750
s 0
usemtl Warm_Wall
f 169/217/163 172/218/163 173/219/163 175/220/163
f 170/221/164 174/222/164 173/223/164 172/224/164
f 171/225/165 175/226/165 173/227/165 174/228/165
f 176/229/166 179/230/166 180/231/166 182/232/166
f 177/233/167 181/234/167 180/235/167 179/236/167
f 178/237/168 182/238/168 180/239/168 181/240/168
f 183/241/169 186/242/169 187/243/169 189/244/169
f 184/245/170 188/246/170 187/247/170 186/248/170
f 185/249/171 189/250/171 187/247/171 188/246/171
f 190/251/172 193/252/172 194/253/172 196/254/172
f 191/255/173 195/256/173 194/257/173 193/258/173
f 192/259/174 196/260/174 194/257/174 195/256/174
f 197/261/175 200/262/175 201/263/175 203/264/175
f 198/265/176 202/266/176 201/263/176 200/262/176
f 199/267/177 203/264/177 201/263/177 202/266/177
f 204/268/178 207/269/178 208/270/178 210/271/178
f 205/272/179 209/273/179 208/270/179 207/269/179
f 206/274/180 210/271/180 208/270/180 209/273/180
f 211/275/181 214/276/181 215/277/181 217/278/181
f 212/279/182 216/280/182 215/277/182 214/276/182
f 213/281/183 217/278/183 215/277/183 216/280/183
f 218/282/184 221/283/184 222/284/184 224/285/184
f 219/286/185 223/287/185 222/284/185 221/283/185
f 220/288/186 224/285/186 222/284/186 223/287/186
f 183/241/187 169/217/187 175/220/187 186/242/187
f 186/248/188 175/226/188 171/225/188 184/245/188
f 170/221/189 176/229/189 182/232/189 174/222/189
f 174/228/190 182/238/190 178/237/190 171/225/190
f 177/233/191 190/251/191 196/254/191 181/234/191
f 181/240/192 196/260/192 192/259/192 178/237/192
f 191/255/193 185/249/193 188/246/193 195/256/193
f 195/256/194 188/246/194 184/245/194 192/259/194
f 211/275/195 183/241/195 189/244/195 214/276/195
f 214/276/196 189/250/196 185/249/196 212/279/196
f 190/251/197 218/282/197 224/285/197 193/252/197
f 193/258/198 224/285/198 220/288/198 191/255/198
f 219/286/199 213/281/199 216/280/199 223/287/199
f 223/287/200 216/280/200 212/279/200 220/288/200
f 197/261/201 211/275/201 217/278/201 200/262/201
f 200/262/202 217/278/202 213/281/202 198/265/202
f 218/282/203 204/268/203 210/271/203 221/283/203
f 221/283/204 210/271/204 206/274/204 219/286/204
f 205/272/205 199/267/205 202/266/205 209/273/205
f 209/273/206 202/266/206 198/265/206 206/274/206
f 169/217/207 197/261/207 203/264/207 172/218/207
f 172/224/208 203/264/208 199/267/208 170/221/208
f 204/268/209 177/233/209 179/236/209 207/269/209
f 207/269/210 179/230/210 176/229/210 205/272/210
f 183/241/211 211/275/211 197/261/211 169/217/211
f 171/225/212 178/237/212 192/259/212 184/245/212
f 199/267/213 205/272/213 176/229/213 170/221/213
f 218/282/214 190/251/214 177/233/214 204/268/214
f 185/249/215 191/255/215 220/288/215 212/279/215
f 213/281/216 219/286/216 206/274/216 198/265/216
o Left_Sloped_Ceiling
v -1.572812 2.217049 -0.015000
v -1.577688 2.231234 0.000000
v -1.591873 2.226358 -0.015000
v -1.574240 2.221204 -0.004393
v -1.583062 2.220229 -0.006340
v -1.587718 2.227786 -0.004393
v -1.584270 2.217756 -0.015000
v -1.593942 2.278518 0.000000
v -1.598818 2.292704 -0.015000
v -1.608127 2.273642 -0.015000
v -1.597390 2.288549 -0.004393
v -1.604947 2.283893 -0.006340
v -1.607420 2.285101 -0.015000
v -1.603972 2.275070 -0.004393
v -1.572812 2.217049 -5.184999
v -1.591873 2.226358 -5.184999
v -1.577688 2.231234 -5.200000
v -1.584270 2.217756 -5.184999
v -1.583062 2.220229 -5.193660
v -1.587718 2.227786 -5.195606
v -1.574240 2.221204 -5.195606
v -1.598818 2.292704 -5.184999
v -1.593942 2.278518 -5.200000
v -1.608127 2.273642 -5.184999
v -1.597390 2.288549 -5.195606
v -1.604947 2.283893 -5.193660
v -1.603972 2.275070 -5.195606
v -1.607420 2.285101 -5.184999
v -0.001182 2.757297 -0.015000
v 0.008127 2.776358 -0.015000
v -0.006058 2.771482 0.000000
v 0.007420 2.764899 -0.015000
v 0.004947 2.766107 -0.006340
v 0.003972 2.774930 -0.004393
v -0.002610 2.761451 -0.004393
v -0.027188 2.832951 -0.015000
v -0.022312 2.818766 0.000000
v -0.008127 2.823642 -0.015000
v -0.025760 2.828797 -0.004393
v -0.016938 2.829771 -0.006340
v -0.012282 2.822214 -0.004393
v -0.015730 2.832245 -0.015000
v -0.001182 2.757297 -5.184999
v -0.006058 2.771482 -5.200000
v 0.008127 2.776358 -5.184999
v -0.002610 2.761451 -5.195606
v 0.004947 2.766107 -5.193660
v 0.003972 2.774930 -5.195606
v 0.007420 2.764899 -5.184999
v -0.027188 2.832951 -5.184999
v -0.008127 2.823642 -5.184999
v -0.022312 2.818766 -5.200000
v -0.015730 2.832245 -5.184999
v -0.016938 2.829771 -5.193660
v -0.012282 2.822214 -5.195606
v -0.025760 2.828797 -5.195606
vn -0.0187 -0.9455 0.3251
vn -0.2017 -0.4131 0.8881
vn -0.7342 -0.5961 0.3251
vn -0.4131 0.2017 0.8881
vn -0.5961 0.7342 0.3251
vn -0.9455 0.0187 0.3251
vn -0.0187 -0.9455 -0.3251
vn -0.7342 -0.5961 -0.3251
vn -0.2017 -0.4131 -0.8881
vn -0.5961 0.7342 -0.3251
vn -0.4131 0.2017 -0.8881
vn -0.9455 0.0187 -0.3251
vn 0.5961 -0.7342 0.3251
vn 0.9455 -0.0187 0.3251
vn 0.4131 -0.2017 0.8881
vn 0.0187 0.9455 0.3251
vn 0.2017 0.4131 0.8881
vn 0.7342 0.5961 0.3251
vn 0.5961 -0.7342 -0.3251
vn 0.4131 -0.2017 -0.8881
vn 0.9455 -0.0187 -0.3251
vn 0.0187 0.9455 -0.3251
vn 0.7342 0.5961 -0.3251
vn 0.2017 0.4131 -0.8881
vn -0.0616 -0.9981 -0.0000
vn -0.7493 -0.6622 -0.0000
vn -0.3619 -0.1244 0.9239
vn -0.8737 -0.3003 0.3827
vn -0.6622 0.7493 -0.0000
vn -0.9981 0.0616 -0.0000
vn -0.3619 -0.1244 -0.9239
vn -0.8737 -0.3003 -0.3827
vn 0.3003 -0.8737 -0.3827
vn 0.1244 -0.3619 -0.9239
vn -0.3003 0.8737 -0.3827
vn -0.1244 0.3619 -0.9239
vn 0.8737 0.3003 -0.3827
vn 0.3619 0.1244 -0.9239
vn 0.6622 -0.7493 -0.0000
vn 0.9981 -0.0616 -0.0000
vn 0.0616 0.9981 -0.0000
vn 0.7493 0.6622 -0.0000
vn 0.3619 0.1244 0.9239
vn 0.8737 0.3003 0.3827
vn 0.3003 -0.8737 0.3827
vn 0.1244 -0.3619 0.9239
vn -0.3003 0.8737 0.3827
vn -0.1244 0.3619 0.9239
vn 0.3251 -0.9457 -0.0000
vn -0.9457 -0.3251 -0.0000
vn -0.0000 -0.0000 1.0000
vn -0.3251 0.9457 -0.0000
vn -0.0000 -0.0000 -1.0000
vn 0.9457 0.3251 -0.0000
vt 0.127216 0.749279
vt 0.127216 0.750000
vt 0.125937 0.750000
vt 0.125000 0.749279
vt 0.421875 0.997784
vt 0.421875 1.000000
vt 0.394812 1.000000
vt 0.375000 0.997784
vt 0.421875 0.000721
vt 0.375000 0.000721
vt 0.375000 0.000305
vt 0.421875 0.000000
vt 0.578125 0.997784
vt 0.625000 0.997784
vt 0.625000 0.999063
vt 0.578125 1.000000
vt 0.872784 0.749279
vt 0.875000 0.749279
vt 0.875000 0.749695
vt 0.872784 0.750000
vt 0.578125 0.000721
vt 0.578125 0.000000
vt 0.605188 0.000000
vt 0.625000 0.000721
vt 0.127216 0.500721
vt 0.125000 0.500721
vt 0.125000 0.500305
vt 0.127216 0.500000
vt 0.421875 0.249279
vt 0.421875 0.250000
vt 0.384906 0.250468
vt 0.375000 0.249279
vt 0.421875 0.252216
vt 0.375000 0.252216
vt 0.872784 0.500721
vt 0.872784 0.500000
vt 0.874063 0.500000
vt 0.875000 0.500721
vt 0.578125 0.252216
vt 0.578125 0.250000
vt 0.615094 0.249848
vt 0.625000 0.252216
vt 0.578125 0.249279
vt 0.625000 0.249279
vt 0.372784 0.749279
vt 0.375000 0.749279
vt 0.381604 0.750211
vt 0.373892 0.751108
vt 0.421875 0.749279
vt 0.421875 0.750000
vt 0.421875 0.752216
vt 0.627216 0.749279
vt 0.626108 0.751108
vt 0.618708 0.749898
vt 0.625000 0.749279
vt 0.578125 0.752216
vt 0.578125 0.750000
vt 0.578125 0.749279
vt 0.372784 0.500721
vt 0.373892 0.498892
vt 0.381292 0.500102
vt 0.375000 0.500721
vt 0.421875 0.497784
vt 0.421875 0.500000
vt 0.421875 0.500721
vt 0.627216 0.500721
vt 0.625000 0.500721
vt 0.618396 0.499789
vt 0.626108 0.498892
vt 0.578125 0.500721
vt 0.578125 0.500000
vt 0.578125 0.497784
s 0
usemtl Warm_Wall
f 225/289/217 228/290/217 229/291/217 231/292/217
f 226/293/218 230/294/218 229/295/218 228/296/218
f 227/297/219 231/298/219 229/299/219 230/300/219
f 232/301/220 235/302/220 236/303/220 238/304/220
f 233/305/221 237/306/221 236/307/221 235/308/221
f 234/309/222 238/310/222 236/311/222 237/312/222
f 239/313/223 242/314/223 243/315/223 245/316/223
f 240/317/224 244/318/224 243/319/224 242/320/224
f 241/321/225 245/322/225 243/319/225 244/318/225
f 246/323/226 249/324/226 250/325/226 252/326/226
f 247/327/227 251/328/227 250/329/227 249/330/227
f 248/331/228 252/332/228 250/329/228 251/328/228
f 253/333/229 256/334/229 257/335/229 259/336/229
f 254/337/230 258/338/230 257/335/230 256/334/230
f 255/339/231 259/336/231 257/335/231 258/338/231
f 260/340/232 263/341/232 264/342/232 266/343/232
f 261/344/233 265/345/233 264/342/233 263/341/233
f 262/346/234 266/343/234 264/342/234 265/345/234
f 267/347/235 270/348/235 271/349/235 273/350/235
f 268/351/236 272/352/236 271/349/236 270/348/236
f 269/353/237 273/350/237 271/349/237 272/352/237
f 274/354/238 277/355/238 278/356/238 280/357/238
f 275/358/239 279/359/239 278/356/239 277/355/239
f 276/360/240 280/357/240 278/356/240 279/359/240
f 239/313/241 225/289/241 231/292/241 242/314/241
f 242/320/242 231/298/242 227/297/242 240/317/242
f 226/293/243 232/301/243 238/304/243 230/294/243
f 230/300/244 238/310/244 234/309/244 227/297/244
f 233/305/245 246/323/245 252/326/245 237/306/245
f 237/312/246 252/332/246 248/331/246 234/309/246
f 247/327/247 241/321/247 244/318/247 251/328/247
f 251/328/248 244/318/248 240/317/248 248/331/248
f 267/347/249 239/313/249 245/316/249 270/348/249
f 270/348/250 245/322/250 241/321/250 268/351/250
f 246/323/251 274/354/251 280/357/251 249/324/251
f 249/330/252 280/357/252 276/360/252 247/327/252
f 275/358/253 269/353/253 272/352/253 279/359/253
f 279/359/254 272/352/254 268/351/254 276/360/254
f 253/333/255 267/347/255 273/350/255 256/334/255
f 256/334/256 273/350/256 269/353/256 254/337/256
f 274/354/257 260/340/257 266/343/257 277/355/257
f 277/355/258 266/343/258 262/346/258 275/358/258
f 261/344/259 255/339/259 258/338/259 265/345/259
f 265/345/260 258/338/260 254/337/260 262/346/260
f 225/289/261 253/333/261 259/336/261 228/290/261
f 228/296/262 259/336/262 255/339/262 226/293/262
f 260/340/263 233/305/263 235/308/263 263/341/263
f 263/341/264 235/302/264 232/301/264 261/344/264
f 239/313/265 267/347/265 253/333/265 225/289/265
f 227/297/266 234/309/266 248/331/266 240/317/266
f 255/339/267 261/344/267 232/301/267 226/293/267
f 274/354/268 246/323/268 233/305/268 260/340/268
f 241/321/269 247/327/269 276/360/269 268/351/269
f 269/353/270 275/358/270 262/346/270 254/337/270
o Right_Sloped_Ceiling
v 0.001182 2.757297 -0.015000
v 0.006058 2.771482 0.000000
v -0.008127 2.776358 -0.015000
v 0.002610 2.761451 -0.004393
v -0.004947 2.766107 -0.006340
v -0.003972 2.774930 -0.004393
v -0.007420 2.764899 -0.015000
v 0.022312 2.818766 0.000000
v 0.027188 2.832951 -0.015000
v 0.008127 2.823642 -0.015000
v 0.025760 2.828797 -0.004393
v 0.016938 2.829771 -0.006340
v 0.015730 2.832245 -0.015000
v 0.012282 2.822214 -0.004393
v 0.001182 2.757297 -5.184999
v -0.008127 2.776358 -5.184999
v 0.006058 2.771482 -5.200000
v -0.007420 2.764899 -5.184999
v -0.004947 2.766107 -5.193660
v -0.003972 2.774930 -5.195606
v 0.002610 2.761451 -5.195606
v 0.027188 2.832951 -5.184999
v 0.022312 2.818766 -5.200000
v 0.008127 2.823642 -5.184999
v 0.025760 2.828797 -5.195606
v 0.016938 2.829771 -5.193660
v 0.012282 2.822214 -5.195606
v 0.015730 2.832245 -5.184999
v 1.572812 2.217049 -0.015000
v 1.591873 2.226358 -0.015000
v 1.577688 2.231234 0.000000
v 1.584270 2.217756 -0.015000
v 1.583062 2.220229 -0.006340
v 1.587718 2.227786 -0.004393
v 1.574240 2.221204 -0.004393
v 1.598818 2.292704 -0.015000
v 1.593942 2.278518 0.000000
v 1.608127 2.273642 -0.015000
v 1.597390 2.288549 -0.004393
v 1.604947 2.283893 -0.006340
v 1.603972 2.275070 -0.004393
v 1.607420 2.285101 -0.015000
v 1.572812 2.217049 -5.184999
v 1.577688 2.231234 -5.200000
v 1.591873 2.226358 -5.184999
v 1.574240 2.221204 -5.195606
v 1.583062 2.220229 -5.193660
v 1.587718 2.227786 -5.195606
v 1.584270 2.217756 -5.184999
v 1.598818 2.292704 -5.184999
v 1.608127 2.273642 -5.184999
v 1.593942 2.278518 -5.200000
v 1.607420 2.285101 -5.184999
v 1.604947 2.283893 -5.193660
v 1.603972 2.275070 -5.195606
v 1.597390 2.288549 -5.195606
vn -0.5961 -0.7342 0.3251
vn -0.4131 -0.2017 0.8881
vn -0.9455 -0.0187 0.3251
vn -0.2017 0.4131 0.8881
vn -0.0187 0.9455 0.3251
vn -0.7342 0.5961 0.3251
vn -0.5961 -0.7342 -0.3251
vn -0.9455 -0.0187 -0.3251
vn -0.4131 -0.2017 -0.8881
vn -0.0187 0.9455 -0.3251
vn -0.2017 0.4131 -0.8881
vn -0.7342 0.5961 -0.3251
vn 0.0187 -0.9455 0.3251
vn 0.7342 -0.5961 0.3251
vn 0.2017 -0.4131 0.8881
vn 0.5961 0.7342 0.3251
vn 0.4131 0.2017 0.8881
vn 0.9455 0.0187 0.3251
vn 0.0187 -0.9455 -0.3251
vn 0.2017 -0.4131 -0.8881
vn 0.7342 -0.5961 -0.3251
vn 0.5961 0.7342 -0.3251
vn 0.9455 0.0187 -0.3251
vn 0.4131 0.2017 -0.8881
vn -0.6622 -0.7493 -0.0000
vn -0.9981 -0.0616 -0.0000
vn -0.3619 0.1244 0.9239
vn -0.8737 0.3003 0.3827
vn -0.0616 0.9981 -0.0000
vn -0.7493 0.6622 -0.0000
vn -0.3619 0.1244 -0.9239
vn -0.8737 0.3003 -0.3827
vn -0.3003 -0.8737 -0.3827
vn -0.1244 -0.3619 -0.9239
vn 0.3003 0.8737 -0.3827
vn 0.1244 0.3619 -0.9239
vn 0.8737 -0.3003 -0.3827
vn 0.3619 -0.1244 -0.9239
vn 0.0616 -0.9981 -0.0000
vn 0.7493 -0.6622 -0.0000
vn 0.6622 0.7493 -0.0000
vn 0.9981 0.0616 -0.0000
vn 0.3619 -0.1244 0.9239
vn 0.8737 -0.3003 0.3827
vn -0.3003 -0.8737 0.3827
vn -0.1244 -0.3619 0.9239
vn 0.3003 0.8737 0.3827
vn 0.1244 0.3619 0.9239
vn -0.3251 -0.9457 -0.0000
vn -0.9457 0.3251 -0.0000
vn -0.0000 -0.0000 1.0000
vn 0.3251 0.9457 -0.0000
vn -0.0000 -0.0000 -1.0000
vn 0.9457 -0.3251 -0.0000
vt 0.127216 0.749279
vt 0.127216 0.750000
vt 0.125937 0.750000
vt 0.125000 0.749279
vt 0.421875 0.997784
vt 0.421875 1.000000
vt 0.394812 1.000000
vt 0.375000 0.997784
vt 0.421875 0.000721
vt 0.375000 0.000721
vt 0.375000 0.000305
vt 0.421875 0.000000
vt 0.578125 0.997784
vt 0.625000 0.997784
vt 0.625000 0.999063
vt 0.578125 1.000000
vt 0.872784 0.749279
vt 0.875000 0.749279
vt 0.875000 0.749695
vt 0.872784 0.750000
vt 0.578125 0.000721
vt 0.578125 0.000000
vt 0.605188 0.000000
vt 0.625000 0.000721
vt 0.127216 0.500721
vt 0.125000 0.500721
vt 0.125000 0.500305
vt 0.127216 0.500000
vt 0.421875 0.249279
vt 0.421875 0.250000
vt 0.384906 0.250468
vt 0.375000 0.249279
vt 0.421875 0.252216
vt 0.375000 0.252216
vt 0.872784 0.500721
vt 0.872784 0.500000
vt 0.874063 0.500000
vt 0.875000 0.500721
vt 0.578125 0.252216
vt 0.578125 0.250000
vt 0.615094 0.249848
vt 0.625000 0.252216
vt 0.578125 0.249279
vt 0.625000 0.249279
vt 0.372784 0.749279
vt 0.375000 0.749279
vt 0.381604 0.750211
vt 0.373892 0.751108
vt 0.421875 0.749279
vt 0.421875 0.750000
vt 0.421875 0.752216
vt 0.627216 0.749279
vt 0.626108 0.751108
vt 0.618708 0.749898
vt 0.625000 0.749279
vt 0.578125 0.752216
vt 0.578125 0.750000
vt 0.578125 0.749279
vt 0.372784 0.500721
vt 0.373892 0.498892
vt 0.381292 0.500102
vt 0.375000 0.500721
vt 0.421875 0.497784
vt 0.421875 0.500000
vt 0.421875 0.500721
vt 0.627216 0.500721
vt 0.625000 0.500721
vt 0.618396 0.499789
vt 0.626108 0.498892
vt 0.578125 0.500721
vt 0.578125 0.500000
vt 0.578125 0.497784
s 0
usemtl Warm_Wall
f 281/361/271 284/362/271 285/363/271 287/364/271
f 282/365/272 286/366/272 285/367/272 284/368/272
f 283/369/273 287/370/273 285/371/273 286/372/273
f 288/373/274 291/374/274 292/375/274 294/376/274
f 289/377/275 293/378/275 292/379/275 291/380/275
f 290/381/276 294/382/276 292/383/276 293/384/276
f 295/385/277 298/386/277 299/387/277 301/388/277
f 296/389/278 300/390/278 299/391/278 298/392/278
f 297/393/279 301/394/279 299/391/279 300/390/279
f 302/395/280 305/396/280 306/397/280 308/398/280
f 303/399/281 307/400/281 306/401/281 305/402/281
f 304/403/282 308/404/282 306/401/282 307/400/282
f 309/405/283 312/406/283 313/407/283 315/408/283
f 310/409/284 314/410/284 313/407/284 312/406/284
f 311/411/285 315/408/285 313/407/285 314/410/285
f 316/412/286 319/413/286 320/414/286 322/415/286
f 317/416/287 321/417/287 320/414/287 319/413/287
f 318/418/288 322/415/288 320/414/288 321/417/288
f 323/419/289 326/420/289 327/421/289 329/422/289
f 324/423/290 328/424/290 327/421/290 326/420/290
f 325/425/291 329/422/291 327/421/291 328/424/291
f 330/426/292 333/427/292 334/428/292 336/429/292
f 331/430/293 335/431/293 334/428/293 333/427/293
f 332/432/294 336/429/294 334/428/294 335/431/294
f 295/385/295 281/361/295 287/364/295 298/386/295
f 298/392/296 287/370/296 283/369/296 296/389/296
f 282/365/297 288/373/297 294/376/297 286/366/297
f 286/372/298 294/382/298 290/381/298 283/369/298
f 289/377/299 302/395/299 308/398/299 293/378/299
f 293/384/300 308/404/300 304/403/300 290/381/300
f 303/399/301 297/393/301 300/390/301 307/400/301
f 307/400/302 300/390/302 296/389/302 304/403/302
f 323/419/303 295/385/303 301/388/303 326/420/303
f 326/420/304 301/394/304 297/393/304 324/423/304
f 302/395/305 330/426/305 336/429/305 305/396/305
f 305/402/306 336/429/306 332/432/306 303/399/306
f 331/430/307 325/425/307 328/424/307 335/431/307
f 335/431/308 328/424/308 324/423/308 332/432/308
f 309/405/309 323/419/309 329/422/309 312/406/309
f 312/406/310 329/422/310 325/425/310 310/409/310
f 330/426/311 316/412/311 322/415/311 333/427/311
f 333/427/312 322/415/312 318/418/312 331/430/312
f 317/416/313 311/411/313 314/410/313 321/417/313
f 321/417/314 314/410/314 310/409/314 318/418/314
f 281/361/315 309/405/315 315/408/315 284/362/315
f 284/368/316 315/408/316 311/411/316 282/365/316
f 316/412/317 289/377/317 291/380/317 319/413/317
f 319/413/318 291/374/318 288/373/318 317/416/318
f 295/385/319 323/419/319 309/405/319 281/361/319
f 283/369/320 290/381/320 304/403/320 296/389/320
f 311/411/321 317/416/321 288/373/321 282/365/321
f 330/426/322 302/395/322 289/377/322 316/412/322
f 297/393/323 303/399/323 332/432/323 324/423/323
f 325/425/324 331/430/324 318/418/324 310/409/324
o Wardrobe_Back
v -1.585000 0.075000 -0.190000
v -1.585000 0.090000 -0.175000
v -1.600000 0.090000 -0.190000
v -1.585000 0.079393 -0.179393
v -1.593660 0.081340 -0.181340
v -1.595607 0.090000 -0.179393
v -1.595607 0.079393 -0.190000
v -1.585000 2.210000 -0.175000
v -1.585000 2.225000 -0.190000
v -1.600000 2.210000 -0.190000
v -1.585000 2.220607 -0.179393
v -1.593660 2.218660 -0.181340
v -1.595607 2.220607 -0.190000
v -1.595607 2.210000 -0.179393
v -1.585000 0.075000 -5.010000
v -1.600000 0.090000 -5.010000
v -1.585000 0.090000 -5.025000
v -1.595607 0.079393 -5.010000
v -1.593660 0.081340 -5.018660
v -1.595607 0.090000 -5.020607
v -1.585000 0.079393 -5.020607
v -1.585000 2.225000 -5.010000
v -1.585000 2.210000 -5.025000
v -1.600000 2.210000 -5.010000
v -1.585000 2.220607 -5.020607
v -1.593660 2.218660 -5.018660
v -1.595607 2.210000 -5.020607
v -1.595607 2.220607 -5.010000
v -1.545000 0.075000 -0.190000
v -1.530000 0.090000 -0.190000
v -1.545000 0.090000 -0.175000
v -1.534393 0.079393 -0.190000
v -1.536340 0.081340 -0.181340
v -1.534393 0.090000 -0.179393
v -1.545000 0.079393 -0.179393
v -1.545000 2.225000 -0.190000
v -1.545000 2.210000 -0.175000
v -1.530000 2.210000 -0.190000
v -1.545000 2.220607 -0.179393
v -1.536340 2.218660 -0.181340
v -1.534393 2.210000 -0.179393
v -1.534393 2.220607 -0.190000
v -1.545000 0.075000 -5.010000
v -1.545000 0.090000 -5.025000
v -1.530000 0.090000 -5.010000
v -1.545000 0.079393 -5.020607
v -1.536340 0.081340 -5.018660
v -1.534393 0.090000 -5.020607
v -1.534393 0.079393 -5.010000
v -1.545000 2.225000 -5.010000
v -1.530000 2.210000 -5.010000
v -1.545000 2.210000 -5.025000
v -1.534393 2.220607 -5.010000
v -1.536340 2.218660 -5.018660
v -1.534393 2.210000 -5.020607
v -1.545000 2.220607 -5.020607
vn -0.3251 -0.8881 0.3251
vn -0.3251 -0.3251 0.8881
vn -0.8881 -0.3251 0.3251
vn -0.3251 0.3251 0.8881
vn -0.3251 0.8881 0.3251
vn -0.8881 0.3251 0.3251
vn -0.3251 -0.8881 -0.3251
vn -0.8881 -0.3251 -0.3251
vn -0.3251 -0.3251 -0.8881
vn -0.3251 0.8881 -0.3251
vn -0.3251 0.3251 -0.8881
vn -0.8881 0.3251 -0.3251
vn 0.3251 -0.8881 0.3251
vn 0.8881 -0.3251 0.3251
vn 0.3251 -0.3251 0.8881
vn 0.3251 0.8881 0.3251
vn 0.3251 0.3251 0.8881
vn 0.8881 0.3251 0.3251
vn 0.3251 -0.8881 -0.3251
vn 0.3251 -0.3251 -0.8881
vn 0.8881 -0.3251 -0.3251
vn 0.3251 0.8881 -0.3251
vn 0.8881 0.3251 -0.3251
vn 0.3251 0.3251 -0.8881
vn -0.3827 -0.9239 -0.0000
vn -0.9239 -0.3827 -0.0000
vn -0.3827 -0.0000 0.9239
vn -0.9239 -0.0000 0.3827
vn -0.3827 0.9239 -0.0000
vn -0.9239 0.3827 -0.0000
vn -0.3827 -0.0000 -0.9239
vn -0.9239 -0.0000 -0.3827
vn -0.0000 -0.9239 -0.3827
vn -0.0000 -0.3827 -0.9239
vn -0.0000 0.9239 -0.3827
vn -0.0000 0.3827 -0.9239
vn 0.9239 -0.0000 -0.3827
vn 0.3827 -0.0000 -0.9239
vn 0.3827 -0.9239 -0.0000
vn 0.9239 -0.3827 -0.0000
vn 0.3827 0.9239 -0.0000
vn 0.9239 0.3827 -0.0000
vn 0.3827 -0.0000 0.9239
vn 0.9239 -0.0000 0.3827
vn -0.0000 -0.9239 0.3827
vn -0.0000 -0.3827 0.9239
vn -0.0000 0.9239 0.3827
vn -0.0000 0.3827 0.9239
vn -0.0000 -1.0000 -0.0000
vn -1.0000 -0.0000 -0.0000
vn -0.0000 -0.0000 1.0000
vn -0.0000 1.0000 -0.0000
vn -0.0000 -0.0000 -1.0000
vn 1.0000 -0.0000 -0.0000
vt 0.178571 0.749227
vt 0.178571 0.750000
vt 0.147642 0.750000
vt 0.125000 0.749227
vt 0.376744 0.946429
vt 0.376744 1.000000
vt 0.375737 1.000000
vt 0.375000 0.946429
vt 0.376744 0.000773
vt 0.375000 0.000773
vt 0.375000 0.000327
vt 0.376744 0.000000
vt 0.623256 0.946428
vt 0.625000 0.946429
vt 0.625000 0.977358
vt 0.623256 1.000000
vt 0.821429 0.749227
vt 0.875000 0.749227
vt 0.875000 0.749673
vt 0.821429 0.750000
vt 0.623256 0.000773
vt 0.623256 0.000000
vt 0.624263 0.000000
vt 0.625000 0.000773
vt 0.178571 0.500773
vt 0.125000 0.500773
vt 0.125000 0.500327
vt 0.178571 0.500000
vt 0.376744 0.249227
vt 0.376744 0.250000
vt 0.375369 0.261321
vt 0.375000 0.249227
vt 0.376744 0.303571
vt 0.375000 0.303571
vt 0.821429 0.500773
vt 0.821429 0.500000
vt 0.852358 0.500000
vt 0.875000 0.500773
vt 0.623256 0.303571
vt 0.623256 0.250000
vt 0.624631 0.249837
vt 0.625000 0.303571
vt 0.623256 0.249227
vt 0.625000 0.249227
vt 0.321429 0.749227
vt 0.375000 0.749227
vt 0.375246 0.757438
vt 0.348214 0.776786
vt 0.376744 0.749227
vt 0.376744 0.750000
vt 0.376744 0.803571
vt 0.678571 0.749227
vt 0.651786 0.776786
vt 0.632302 0.749891
vt 0.625000 0.749227
vt 0.623256 0.803571
vt 0.623256 0.750000
vt 0.623256 0.749227
vt 0.321429 0.500773
vt 0.348214 0.473214
vt 0.367698 0.500109
vt 0.375000 0.500773
vt 0.376744 0.446429
vt 0.376744 0.500000
vt 0.376744 0.500773
vt 0.678571 0.500773
vt 0.625000 0.500773
vt 0.624754 0.492562
vt 0.651786 0.473214
vt 0.623256 0.500773
vt 0.623256 0.500000
vt 0.623256 0.446429
s 0
usemtl Cream_Cabinets
f 337/433/325 340/434/325 341/435/325 343/436/325
f 338/437/326 342/438/326 341/439/326 340/440/326
f 339/441/327 343/442/327 341/443/327 342/444/327
f 344/445/328 347/446/328 348/447/328 350/448/328
f 345/449/329 349/450/329 348/451/329 347/452/329
f 346/453/330 350/454/330 348/455/330 349/456/330
f 351/457/331 354/458/331 355/459/331 357/460/331
f 352/461/332 356/462/332 355/463/332 354/464/332
f 353/465/333 357/466/333 355/463/333 356/462/333
f 358/467/334 361/468/334 362/469/334 364/470/334
f 359/471/335 363/472/335 362/473/335 361/474/335
f 360/475/336 364/476/336 362/473/336 363/472/336
f 365/477/337 368/478/337 369/479/337 371/480/337
f 366/481/338 370/482/338 369/479/338 368/478/338
f 367/483/339 371/480/339 369/479/339 370/482/339
f 372/484/340 375/485/340 376/486/340 378/487/340
f 373/488/341 377/489/341 376/486/341 375/485/341
f 374/490/342 378/487/342 376/486/342 377/489/342
f 379/491/343 382/492/343 383/493/343 385/494/343
f 380/495/344 384/496/344 383/493/344 382/492/344
f 381/497/345 385/494/345 383/493/345 384/496/345
f 386/498/346 389/499/346 390/500/346 392/501/346
f 387/502/347 391/503/347 390/500/347 389/499/347
f 388/504/348 392/501/348 390/500/348 391/503/348
f 351/457/349 337/433/349 343/436/349 354/458/349
f 354/464/350 343/442/350 339/441/350 352/461/350
f 338/437/351 344/445/351 350/448/351 342/438/351
f 342/444/352 350/454/352 346/453/352 339/441/352
f 345/449/353 358/467/353 364/470/353 349/450/353
f 349/456/354 364/476/354 360/475/354 346/453/354
f 359/471/355 353/465/355 356/462/355 363/472/355
f 363/472/356 356/462/356 352/461/356 360/475/356
f 379/491/357 351/457/357 357/460/357 382/492/357
f 382/492/358 357/466/358 353/465/358 380/495/358
f 358/467/359 386/498/359 392/501/359 361/468/359
f 361/474/360 392/501/360 388/504/360 359/471/360
f 387/502/361 381/497/361 384/496/361 391/503/361
f 391/503/362 384/496/362 380/495/362 388/504/362
f 365/477/363 379/491/363 385/494/363 368/478/363
f 368/478/364 385/494/364 381/497/364 366/481/364
f 386/498/365 372/484/365 378/487/365 389/499/365
f 389/499/366 378/487/366 374/490/366 387/502/366
f 373/488/367 367/483/367 370/482/367 377/489/367
f 377/489/368 370/482/368 366/481/368 374/490/368
f 337/433/369 365/477/369 371/480/369 340/434/369
f 340/440/370 371/480/370 367/483/370 338/437/370
f 372/484/371 345/449/371 347/452/371 375/485/371
f 375/485/372 347/446/372 344/445/372 373/488/372
f 351/457/373 379/491/373 365/477/373 337/433/373
f 339/441/374 346/453/374 360/475/374 352/461/374
f 367/483/375 373/488/375 344/445/375 338/437/375
f 386/498/376 358/467/376 345/449/376 372/484/376
f 353/465/377 359/471/377 388/504/377 380/495/377
f 381/497/378 387/502/378 374/490/378 366/481/378
o Shelf_-1_0_Bottom
v -1.545000 0.120000 -0.275000
v -1.545000 0.135000 -0.260000
v -1.560000 0.135000 -0.275000
v -1.545000 0.124393 -0.264393
v -1.553660 0.126340 -0.266340
v -1.555607 0.135000 -0.264393
v -1.555607 0.124393 -0.275000
v -1.545000 0.165000 -0.260000
v -1.545000 0.180000 -0.275000
v -1.560000 0.165000 -0.275000
v -1.545000 0.175607 -0.264393
v -1.553660 0.173660 -0.266340
v -1.555607 0.175607 -0.275000
v -1.555607 0.165000 -0.264393
v -1.545000 0.120000 -1.225000
v -1.560000 0.135000 -1.225000
v -1.545000 0.135000 -1.240000
v -1.555607 0.124393 -1.225000
v -1.553660 0.126340 -1.233660
v -1.555607 0.135000 -1.235607
v -1.545000 0.124393 -1.235607
v -1.545000 0.180000 -1.225000
v -1.545000 0.165000 -1.240000
v -1.560000 0.165000 -1.225000
v -1.545000 0.175607 -1.235607
v -1.553660 0.173660 -1.233660
v -1.555607 0.165000 -1.235607
v -1.555607 0.175607 -1.225000
v -1.035000 0.120000 -0.275000
v -1.020000 0.135000 -0.275000
v -1.035000 0.135000 -0.260000
v -1.024393 0.124393 -0.275000
v -1.026340 0.126340 -0.266340
v -1.024393 0.135000 -0.264393
v -1.035000 0.124393 -0.264393
v -1.035000 0.180000 -0.275000
v -1.035000 0.165000 -0.260000
v -1.020000 0.165000 -0.275000
v -1.035000 0.175607 -0.264393
v -1.026340 0.173660 -0.266340
v -1.024393 0.165000 -0.264393
v -1.024393 0.175607 -0.275000
v -1.035000 0.120000 -1.225000
v -1.035000 0.135000 -1.240000
v -1.020000 0.135000 -1.225000
v -1.035000 0.124393 -1.235607
v -1.026340 0.126340 -1.233660
v -1.024393 0.135000 -1.235607
v -1.024393 0.124393 -1.225000
v -1.035000 0.180000 -1.225000
v -1.020000 0.165000 -1.225000
v -1.035000 0.165000 -1.240000
v -1.024393 0.175607 -1.225000
v -1.026340 0.173660 -1.233660
v -1.024393 0.165000 -1.235607
v -1.035000 0.175607 -1.235607
vn -0.3251 -0.8881 0.3251
vn -0.3251 -0.3251 0.8881
vn -0.8881 -0.3251 0.3251
vn -0.3251 0.3251 0.8881
vn -0.3251 0.8881 0.3251
vn -0.8881 0.3251 0.3251
vn -0.3251 -0.8881 -0.3251
vn -0.8881 -0.3251 -0.3251
vn -0.3251 -0.3251 -0.8881
vn -0.3251 0.8881 -0.3251
vn -0.3251 0.3251 -0.8881
vn -0.8881 0.3251 -0.3251
vn 0.3251 -0.8881 0.3251
vn 0.8881 -0.3251 0.3251
vn 0.3251 -0.3251 0.8881
vn 0.3251 0.8881 0.3251
vn 0.3251 0.3251 0.8881
vn 0.8881 0.3251 0.3251
vn 0.3251 -0.8881 -0.3251
vn 0.3251 -0.3251 -0.8881
vn 0.8881 -0.3251 -0.3251
vn 0.3251 0.8881 -0.3251
vn 0.8881 0.3251 -0.3251
vn 0.3251 0.3251 -0.8881
vn -0.3827 -0.9239 -0.0000
vn -0.9239 -0.3827 -0.0000
vn -0.3827 -0.0000 0.9239
vn -0.9239 -0.0000 0.3827
vn -0.3827 0.9239 -0.0000
vn -0.9239 0.3827 -0.0000
vn -0.3827 -0.0000 -0.9239
vn -0.9239 -0.0000 -0.3827
vn -0.0000 -0.9239 -0.3827
vn -0.0000 -0.3827 -0.9239
vn -0.0000 0.9239 -0.3827
vn -0.0000 0.3827 -0.9239
vn 0.9239 -0.0000 -0.3827
vn 0.3827 -0.0000 -0.9239
vn 0.3827 -0.9239 -0.0000
vn 0.9239 -0.3827 -0.0000
vn 0.3827 0.9239 -0.0000
vn 0.9239 0.3827 -0.0000
vn 0.3827 -0.0000 0.9239
vn 0.9239 -0.0000 0.3827
vn -0.0000 -0.9239 0.3827
vn -0.0000 -0.3827 0.9239
vn -0.0000 0.9239 0.3827
vn -0.0000 0.3827 0.9239
vn -0.0000 -1.0000 -0.0000
vn -1.0000 -0.0000 -0.0000
vn -0.0000 -0.0000 1.0000
vn -0.0000 1.0000 -0.0000
vn -0.0000 -0.0000 -1.0000
vn 1.0000 -0.0000 -0.0000
vt 0.131944 0.746173
vt 0.131944 0.750000
vt 0.127935 0.750000
vt 0.125000 0.746173
vt 0.437500 0.993056
vt 0.437500 1.000000
vt 0.401416 1.000000
vt 0.375000 0.993056
vt 0.437500 0.003827
vt 0.375000 0.003827
vt 0.375000 0.001617
vt 0.437500 0.000000
vt 0.562500 0.993056
vt 0.625000 0.993056
vt 0.625000 0.997065
vt 0.562500 1.000000
vt 0.868056 0.746173
vt 0.875000 0.746173
vt 0.875000 0.748383
vt 0.868056 0.750000
vt 0.562500 0.003827
vt 0.562500 0.000000
vt 0.598584 0.000000
vt 0.625000 0.003827
vt 0.131944 0.503827
vt 0.125000 0.503826
vt 0.125000 0.501617
vt 0.131944 0.500000
vt 0.437500 0.246173
vt 0.437500 0.250000
vt 0.388208 0.251468
vt 0.375000 0.246173
vt 0.437500 0.256944
vt 0.375000 0.256944
vt 0.868056 0.503827
vt 0.868056 0.500000
vt 0.872065 0.500000
vt 0.875000 0.503826
vt 0.562500 0.256944
vt 0.562500 0.250000
vt 0.611792 0.249191
vt 0.625000 0.256944
vt 0.562500 0.246173
vt 0.625000 0.246173
vt 0.368056 0.746174
vt 0.375000 0.746173
vt 0.383805 0.750439
vt 0.371528 0.753472
vt 0.437500 0.746174
vt 0.437500 0.750000
vt 0.437500 0.756944
vt 0.631944 0.746173
vt 0.628472 0.753472
vt 0.617173 0.749461
vt 0.625000 0.746173
vt 0.562500 0.756944
vt 0.562500 0.750000
vt 0.562500 0.746174
vt 0.368056 0.503826
vt 0.371528 0.496528
vt 0.382827 0.500539
vt 0.375000 0.503826
vt 0.437500 0.493056
vt 0.437500 0.500000
vt 0.437500 0.503827
vt 0.631945 0.503827
vt 0.625000 0.503826
vt 0.616195 0.499561
vt 0.628472 0.496528
vt 0.562500 0.503827
vt 0.562500 0.500000
vt 0.562500 0.493056
s 0
usemtl Cream_Cabinets
f 393/505/379 396/506/379 397/507/379 399/508/379
f 394/509/380 398/510/380 397/511/380 396/512/380
f 395/513/381 399/514/381 397/515/381 398/516/381
f 400/517/382 403/518/382 404/519/382 406/520/382
f 401/521/383 405/522/383 404/523/383 403/524/383
f 402/525/384 406/526/384 404/527/384 405/528/384
f 407/529/385 410/530/385 411/531/385 413/532/385
f 408/533/386 412/534/386 411/535/386 410/536/386
f 409/537/387 413/538/387 411/535/387 412/534/387
f 414/539/388 417/540/388 418/541/388 420/542/388
f 415/543/389 419/544/389 418/545/389 417/546/389
f 416/547/390 420/548/390 418/545/390 419/544/390
f 421/549/391 424/550/391 425/551/391 427/552/391
f 422/553/392 426/554/392 425/551/392 424/550/392
f 423/555/393 427/552/393 425/551/393 426/554/393
f 428/556/394 431/557/394 432/558/394 434/559/394
f 429/560/395 433/561/395 432/558/395 431/557/395
f 430/562/396 434/559/396 432/558/396 433/561/396
f 435/563/397 438/564/397 439/565/397 441/566/397
f 436/567/398 440/568/398 439/565/398 438/564/398
f 437/569/399 441/566/399 439/565/399 440/568/399
f 442/570/400 445/571/400 446/572/400 448/573/400
f 443/574/401 447/575/401 446/572/401 445/571/401
f 444/576/402 448/573/402 446/572/402 447/575/402
f 407/529/403 393/505/403 399/508/403 410/530/403
f 410/536/404 399/514/404 395/513/404 408/533/404
f 394/509/405 400/517/405 406/520/405 398/510/405
f 398/516/406 406/526/406 402/525/406 395/513/406
f 401/521/407 414/539/407 420/542/407 405/522/407
f 405/528/408 420/548/408 416/547/408 402/525/408
f 415/543/409 409/537/409 412/534/409 419/544/409
f 419/544/410 412/534/410 408/533/410 416/547/410
f 435/563/411 407/529/411 413/532/411 438/564/411
f 438/564/412 413/538/412 409/537/412 436/567/412
f 414/539/413 442/570/413 448/573/413 417/540/413
f 417/546/414 448/573/414 444/576/414 415/543/414
f 443/574/415 437/569/415 440/568/415 447/575/415
f 447/575/416 440/568/416 436/567/416 444/576/416
f 421/549/417 435/563/417 441/566/417 424/550/417
f 424/550/418 441/566/418 437/569/418 422/553/418
f 442/570/419 428/556/419 434/559/419 445/571/419
f 445/571/420 434/559/420 430/562/420 443/574/420
f 429/560/421 423/555/421 426/554/421 433/561/421
f 433/561/422 426/554/422 422/553/422 430/562/422
f 393/505/423 421/549/423 427/552/423 396/506/423
f 396/512/424 427/552/424 423/555/424 394/509/424
f 428/556/425 401/521/425 403/524/425 431/557/425
f 431/557/426 403/518/426 400/517/426 429/560/426
f 407/529/427 435/563/427 421/549/427 393/505/427
f 395/513/428 402/525/428 416/547/428 408/533/428
f 423/555/429 429/560/429 400/517/429 394/509/429
f 442/570/430 414/539/430 401/521/430 428/556/430
f 409/537/431 415/543/431 444/576/431 436/567/431
f 437/569/432 443/574/432 430/562/432 422/553/432
o Shelf_-1_0_0.8
v -1.545000 0.775000 -0.275000
v -1.545000 0.790000 -0.260000
v -1.560000 0.790000 -0.275000
v -1.545000 0.779393 -0.264393
v -1.553660 0.781340 -0.266340
v -1.555607 0.790000 -0.264393
v -1.555607 0.779393 -0.275000
v -1.545000 0.810000 -0.260000
v -1.545000 0.825000 -0.275000
v -1.560000 0.810000 -0.275000
v -1.545000 0.820607 -0.264393
v -1.553660 0.818660 -0.266340
v -1.555607 0.820607 -0.275000
v -1.555607 0.810000 -0.264393
v -1.545000 0.775000 -1.225000
v -1.560000 0.790000 -1.225000
v -1.545000 0.790000 -1.240000
v -1.555607 0.779393 -1.225000
v -1.553660 0.781340 -1.233660
v -1.555607 0.790000 -1.235607
v -1.545000 0.779393 -1.235607
v -1.545000 0.825000 -1.225000
v -1.545000 0.810000 -1.240000
v -1.560000 0.810000 -1.225000
v -1.545000 0.820607 -1.235607
v -1.553660 0.818660 -1.233660
v -1.555607 0.810000 -1.235607
v -1.555607 0.820607 -1.225000
v -1.035000 0.775000 -0.275000
v -1.020000 0.790000 -0.275000
v -1.035000 0.790000 -0.260000
v -1.024393 0.779393 -0.275000
v -1.026340 0.781340 -0.266340
v -1.024393 0.790000 -0.264393
v -1.035000 0.779393 -0.264393
v -1.035000 0.825000 -0.275000
v -1.035000 0.810000 -0.260000
v -1.020000 0.810000 -0.275000
v -1.035000 0.820607 -0.264393
v -1.026340 0.818660 -0.266340
v -1.024393 0.810000 -0.264393
v -1.024393 0.820607 -0.275000
v -1.035000 0.775000 -1.225000
v -1.035000 0.790000 -1.240000
v -1.020000 0.790000 -1.225000
v -1.035000 0.779393 -1.235607
v -1.026340 0.781340 -1.233660
v -1.024393 0.790000 -1.235607
v -1.024393 0.779393 -1.225000
v -1.035000 0.825000 -1.225000
v -1.020000 0.810000 -1.225000
v -1.035000 0.810000 -1.240000
v -1.024393 0.820607 -1.225000
v -1.026340 0.818660 -1.233660
v -1.024393 0.810000 -1.235607
v -1.035000 0.820607 -1.235607
vn -0.3251 -0.8881 0.3251
vn -0.3251 -0.3251 0.8881
vn -0.8881 -0.3251 0.3251
vn -0.3251 0.3251 0.8881
vn -0.3251 0.8881 0.3251
vn -0.8881 0.3251 0.3251
vn -0.3251 -0.8881 -0.3251
vn -0.8881 -0.3251 -0.3251
vn -0.3251 -0.3251 -0.8881
vn -0.3251 0.8881 -0.3251
vn -0.3251 0.3251 -0.8881
vn -0.8881 0.3251 -0.3251
vn 0.3251 -0.8881 0.3251
vn 0.8881 -0.3251 0.3251
vn 0.3251 -0.3251 0.8881
vn 0.3251 0.8881 0.3251
vn 0.3251 0.3251 0.8881
vn 0.8881 0.3251 0.3251
vn 0.3251 -0.8881 -0.3251
vn 0.3251 -0.3251 -0.8881
vn 0.8881 -0.3251 -0.3251
vn 0.3251 0.8881 -0.3251
vn 0.8881 0.3251 -0.3251
vn 0.3251 0.3251 -0.8881
vn -0.3827 -0.9239 -0.0000
vn -0.9239 -0.3827 -0.0000
vn -0.3827 -0.0000 0.9239
vn -0.9239 -0.0000 0.3827
vn -0.3827 0.9239 -0.0000
vn -0.9239 0.3827 -0.0000
vn -0.3827 -0.0000 -0.9239
vn -0.9239 -0.0000 -0.3827
vn -0.0000 -0.9239 -0.3827
vn -0.0000 -0.3827 -0.9239
vn -0.0000 0.9239 -0.3827
vn -0.0000 0.3827 -0.9239
vn 0.9239 -0.0000 -0.3827
vn 0.3827 -0.0000 -0.9239
vn 0.3827 -0.9239 -0.0000
vn 0.9239 -0.3827 -0.0000
vn 0.3827 0.9239 -0.0000
vn 0.9239 0.3827 -0.0000
vn 0.3827 -0.0000 0.9239
vn 0.9239 -0.0000 0.3827
vn -0.0000 -0.9239 0.3827
vn -0.0000 -0.3827 0.9239
vn -0.0000 0.9239 0.3827
vn -0.0000 0.3827 0.9239
vn -0.0000 -1.0000 -0.0000
vn -1.0000 -0.0000 -0.0000
vn -0.0000 -0.0000 1.0000
vn -0.0000 1.0000 -0.0000
vn -0.0000 -0.0000 -1.0000
vn 1.0000 -0.0000 -0.0000
vt 0.131944 0.746173
vt 0.131944 0.750000
vt 0.127935 0.750000
vt 0.125000 0.746173
vt 0.450000 0.993056
vt 0.450000 1.000000
vt 0.406699 1.000000
vt 0.375000 0.993056
vt 0.450000 0.003827
vt 0.375000 0.003827
vt 0.375000 0.001617
vt 0.450000 0.000000
vt 0.550000 0.993056
vt 0.625000 0.993056
vt 0.625000 0.997065
vt 0.550000 1.000000
vt 0.868056 0.746173
vt 0.875000 0.746173
vt 0.875000 0.748383
vt 0.868056 0.750000
vt 0.550000 0.003827
vt 0.550000 0.000000
vt 0.593301 0.000000
vt 0.625000 0.003827
vt 0.131944 0.503827
vt 0.125000 0.503826
vt 0.125000 0.501617
vt 0.131944 0.500000
vt 0.450000 0.246173
vt 0.450000 0.250000
vt 0.390849 0.251468
vt 0.375000 0.246173
vt 0.450000 0.256944
vt 0.375000 0.256944
vt 0.868056 0.503827
vt 0.868056 0.500000
vt 0.872065 0.500000
vt 0.875000 0.503826
vt 0.550000 0.256944
vt 0.550000 0.250000
vt 0.609151 0.249191
vt 0.625000 0.256944
vt 0.550000 0.246173
vt 0.625000 0.246173
vt 0.368056 0.746174
vt 0.375000 0.746174
vt 0.385566 0.750439
vt 0.371528 0.753472
vt 0.450000 0.746174
vt 0.450000 0.750000
vt 0.450000 0.756944
vt 0.631944 0.746173
vt 0.628472 0.753472
vt 0.615412 0.749461
vt 0.625000 0.746174
vt 0.550000 0.756944
vt 0.550000 0.750000
vt 0.550000 0.746173
vt 0.368056 0.503826
vt 0.371528 0.496528
vt 0.384588 0.500539
vt 0.375000 0.503826
vt 0.450000 0.493056
vt 0.450000 0.500000
vt 0.450000 0.503826
vt 0.631945 0.503827
vt 0.625000 0.503826
vt 0.614434 0.499561
vt 0.628472 0.496528
vt 0.550000 0.503826
vt 0.550000 0.500000
vt 0.550000 0.493056
s 0
usemtl Cream_Cabinets
f 449/577/433 452/578/433 453/579/433 455/580/433
f 450/581/434 454/582/434 453/583/434 452/584/434
f 451/585/435 455/586/435 453/587/435 454/588/435
f 456/589/436 459/590/436 460/591/436 462/592/436
f 457/593/437 461/594/437 460/595/437 459/596/437
f 458/597/438 462/598/438 460/599/438 461/600/438
f 463/601/439 466/602/439 467/603/439 469/604/439
f 464/605/440 468/606/440 467/607/440 466/608/440
f 465/609/441 469/610/441 467/607/441 468/606/441
f 470/611/442 473/612/442 474/613/442 476/614/442
f 471/615/443 475/616/443 474/617/443 473/618/443
f 472/619/444 476/620/444 474/617/444 475/616/444
f 477/621/445 480/622/445 481/623/445 483/624/445
f 478/625/446 482/626/446 481/623/446 480/622/446
f 479/627/447 483/624/447 481/623/447 482/626/447
f 484/628/448 487/629/448 488/630/448 490/631/448
f 485/632/449 489/633/449 488/630/449 487/629/449
f 486/634/450 490/631/450 488/630/450 489/633/450
f 491/635/451 494/636/451 495/637/451 497/638/451
f 492/639/452 496/640/452 495/637/452 494/636/452
f 493/641/453 497/638/453 495/637/453 496/640/453
f 498/642/454 501/643/454 502/644/454 504/645/454
f 499/646/455 503/647/455 502/644/455 501/643/455
f 500/648/456 504/645/456 502/644/456 503/647/456
f 463/601/457 449/577/457 455/580/457 466/602/457
f 466/608/458 455/586/458 451/585/458 464/605/458
f 450/581/459 456/589/459 462/592/459 454/582/459
f 454/588/460 462/598/460 458/597/460 451/585/460
f 457/593/461 470/611/461 476/614/461 461/594/461
f 461/600/462 476/620/462 472/619/462 458/597/462
f 471/615/463 465/609/463 468/606/463 475/616/463
f 475/616/464 468/606/464 464/605/464 472/619/464
f 491/635/465 463/601/465 469/604/465 494/636/465
f 494/636/466 469/610/466 465/609/466 492/639/466
f 470/611/467 498/642/467 504/645/467 473/612/467
f 473/618/468 504/645/468 500/648/468 471/615/468
f 499/646/469 493/641/469 496/640/469 503/647/469
f 503/647/470 496/640/470 492/639/470 500/648/470
f 477/621/471 491/635/471 497/638/471 480/622/471
f 480/622/472 497/638/472 493/641/472 478/625/472
f 498/642/473 484/628/473 490/631/473 501/643/473
f 501/643/474 490/631/474 486/634/474 499/646/474
f 485/632/475 479/627/475 482/626/475 489/633/475
f 489/633/476 482/626/476 478/625/476 486/634/476
f 449/577/477 477/621/477 483/624/477 452/578/477
f 452/584/478 483/624/478 479/627/478 450/581/478
f 484/628/479 457/593/479 459/596/479 487/629/479
f 487/629/480 459/590/480 456/589/480 485/632/480
f 463/601/481 491/635/481 477/621/481 449/577/481
f 451/585/482 458/597/482 472/619/482 464/605/482
f 479/627/483 485/632/483 456/589/483 450/581/483
f 498/642/484 470/611/484 457/593/484 484/628/484
f 465/609/485 471/615/485 500/648/485 492/639/485
f 493/641/486 499/646/486 486/634/486 478/625/486
o Shelf_-1_0_1.4
v -1.545000 1.375000 -0.275000
v -1.545000 1.390000 -0.260000
v -1.560000 1.390000 -0.275000
v -1.545000 1.379393 -0.264393
v -1.553660 1.381340 -0.266340
v -1.555607 1.390000 -0.264393
v -1.555607 1.379393 -0.275000
v -1.545000 1.410000 -0.260000
v -1.545000 1.425000 -0.275000
v -1.560000 1.410000 -0.275000
v -1.545000 1.420607 -0.264393
v -1.553660 1.418660 -0.266340
v -1.555607 1.420607 -0.275000
v -1.555607 1.410000 -0.264393
v -1.545000 1.375000 -1.225000
v -1.560000 1.390000 -1.225000
v -1.545000 1.390000 -1.240000
v -1.555607 1.379393 -1.225000
v -1.553660 1.381340 -1.233660
v -1.555607 1.390000 -1.235607
v -1.545000 1.379393 -1.235607
v -1.545000 1.425000 -1.225000
v -1.545000 1.410000 -1.240000
v -1.560000 1.410000 -1.225000
v -1.545000 1.420607 -1.235607
v -1.553660 1.418660 -1.233660
v -1.555607 1.410000 -1.235607
v -1.555607 1.420607 -1.225000
v -1.035000 1.375000 -0.275000
v -1.020000 1.390000 -0.275000
v -1.035000 1.390000 -0.260000
v -1.024393 1.379393 -0.275000
v -1.026340 1.381340 -0.266340
v -1.024393 1.390000 -0.264393
v -1.035000 1.379393 -0.264393
v -1.035000 1.425000 -0.275000
v -1.035000 1.410000 -0.260000
v -1.020000 1.410000 -0.275000
v -1.035000 1.420607 -0.264393
v -1.026340 1.418660 -0.266340
v -1.024393 1.410000 -0.264393
v -1.024393 1.420607 -0.275000
v -1.035000 1.375000 -1.225000
v -1.035000 1.390000 -1.240000
v -1.020000 1.390000 -1.225000
v -1.035000 1.379393 -1.235607
v -1.026340 1.381340 -1.233660
v -1.024393 1.390000 -1.235607
v -1.024393 1.379393 -1.225000
v -1.035000 1.425000 -1.225000
v -1.020000 1.410000 -1.225000
v -1.035000 1.410000 -1.240000
v -1.024393 1.420607 -1.225000
v -1.026340 1.418660 -1.233660
v -1.024393 1.410000 -1.235607
v -1.035000 1.420607 -1.235607
vn -0.3251 -0.8881 0.3251
vn -0.3251 -0.3251 0.8881
vn -0.8881 -0.3251 0.3251
vn -0.3251 0.3251 0.8881
vn -0.3251 0.8881 0.3251
vn -0.8881 0.3251 0.3251
vn -0.3251 -0.8881 -0.3251
vn -0.8881 -0.3251 -0.3251
vn -0.3251 -0.3251 -0.8881
vn -0.3251 0.8881 -0.3251
vn -0.3251 0.3251 -0.8881
vn -0.8881 0.3251 -0.3251
vn 0.3251 -0.8881 0.3251
vn 0.8881 -0.3251 0.3251
vn 0.3251 -0.3251 0.8881
vn 0.3251 0.8881 0.3251
vn 0.3251 0.3251 0.8881
vn 0.8881 0.3251 0.3251
vn 0.3251 -0.8881 -0.3251
vn 0.3251 -0.3251 -0.8881
vn 0.8881 -0.3251 -0.3251
vn 0.3251 0.8881 -0.3251
vn 0.8881 0.3251 -0.3251
vn 0.3251 0.3251 -0.8881
vn -0.3827 -0.9239 -0.0000
vn -0.9239 -0.3827 -0.0000
vn -0.3827 -0.0000 0.9239
vn -0.9239 -0.0000 0.3827
vn -0.3827 0.9239 -0.0000
vn -0.9239 0.3827 -0.0000
vn -0.3827 -0.0000 -0.9239
vn -0.9239 -0.0000 -0.3827
vn -0.0000 -0.9239 -0.3827
vn -0.0000 -0.3827 -0.9239
vn -0.0000 0.9239 -0.3827
vn -0.0000 0.3827 -0.9239
vn 0.9239 -0.0000 -0.3827
vn 0.3827 -0.0000 -0.9239
vn 0.3827 -0.9239 -0.0000
vn 0.9239 -0.3827 -0.0000
vn 0.3827 0.9239 -0.0000
vn 0.9239 0.3827 -0.0000
vn 0.3827 -0.0000 0.9239
vn 0.9239 -0.0000 0.3827
vn -0.0000 -0.9239 0.3827
vn -0.0000 -0.3827 0.9239
vn -0.0000 0.9239 0.3827
vn -0.0000 0.3827 0.9239
vn -0.0000 -1.0000 -0.0000
vn -1.0000 -0.0000 -0.0000
vn -0.0000 -0.0000 1.0000
vn -0.0000 1.0000 -0.0000
vn -0.0000 -0.0000 -1.0000
vn 1.0000 -0.0000 -0.0000
vt 0.131944 0.746173
vt 0.131944 0.750000
vt 0.127935 0.750000
vt 0.125000 0.746173
vt 0.450000 0.993056
vt 0.450000 1.000000
vt 0.406699 1.000000
vt 0.375000 0.993056
vt 0.450000 0.003827
vt 0.375000 0.003827
vt 0.375000 0.001617
vt 0.450000 0.000000
vt 0.550000 0.993056
vt 0.625000 0.993056
vt 0.625000 0.997065
vt 0.550000 1.000000
vt 0.868056 0.746173
vt 0.875000 0.746173
vt 0.875000 0.748383
vt 0.868056 0.750000
vt 0.550000 0.003827
vt 0.550000 0.000000
vt 0.593301 0.000000
vt 0.625000 0.003827
vt 0.131944 0.503827
vt 0.125000 0.503826
vt 0.125000 0.501617
vt 0.131944 0.500000
vt 0.450000 0.246173
vt 0.450000 0.250000
vt 0.390849 0.251468
vt 0.375000 0.246173
vt 0.450000 0.256944
vt 0.375000 0.256944
vt 0.868056 0.503827
vt 0.868056 0.500000
vt 0.872065 0.500000
vt 0.875000 0.503826
vt 0.550000 0.256944
vt 0.550000 0.250000
vt 0.609151 0.249191
vt 0.625000 0.256944
vt 0.550000 0.246173
vt 0.625000 0.246173
vt 0.368056 0.746174
vt 0.375000 0.746174
vt 0.385566 0.750439
vt 0.371528 0.753472
vt 0.450000 0.746174
vt 0.450000 0.750000
vt 0.450000 0.756944
vt 0.631944 0.746173
vt 0.628472 0.753472
vt 0.615412 0.749461
vt 0.625000 0.746174
vt 0.550000 0.756944
vt 0.550000 0.750000
vt 0.550000 0.746173
vt 0.368056 0.503826
vt 0.371528 0.496528
vt 0.384588 0.500539
vt 0.375000 0.503826
vt 0.450000 0.493056
vt 0.450000 0.500000
vt 0.450000 0.503826
vt 0.631945 0.503827
vt 0.625000 0.503826
vt 0.614434 0.499561
vt 0.628472 0.496528
vt 0.550000 0.503826
vt 0.550000 0.500000
vt 0.550000 0.493056
s 0
usemtl Cream_Cabinets
f 505/649/487 508/650/487 509/651/487 511/652/487
f 506/653/488 510/654/488 509/655/488 508/656/488
f 507/657/489 511/658/489 509/659/489 510/660/489
f 512/661/490 515/662/490 516/663/490 518/664/490
f 513/665/491 517/666/491 516/667/491 515/668/491
f 514/669/492 518/670/492 516/671/492 517/672/492
f 519/673/493 522/674/493 523/675/493 525/676/493
f 520/677/494 524/678/494 523/679/494 522/680/494
f 521/681/495 525/682/495 523/679/495 524/678/495
f 526/683/496 529/684/496 530/685/496 532/686/496
f 527/687/497 531/688/497 530/689/497 529/690/497
f 528/691/498 532/692/498 530/689/498 531/688/498
f 533/693/499 536/694/499 537/695/499 539/696/499
f 534/697/500 538/698/500 537/695/500 536/694/500
f 535/699/501 539/696/501 537/695/501 538/698/501
f 540/700/502 543/701/502 544/702/502 546/703/502
f 541/704/503 545/705/503 544/702/503 543/701/503
f 542/706/504 546/703/504 544/702/504 545/705/504
f 547/707/505 550/708/505 551/709/505 553/710/505
f 548/711/506 552/712/506 551/709/506 550/708/506
f 549/713/507 553/710/507 551/709/507 552/712/507
f 554/714/508 557/715/508 558/716/508 560/717/508
f 555/718/509 559/719/509 558/716/509 557/715/509
f 556/720/510 560/717/510 558/716/510 559/719/510
f 519/673/511 505/649/511 511/652/511 522/674/511
f 522/680/512 511/658/512 507/657/512 520/677/512
f 506/653/513 512/661/513 518/664/513 510/654/513
f 510/660/514 518/670/514 514/669/514 507/657/514
f 513/665/515 526/683/515 532/686/515 517/666/515
f 517/672/516 532/692/516 528/691/516 514/669/516
f 527/687/517 521/681/517 524/678/517 531/688/517
f 531/688/518 524/678/518 520/677/518 528/691/518
f 547/707/519 519/673/519 525/676/519 550/708/519
f 550/708/520 525/682/520 521/681/520 548/711/520
f 526/683/521 554/714/521 560/717/521 529/684/521
f 529/690/522 560/717/522 556/720/522 527/687/522
f 555/718/523 549/713/523 552/712/523 559/719/523
f 559/719/524 552/712/524 548/711/524 556/720/524
f 533/693/525 547/707/525 553/710/525 536/694/525
f 536/694/526 553/710/526 549/713/526 534/697/526
f 554/714/527 540/700/527 546/703/527 557/715/527
f 557/715/528 546/703/528 542/706/528 555/718/528
f 541/704/529 535/699/529 538/698/529 545/705/529
f 545/705/530 538/698/530 534/697/530 542/706/530
f 505/649/531 533/693/531 539/696/531 508/650/531
f 508/656/532 539/696/532 535/699/532 506/653/532
f 540/700/533 513/665/533 515/668/533 543/701/533
f 543/701/534 515/662/534 512/661/534 541/704/534
f 519/673/535 547/707/535 533/693/535 505/649/535
f 507/657/536 514/669/536 528/691/536 520/677/536
f 535/699/537 541/704/537 512/661/537 506/653/537
f 554/714/538 526/683/538 513/665/538 540/700/538
f 521/681/539 527/687/539 556/720/539 548/711/539
f 549/713/540 555/718/540 542/706/540 534/697/540
o Shelf_-1_0_2.0
v -1.545000 1.975000 -0.275000
v -1.545000 1.990000 -0.260000
v -1.560000 1.990000 -0.275000
v -1.545000 1.979393 -0.264393
v -1.553660 1.981340 -0.266340
v -1.555607 1.990000 -0.264393
v -1.555607 1.979393 -0.275000
v -1.545000 2.010000 -0.260000
v -1.545000 2.025000 -0.275000
v -1.560000 2.010000 -0.275000
v -1.545000 2.020607 -0.264393
v -1.553660 2.018660 -0.266340
v -1.555607 2.020607 -0.275000
v -1.555607 2.010000 -0.264393
v -1.545000 1.975000 -1.225000
v -1.560000 1.990000 -1.225000
v -1.545000 1.990000 -1.240000
v -1.555607 1.979393 -1.225000
v -1.553660 1.981340 -1.233660
v -1.555607 1.990000 -1.235607
v -1.545000 1.979393 -1.235607
v -1.545000 2.025000 -1.225000
v -1.545000 2.010000 -1.240000
v -1.560000 2.010000 -1.225000
v -1.545000 2.020607 -1.235607
v -1.553660 2.018660 -1.233660
v -1.555607 2.010000 -1.235607
v -1.555607 2.020607 -1.225000
v -1.035000 1.975000 -0.275000
v -1.020000 1.990000 -0.275000
v -1.035000 1.990000 -0.260000
v -1.024393 1.979393 -0.275000
v -1.026340 1.981340 -0.266340
v -1.024393 1.990000 -0.264393
v -1.035000 1.979393 -0.264393
v -1.035000 2.025000 -0.275000
v -1.035000 2.010000 -0.260000
v -1.020000 2.010000 -0.275000
v -1.035000 2.020607 -0.264393
v -1.026340 2.018660 -0.266340
v -1.024393 2.010000 -0.264393
v -1.024393 2.020607 -0.275000
v -1.035000 1.975000 -1.225000
v -1.035000 1.990000 -1.240000
v -1.020000 1.990000 -1.225000
v -1.035000 1.979393 -1.235607
v -1.026340 1.981340 -1.233660
v -1.024393 1.990000 -1.235607
v -1.024393 1.979393 -1.225000
v -1.035000 2.025000 -1.225000
v -1.020000 2.010000 -1.225000
v -1.035000 2.010000 -1.240000
v -1.024393 2.020607 -1.225000
v -1.026340 2.018660 -1.233660
v -1.024393 2.010000 -1.235607
v -1.035000 2.020607 -1.235607
vn -0.3251 -0.8881 0.3251
vn -0.3251 -0.3251 0.8881
vn -0.8881 -0.3251 0.3251
vn -0.3251 0.3251 0.8881
vn -0.3251 0.8881 0.3251
vn -0.8881 0.3251 0.3251
vn -0.3251 -0.8881 -0.3251
vn -0.8881 -0.3251 -0.3251
vn -0.3251 -0.3251 -0.8881
vn -0.3251 0.8881 -0.3251
vn -0.3251 0.3251 -0.8881
vn -0.8881 0.3251 -0.3251
vn 0.3251 -0.8881 0.3251
vn 0.8881 -0.3251 0.3251
vn 0.3251 -0.3251 0.8881
vn 0.3251 0.8881 0.3251
vn 0.3251 0.3251 0.8881
vn 0.8881 0.3251 0.3251
vn 0.3251 -0.8881 -0.3251
vn 0.3251 -0.3251 -0.8881
vn 0.8881 -0.3251 -0.3251
vn 0.3251 0.8881 -0.3251
vn 0.8881 0.3251 -0.3251
vn 0.3251 0.3251 -0.8881
vn -0.3827 -0.9239 -0.0000
vn -0.9239 -0.3827 -0.0000
vn -0.3827 -0.0000 0.9239
vn -0.9239 -0.0000 0.3827
vn -0.3827 0.9239 -0.0000
vn -0.9239 0.3827 -0.0000
vn -0.3827 -0.0000 -0.9239
vn -0.9239 -0.0000 -0.3827
vn -0.0000 -0.9239 -0.3827
vn -0.0000 -0.3827 -0.9239
vn -0.0000 0.9239 -0.3827
vn -0.0000 0.3827 -0.9239
vn 0.9239 -0.0000 -0.3827
vn 0.3827 -0.0000 -0.9239
vn 0.3827 -0.9239 -0.0000
vn 0.9239 -0.3827 -0.0000
vn 0.3827 0.9239 -0.0000
vn 0.9239 0.3827 -0.0000
vn 0.3827 -0.0000 0.9239
vn 0.9239 -0.0000 0.3827
vn -0.0000 -0.9239 0.3827
vn -0.0000 -0.3827 0.9239
vn -0.0000 0.9239 0.3827
vn -0.0000 0.3827 0.9239
vn -0.0000 -1.0000 -0.0000
vn -1.0000 -0.0000 -0.0000
vn -0.0000 -0.0000 1.0000
vn -0.0000 1.0000 -0.0000
vn -0.0000 -0.0000 -1.0000
vn 1.0000 -0.0000 -0.0000
vt 0.131944 0.746173
vt 0.131944 0.750000
vt 0.127935 0.750000
vt 0.125000 0.746173
vt 0.450000 0.993056
vt 0.450000 1.000000
vt 0.406699 1.000000
vt 0.375000 0.993056
vt 0.450000 0.003827
vt 0.375000 0.003827
vt 0.375000 0.001617
vt 0.450000 0.000000
vt 0.550000 0.993056
vt 0.625000 0.993056
vt 0.625000 0.997065
vt 0.550000 1.000000
vt 0.868056 0.746173
vt 0.875000 0.746173
vt 0.875000 0.748383
vt 0.868056 0.750000
vt 0.550000 0.003827
vt 0.550000 0.000000
vt 0.593301 0.000000
vt 0.625000 0.003827
vt 0.131944 0.503827
vt 0.125000 0.503826
vt 0.125000 0.501617
vt 0.131944 0.500000
vt 0.450000 0.246173
vt 0.450000 0.250000
vt 0.390849 0.251468
vt 0.375000 0.246173
vt 0.450000 0.256944
vt 0.375000 0.256944
vt 0.868056 0.503827
vt 0.868056 0.500000
vt 0.872065 0.500000
vt 0.875000 0.503826
vt 0.550000 0.256944
vt 0.550000 0.250000
vt 0.609151 0.249191
vt 0.625000 0.256944
vt 0.550000 0.246173
vt 0.625000 0.246173
vt 0.368056 0.746174
vt 0.375000 0.746174
vt 0.385566 0.750439
vt 0.371528 0.753472
vt 0.450000 0.746174
vt 0.450000 0.750000
vt 0.450000 0.756944
vt 0.631944 0.746173
vt 0.628472 0.753472
vt 0.615412 0.749461
vt 0.625000 0.746174
vt 0.550000 0.756944
vt 0.550000 0.750000
vt 0.550000 0.746173
vt 0.368056 0.503826
vt 0.371528 0.496528
vt 0.384588 0.500539
vt 0.375000 0.503826
vt 0.450000 0.493056
vt 0.450000 0.500000
vt 0.450000 0.503826
vt 0.631945 0.503827
vt 0.625000 0.503826
vt 0.614434 0.499561
vt 0.628472 0.496528
vt 0.550000 0.503826
vt 0.550000 0.500000
vt 0.550000 0.493056
s 0
usemtl Cream_Cabinets
f 561/721/541 564/722/541 565/723/541 567/724/541
f 562/725/542 566/726/542 565/727/542 564/728/542
f 563/729/543 567/730/543 565/731/543 566/732/543
f 568/733/544 571/734/544 572/735/544 574/736/544
f 569/737/545 573/738/545 572/739/545 571/740/545
f 570/741/546 574/742/546 572/743/546 573/744/546
f 575/745/547 578/746/547 579/747/547 581/748/547
f 576/749/548 580/750/548 579/751/548 578/752/548
f 577/753/549 581/754/549 579/751/549 580/750/549
f 582/755/550 585/756/550 586/757/550 588/758/550
f 583/759/551 587/760/551 586/761/551 585/762/551
f 584/763/552 588/764/552 586/761/552 587/760/552
f 589/765/553 592/766/553 593/767/553 595/768/553
f 590/769/554 594/770/554 593/767/554 592/766/554
f 591/771/555 595/768/555 593/767/555 594/770/555
f 596/772/556 599/773/556 600/774/556 602/775/556
f 597/776/557 601/777/557 600/774/557 599/773/557
f 598/778/558 602/775/558 600/774/558 601/777/558
f 603/779/559 606/780/559 607/781/559 609/782/559
f 604/783/560 608/784/560 607/781/560 606/780/560
f 605/785/561 609/782/561 607/781/561 608/784/561
f 610/786/562 613/787/562 614/788/562 616/789/562
f 611/790/563 615/791/563 614/788/563 613/787/563
f 612/792/564 616/789/564 614/788/564 615/791/564
f 575/745/565 561/721/565 567/724/565 578/746/565
f 578/752/566 567/730/566 563/729/566 576/749/566
f 562/725/567 568/733/567 574/736/567 566/726/567
f 566/732/568 574/742/568 570/741/568 563/729/568
f 569/737/569 582/755/569 588/758/569 573/738/569
f 573/744/570 588/764/570 584/763/570 570/741/570
f 583/759/571 577/753/571 580/750/571 587/760/571
f 587/760/572 580/750/572 576/749/572 584/763/572
f 603/779/573 575/745/573 581/748/573 606/780/573
f 606/780/574 581/754/574 577/753/574 604/783/574
f 582/755/575 610/786/575 616/789/575 585/756/575
f 585/762/576 616/789/576 612/792/576 583/759/576
f 611/790/577 605/785/577 608/784/577 615/791/577
f 615/791/578 608/784/578 604/783/578 612/792/578
f 589/765/579 603/779/579 609/782/579 592/766/579
f 592/766/580 609/782/580 605/785/580 590/769/580
f 610/786/581 596/772/581 602/775/581 613/787/581
f 613/787/582 602/775/582 598/778/582 611/790/582
f 597/776/583 591/771/583 594/770/583 601/777/583
f 601/777/584 594/770/584 590/769/584 598/778/584
f 561/721/585 589/765/585 595/768/585 564/722/585
f 564/728/586 595/768/586 591/771/586 562/725/586
f 596/772/587 569/737/587 571/740/587 599/773/587
f 599/773/588 571/734/588 568/733/588 597/776/588
f 575/745/589 603/779/589 589/765/589 561/721/589
f 563/729/590 570/741/590 584/763/590 576/749/590
f 591/771/591 597/776/591 568/733/591 562/725/591
f 610/786/592 582/755/592 569/737/592 596/772/592
f 577/753/593 583/759/593 612/792/593 604/783/593
f 605/785/594 611/790/594 598/778/594 590/769/594
o Hanging_Rod_-1_0
v -1.290000 1.742000 -1.180000
v -1.290000 1.742000 -0.320000
v -1.284306 1.741250 -1.180000
v -1.284306 1.741250 -0.320000
v -1.279000 1.739053 -1.180000
v -1.279000 1.739053 -0.320000
v -1.274444 1.735556 -1.180000
v -1.274444 1.735556 -0.320000
v -1.270947 1.731000 -1.180000
v -1.270947 1.731000 -0.320000
v -1.268750 1.725694 -1.180000
v -1.268750 1.725694 -0.320000
v -1.268000 1.720000 -1.180000
v -1.268000 1.720000 -0.320000
v -1.268750 1.714306 -1.180000
v -1.268750 1.714306 -0.320000
v -1.270947 1.709000 -1.180000
v -1.270947 1.709000 -0.320000
v -1.274444 1.704444 -1.180000
v -1.274444 1.704444 -0.320000
v -1.279000 1.700948 -1.180000
v -1.279000 1.700947 -0.320000
v -1.284306 1.698750 -1.180000
v -1.284306 1.698750 -0.320000
v -1.290000 1.698000 -1.180000
v -1.290000 1.698000 -0.320000
v -1.295694 1.698750 -1.180000
v -1.295694 1.698750 -0.320000
v -1.301000 1.700948 -1.180000
v -1.301000 1.700947 -0.320000
v -1.305556 1.704444 -1.180000
v -1.305556 1.704444 -0.320000
v -1.309052 1.709000 -1.180000
v -1.309052 1.709000 -0.320000
v -1.311250 1.714306 -1.180000
v -1.311250 1.714306 -0.320000
v -1.312000 1.720000 -1.180000
v -1.312000 1.720000 -0.320000
v -1.311250 1.725694 -1.180000
v -1.311250 1.725694 -0.320000
v -1.309052 1.731000 -1.180000
v -1.309052 1.731000 -0.320000
v -1.305556 1.735556 -1.180000
v -1.305556 1.735556 -0.320000
v -1.301000 1.739053 -1.180000
v -1.301000 1.739053 -0.320000
v -1.295694 1.741250 -1.180000
v -1.295694 1.741250 -0.320000
vn 0.1305 0.9914 -0.0000
vn 0.3827 0.9239 -0.0000
vn 0.6088 0.7934 -0.0000
vn 0.7934 0.6088 -0.0000
vn 0.9239 0.3827 -0.0000
vn 0.9914 0.1305 -0.0000
vn 0.9914 -0.1305 -0.0000
vn 0.9239 -0.3827 -0.0000
vn 0.7934 -0.6088 -0.0000
vn 0.6088 -0.7934 -0.0000
vn 0.3827 -0.9239 -0.0000
vn 0.1305 -0.9914 -0.0000
vn -0.1305 -0.9914 -0.0000
vn -0.3827 -0.9239 -0.0000
vn -0.6088 -0.7934 -0.0000
vn -0.7934 -0.6088 -0.0000
vn -0.9239 -0.3827 -0.0000
vn -0.9914 -0.1305 -0.0000
vn -0.9914 0.1305 -0.0000
vn -0.9239 0.3827 -0.0000
vn -0.7934 0.6088 -0.0000
vn -0.6088 0.7934 -0.0000
vn -0.0000 -0.0000 1.0000
vn -0.3827 0.9239 -0.0000
vn -0.1305 0.9914 -0.0000
vn -0.0000 -0.0000 -1.0000
vt 1.000000 0.500000
vt 1.000000 1.000000
vt 0.958333 1.000000
vt 0.958333 0.500000
vt 0.916667 1.000000
vt 0.916667 0.500000
vt 0.875000 1.000000
vt 0.875000 0.500000
vt 0.833333 1.000000
vt 0.833333 0.500000
vt 0.791667 1.000000
vt 0.791667 0.500000
vt 0.750000 1.000000
vt 0.750000 0.500000
vt 0.708333 1.000000
vt 0.708333 0.500000
vt 0.666667 1.000000
vt 0.666667 0.500000
vt 0.625000 1.000000
vt 0.625000 0.500000
vt 0.583333 1.000000
vt 0.583333 0.500000
vt 0.541666 1.000000
vt 0.541666 0.500000
vt 0.500000 1.000000
vt 0.500000 0.500000
vt 0.458333 1.000000
vt 0.458333 0.500000
vt 0.416666 1.000000
vt 0.416666 0.500000
vt 0.375000 1.000000
vt 0.375000 0.500000
vt 0.333333 1.000000
vt 0.333333 0.500000
vt 0.291667 1.000000
vt 0.291667 0.500000
vt 0.250000 1.000000
vt 0.250000 0.500000
vt 0.208333 1.000000
vt 0.208333 0.500000
vt 0.166666 1.000000
vt 0.166666 0.500000
vt 0.125000 1.000000
vt 0.125000 0.500000
vt 0.083333 1.000000
vt 0.083333 0.500000
vt 0.312117 0.481822
vt 0.250000 0.490000
vt 0.187883 0.481822
vt 0.130000 0.457846
vt 0.080294 0.419706
vt 0.042154 0.370000
vt 0.018178 0.312117
vt 0.010000 0.250000
vt 0.018178 0.187883
vt 0.042154 0.130000
vt 0.080294 0.080294
vt 0.130000 0.042154
vt 0.187883 0.018178
vt 0.250000 0.010000
vt 0.312117 0.018178
vt 0.370000 0.042154
vt 0.419706 0.080294
vt 0.457846 0.130000
vt 0.481822 0.187883
vt 0.490000 0.250000
vt 0.481822 0.312117
vt 0.457846 0.370000
vt 0.419706 0.419706
vt 0.370000 0.457846
vt 0.041666 1.000000
vt 0.041666 0.500000
vt -0.000000 1.000000
vt -0.000000 0.500000
vt 0.750000 0.490000
vt 0.812117 0.481822
vt 0.870000 0.457846
vt 0.919706 0.419706
vt 0.957846 0.370000
vt 0.981822 0.312117
vt 0.990000 0.250000
vt 0.981822 0.187883
vt 0.957846 0.130000
vt 0.919706 0.080294
vt 0.870000 0.042154
vt 0.812117 0.018178
vt 0.750000 0.010000
vt 0.687883 0.018178
vt 0.630000 0.042154
vt 0.580294 0.080294
vt 0.542154 0.130000
vt 0.518178 0.187883
vt 0.510000 0.250000
vt 0.518178 0.312117
vt 0.542154 0.370000
vt 0.580294 0.419706
vt 0.630000 0.457846
vt 0.687883 0.481822
s 0
usemtl Radiator_Metal
f 617/793/595 618/794/595 620/795/595 619/796/595
f 619/796/596 620/795/596 622/797/596 621/798/596
f 621/798/597 622/797/597 624/799/597 623/800/597
f 623/800/598 624/799/598 626/801/598 625/802/598
f 625/802/599 626/801/599 628/803/599 627/804/599
f 627/804/600 628/803/600 630/805/600 629/806/600
f 629/806/601 630/805/601 632/807/601 631/808/601
f 631/808/602 632/807/602 634/809/602 633/810/602
f 633/810/603 634/809/603 636/811/603 635/812/603
f 635/812/604 636/811/604 638/813/604 637/814/604
f 637/814/605 638/813/605 640/815/605 639/816/605
f 639/816/606 640/815/606 642/817/606 641/818/606
f 641/818/607 642/817/607 644/819/607 643/820/607
f 643/820/608 644/819/608 646/821/608 645/822/608
f 645/822/609 646/821/609 648/823/609 647/824/609
f 647/824/610 648/823/610 650/825/610 649/826/610
f 649/826/611 650/825/611 652/827/611 651/828/611
f 651/828/612 652/827/612 654/829/612 653/830/612
f 653/830/613 654/829/613 656/831/613 655/832/613
f 655/832/614 656/831/614 658/833/614 657/834/614
f 657/834/615 658/833/615 660/835/615 659/836/615
f 659/836/616 660/835/616 662/837/616 661/838/616
f 620/839/617 618/840/617 664/841/617 662/842/617 660/843/617 658/844/617 656/845/617 654/846/617 652/847/617 650/848/617 648/849/617 646/850/617 644/851/617 642/852/617 640/853/617 638/854/617 636/855/617 634/856/617 632/857/617 630/858/617 628/859/617 626/860/617 624/861/617 622/862/617
f 661/838/618 662/837/618 664/863/618 663/864/618
f 663/864/619 664/863/619 618/865/619 617/866/619
f 617/867/620 619/868/620 621/869/620 623/870/620 625/871/620 627/872/620 629/873/620 631/874/620 633/875/620 635/876/620 637/877/620 639/878/620 641/879/620 643/880/620 645/881/620 647/882/620 649/883/620 651/884/620 653/885/620 655/886/620 657/887/620 659/888/620 661/889/620 663/890/620
o Shelf_-1_1_Bottom
v -1.545000 0.120000 -1.425000
v -1.545000 0.135000 -1.410000
v -1.560000 0.135000 -1.425000
v -1.545000 0.124393 -1.414393
v -1.553660 0.126340 -1.416340
v -1.555607 0.135000 -1.414393
v -1.555607 0.124393 -1.425000
v -1.545000 0.165000 -1.410000
v -1.545000 0.180000 -1.425000
v -1.560000 0.165000 -1.425000
v -1.545000 0.175607 -1.414393
v -1.553660 0.173660 -1.416340
v -1.555607 0.175607 -1.425000
v -1.555607 0.165000 -1.414393
v -1.545000 0.120000 -2.375000
v -1.560000 0.135000 -2.375000
v -1.545000 0.135000 -2.390000
v -1.555607 0.124393 -2.375000
v -1.553660 0.126340 -2.383660
v -1.555607 0.135000 -2.385607
v -1.545000 0.124393 -2.385607
v -1.545000 0.180000 -2.375000
v -1.545000 0.165000 -2.390000
v -1.560000 0.165000 -2.375000
v -1.545000 0.175607 -2.385607
v -1.553660 0.173660 -2.383660
v -1.555607 0.165000 -2.385607
v -1.555607 0.175607 -2.375000
v -1.035000 0.120000 -1.425000
v -1.020000 0.135000 -1.425000
v -1.035000 0.135000 -1.410000
v -1.024393 0.124393 -1.425000
v -1.026340 0.126340 -1.416340
v -1.024393 0.135000 -1.414393
v -1.035000 0.124393 -1.414393
v -1.035000 0.180000 -1.425000
v -1.035000 0.165000 -1.410000
v -1.020000 0.165000 -1.425000
v -1.035000 0.175607 -1.414393
v -1.026340 0.173660 -1.416340
v -1.024393 0.165000 -1.414393
v -1.024393 0.175607 -1.425000
v -1.035000 0.120000 -2.375000
v -1.035000 0.135000 -2.390000
v -1.020000 0.135000 -2.375000
v -1.035000 0.124393 -2.385607
v -1.026340 0.126340 -2.383660
v -1.024393 0.135000 -2.385607
v -1.024393 0.124393 -2.375000
v -1.035000 0.180000 -2.375000
v -1.020000 0.165000 -2.375000
v -1.035000 0.165000 -2.390000
v -1.024393 0.175607 -2.375000
v -1.026340 0.173660 -2.383660
v -1.024393 0.165000 -2.385607
v -1.035000 0.175607 -2.385607
vn -0.3251 -0.8881 0.3251
vn -0.3251 -0.3251 0.8881
vn -0.8881 -0.3251 0.3251
vn -0.3251 0.3251 0.8881
vn -0.3251 0.8881 0.3251
vn -0.8881 0.3251 0.3251
vn -0.3251 -0.8881 -0.3251
vn -0.8881 -0.3251 -0.3251
vn -0.3251 -0.3251 -0.8881
vn -0.3251 0.8881 -0.3251
vn -0.3251 0.3251 -0.8881
vn -0.8881 0.3251 -0.3251
vn 0.3251 -0.8881 0.3251
vn 0.8881 -0.3251 0.3251
vn 0.3251 -0.3251 0.8881
vn 0.3251 0.8881 0.3251
vn 0.3251 0.3251 0.8881
vn 0.8881 0.3251 0.3251
vn 0.3251 -0.8881 -0.3251
vn 0.3251 -0.3251 -0.8881
vn 0.8881 -0.3251 -0.3251
vn 0.3251 0.8881 -0.3251
vn 0.8881 0.3251 -0.3251
vn 0.3251 0.3251 -0.8881
vn -0.3827 -0.9239 -0.0000
vn -0.9239 -0.3827 -0.0000
vn -0.3827 -0.0000 0.9239
vn -0.9239 -0.0000 0.3827
vn -0.3827 0.9239 -0.0000
vn -0.9239 0.3827 -0.0000
vn -0.3827 -0.0000 -0.9239
vn -0.9239 -0.0000 -0.3827
vn -0.0000 -0.9239 -0.3827
vn -0.0000 -0.3827 -0.9239
vn -0.0000 0.9239 -0.3827
vn -0.0000 0.3827 -0.9239
vn 0.9239 -0.0000 -0.3827
vn 0.3827 -0.0000 -0.9239
vn 0.3827 -0.9239 -0.0000
vn 0.9239 -0.3827 -0.0000
vn 0.3827 0.9239 -0.0000
vn 0.9239 0.3827 -0.0000
vn 0.3827 -0.0000 0.9239
vn 0.9239 -0.0000 0.3827
vn -0.0000 -0.9239 0.3827
vn -0.0000 -0.3827 0.9239
vn -0.0000 0.9239 0.3827
vn -0.0000 0.3827 0.9239
vn -0.0000 -1.0000 -0.0000
vn -1.0000 -0.0000 -0.0000
vn -0.0000 -0.0000 1.0000
vn -0.0000 1.0000 -0.0000
vn -0.0000 -0.0000 -1.0000
vn 1.0000 -0.0000 -0.0000
vt 0.131944 0.746173
vt 0.131944 0.750000
vt 0.127935 0.750000
vt 0.125000 0.746173
vt 0.437500 0.993056
vt 0.437500 1.000000
vt 0.401416 1.000000
vt 0.375000 0.993056
vt 0.437500 0.003827
vt 0.375000 0.003827
vt 0.375000 0.001617
vt 0.437500 0.000000
vt 0.562500 0.993056
vt 0.625000 0.993056
vt 0.625000 0.997065
vt 0.562500 1.000000
vt 0.868056 0.746173
vt 0.875000 0.746173
vt 0.875000 0.748383
vt 0.868056 0.750000
vt 0.562500 0.003827
vt 0.562500 0.000000
vt 0.598584 0.000000
vt 0.625000 0.003827
vt 0.131944 0.503827
vt 0.125000 0.503826
vt 0.125000 0.501617
vt 0.131944 0.500000
vt 0.437500 0.246173
vt 0.437500 0.250000
vt 0.388208 0.251468
vt 0.375000 0.246173
vt 0.437500 0.256944
vt 0.375000 0.256944
vt 0.868056 0.503827
vt 0.868056 0.500000
vt 0.872065 0.500000
vt 0.875000 0.503826
vt 0.562500 0.256944
vt 0.562500 0.250000
vt 0.611792 0.249191
vt 0.625000 0.256944
vt 0.562500 0.246173
vt 0.625000 0.246173
vt 0.368056 0.746174
vt 0.375000 0.746173
vt 0.383805 0.750439
vt 0.371528 0.753472
vt 0.437500 0.746174
vt 0.437500 0.750000
vt 0.437500 0.756944
vt 0.631944 0.746173
vt 0.628472 0.753472
vt 0.617173 0.749461
vt 0.625000 0.746173
vt 0.562500 0.756944
vt 0.562500 0.750000
vt 0.562500 0.746174
vt 0.368056 0.503826
vt 0.371528 0.496528
vt 0.382827 0.500539
vt 0.375000 0.503826
vt 0.437500 0.493056
vt 0.437500 0.500000
vt 0.437500 0.503827
vt 0.631945 0.503827
vt 0.625000 0.503826
vt 0.616195 0.499561
vt 0.628472 0.496528
vt 0.562500 0.503827
vt 0.562500 0.500000
vt 0.562500 0.493056
s 0
usemtl Cream_Cabinets
f 665/891/621 668/892/621 669/893/621 671/894/621
f 666/895/622 670/896/622 669/897/622 668/898/622
f 667/899/623 671/900/623 669/901/623 670/902/623
f 672/903/624 675/904/624 676/905/624 678/906/624
f 673/907/625 677/908/625 676/909/625 675/910/625
f 674/911/626 678/912/626 676/913/626 677/914/626
f 679/915/627 682/916/627 683/917/627 685/918/627
f 680/919/628 684/920/628 683/921/628 682/922/628
f 681/923/629 685/924/629 683/921/629 684/920/629
f 686/925/630 689/926/630 690/927/630 692/928/630
f 687/929/631 691/930/631 690/931/631 689/932/631
f 688/933/632 692/934/632 690/931/632 691/930/632
f 693/935/633 696/936/633 697/937/633 699/938/633
f 694/939/634 698/940/634 697/937/634 696/936/634
f 695/941/635 699/938/635 697/937/635 698/940/635
f 700/942/636 703/943/636 704/944/636 706/945/636
f 701/946/637 705/947/637 704/944/637 703/943/637
f 702/948/638 706/945/638 704/944/638 705/947/638
f 707/949/639 710/950/639 711/951/639 713/952/639
f 708/953/640 712/954/640 711/951/640 710/950/640
f 709/955/641 713/952/641 711/951/641 712/954/641
f 714/956/642 717/957/642 718/958/642 720/959/642
f 715/960/643 719/961/643 718/958/643 717/957/643
f 716/962/644 720/959/644 718/958/644 719/961/644
f 679/915/645 665/891/645 671/894/645 682/916/645
f 682/922/646 671/900/646 667/899/646 680/919/646
f 666/895/647 672/903/647 678/906/647 670/896/647
f 670/902/648 678/912/648 674/911/648 667/899/648
f 673/907/649 686/925/649 692/928/649 677/908/649
f 677/914/650 692/934/650 688/933/650 674/911/650
f 687/929/651 681/923/651 684/920/651 691/930/651
f 691/930/652 684/920/652 680/919/652 688/933/652
f 707/949/653 679/915/653 685/918/653 710/950/653
f 710/950/654 685/924/654 681/923/654 708/953/654
f 686/925/655 714/956/655 720/959/655 689/926/655
f 689/932/656 720/959/656 716/962/656 687/929/656
f 715/960/657 709/955/657 712/954/657 719/961/657
f 719/961/658 712/954/658 708/953/658 716/962/658
f 693/935/659 707/949/659 713/952/659 696/936/659
f 696/936/660 713/952/660 709/955/660 694/939/660
f 714/956/661 700/942/661 706/945/661 717/957/661
f 717/957/662 706/945/662 702/948/662 715/960/662
f 701/946/663 695/941/663 698/940/663 705/947/663
f 705/947/664 698/940/664 694/939/664 702/948/664
f 665/891/665 693/935/665 699/938/665 668/892/665
f 668/898/666 699/938/666 695/941/666 666/895/666
f 700/942/667 673/907/667 675/910/667 703/943/667
f 703/943/668 675/904/668 672/903/668 701/946/668
f 679/915/669 707/949/669 693/935/669 665/891/669
f 667/899/670 674/911/670 688/933/670 680/919/670
f 695/941/671 701/946/671 672/903/671 666/895/671
f 714/956/672 686/925/672 673/907/672 700/942/672
f 681/923/673 687/929/673 716/962/673 708/953/673
f 709/955/674 715/960/674 702/948/674 694/939/674
o Shelf_-1_1_0.8
v -1.545000 0.775000 -1.425000
v -1.545000 0.790000 -1.410000
v -1.560000 0.790000 -1.425000
v -1.545000 0.779393 -1.414393
v -1.553660 0.781340 -1.416340
v -1.555607 0.790000 -1.414393
v -1.555607 0.779393 -1.425000
v -1.545000 0.810000 -1.410000
v -1.545000 0.825000 -1.425000
v -1.560000 0.810000 -1.425000
v -1.545000 0.820607 -1.414393
v -1.553660 0.818660 -1.416340
v -1.555607 0.820607 -1.425000
v -1.555607 0.810000 -1.414393
v -1.545000 0.775000 -2.375000
v -1.560000 0.790000 -2.375000
v -1.545000 0.790000 -2.390000
v -1.555607 0.779393 -2.375000
v -1.553660 0.781340 -2.383660
v -1.555607 0.790000 -2.385607
v -1.545000 0.779393 -2.385607
v -1.545000 0.825000 -2.375000
v -1.545000 0.810000 -2.390000
v -1.560000 0.810000 -2.375000
v -1.545000 0.820607 -2.385607
v -1.553660 0.818660 -2.383660
v -1.555607 0.810000 -2.385607
v -1.555607 0.820607 -2.375000
v -1.035000 0.775000 -1.425000
v -1.020000 0.790000 -1.425000
v -1.035000 0.790000 -1.410000
v -1.024393 0.779393 -1.425000
v -1.026340 0.781340 -1.416340
v -1.024393 0.790000 -1.414393
v -1.035000 0.779393 -1.414393
v -1.035000 0.825000 -1.425000
v -1.035000 0.810000 -1.410000
v -1.020000 0.810000 -1.425000
v -1.035000 0.820607 -1.414393
v -1.026340 0.818660 -1.416340
v -1.024393 0.810000 -1.414393
v -1.024393 0.820607 -1.425000
v -1.035000 0.775000 -2.375000
v -1.035000 0.790000 -2.390000
v -1.020000 0.790000 -2.375000
v -1.035000 0.779393 -2.385607
v -1.026340 0.781340 -2.383660
v -1.024393 0.790000 -2.385607
v -1.024393 0.779393 -2.375000
v -1.035000 0.825000 -2.375000
v -1.020000 0.810000 -2.375000
v -1.035000 0.810000 -2.390000
v -1.024393 0.820607 -2.375000
v -1.026340 0.818660 -2.383660
v -1.024393 0.810000 -2.385607
v -1.035000 0.820607 -2.385607
vn -0.3251 -0.8881 0.3251
vn -0.3251 -0.3251 0.8881
vn -0.8881 -0.3251 0.3251
vn -0.3251 0.3251 0.8881
vn -0.3251 0.8881 0.3251
vn -0.8881 0.3251 0.3251
vn -0.3251 -0.8881 -0.3251
vn -0.8881 -0.3251 -0.3251
vn -0.3251 -0.3251 -0.8881
vn -0.3251 0.8881 -0.3251
vn -0.3251 0.3251 -0.8881
vn -0.8881 0.3251 -0.3251
vn 0.3251 -0.8881 0.3251
vn 0.8881 -0.3251 0.3251
vn 0.3251 -0.3251 0.8881
vn 0.3251 0.8881 0.3251
vn 0.3251 0.3251 0.8881
vn 0.8881 0.3251 0.3251
vn 0.3251 -0.8881 -0.3251
vn 0.3251 -0.3251 -0.8881
vn 0.8881 -0.3251 -0.3251
vn 0.3251 0.8881 -0.3251
vn 0.8881 0.3251 -0.3251
vn 0.3251 0.3251 -0.8881
vn -0.3827 -0.9239 -0.0000
vn -0.9239 -0.3827 -0.0000
vn -0.3827 -0.0000 0.9239
vn -0.9239 -0.0000 0.3827
vn -0.3827 0.9239 -0.0000
vn -0.9239 0.3827 -0.0000
vn -0.3827 -0.0000 -0.9239
vn -0.9239 -0.0000 -0.3827
vn -0.0000 -0.9239 -0.3827
vn -0.0000 -0.3827 -0.9239
vn -0.0000 0.9239 -0.3827
vn -0.0000 0.3827 -0.9239
vn 0.9239 -0.0000 -0.3827
vn 0.3827 -0.0000 -0.9239
vn 0.3827 -0.9239 -0.0000
vn 0.9239 -0.3827 -0.0000
vn 0.3827 0.9239 -0.0000
vn 0.9239 0.3827 -0.0000
vn 0.3827 -0.0000 0.9239
vn 0.9239 -0.0000 0.3827
vn -0.0000 -0.9239 0.3827
vn -0.0000 -0.3827 0.9239
vn -0.0000 0.9239 0.3827
vn -0.0000 0.3827 0.9239
vn -0.0000 -1.0000 -0.0000
vn -1.0000 -0.0000 -0.0000
vn -0.0000 -0.0000 1.0000
vn -0.0000 1.0000 -0.0000
vn -0.0000 -0.0000 -1.0000
vn 1.0000 -0.0000 -0.0000
vt 0.131944 0.746173
vt 0.131944 0.750000
vt 0.127935 0.750000
vt 0.125000 0.746173
vt 0.450000 0.993056
vt 0.450000 1.000000
vt 0.406699 1.000000
vt 0.375000 0.993056
vt 0.450000 0.003827
vt 0.375000 0.003827
vt 0.375000 0.001617
vt 0.450000 0.000000
vt 0.550000 0.993056
vt 0.625000 0.993056
vt 0.625000 0.997065
vt 0.550000 1.000000
vt 0.868056 0.746173
vt 0.875000 0.746173
vt 0.875000 0.748383
vt 0.868056 0.750000
vt 0.550000 0.003827
vt 0.550000 0.000000
vt 0.593301 0.000000
vt 0.625000 0.003827
vt 0.131944 0.503827
vt 0.125000 0.503826
vt 0.125000 0.501617
vt 0.131944 0.500000
vt 0.450000 0.246173
vt 0.450000 0.250000
vt 0.390849 0.251468
vt 0.375000 0.246173
vt 0.450000 0.256944
vt 0.375000 0.256944
vt 0.868056 0.503827
vt 0.868056 0.500000
vt 0.872065 0.500000
vt 0.875000 0.503826
vt 0.550000 0.256944
vt 0.550000 0.250000
vt 0.609151 0.249191
vt 0.625000 0.256944
vt 0.550000 0.246173
vt 0.625000 0.246173
vt 0.368056 0.746174
vt 0.375000 0.746174
vt 0.385566 0.750439
vt 0.371528 0.753472
vt 0.450000 0.746174
vt 0.450000 0.750000
vt 0.450000 0.756944
vt 0.631944 0.746173
vt 0.628472 0.753472
vt 0.615412 0.749461
vt 0.625000 0.746174
vt 0.550000 0.756944
vt 0.550000 0.750000
vt 0.550000 0.746173
vt 0.368056 0.503826
vt 0.371528 0.496528
vt 0.384588 0.500539
vt 0.375000 0.503826
vt 0.450000 0.493056
vt 0.450000 0.500000
vt 0.450000 0.503826
vt 0.631945 0.503827
vt 0.625000 0.503826
vt 0.614434 0.499561
vt 0.628472 0.496528
vt 0.550000 0.503826
vt 0.550000 0.500000
vt 0.550000 0.493056
s 0
usemtl Cream_Cabinets
f 721/963/675 724/964/675 725/965/675 727/966/675
f 722/967/676 726/968/676 725/969/676 724/970/676
f 723/971/677 727/972/677 725/973/677 726/974/677
f 728/975/678 731/976/678 732/977/678 734/978/678
f 729/979/679 733/980/679 732/981/679 731/982/679
f 730/983/680 734/984/680 732/985/680 733/986/680
f 735/987/681 738/988/681 739/989/681 741/990/681
f 736/991/682 740/992/682 739/993/682 738/994/682
f 737/995/683 741/996/683 739/993/683 740/992/683
f 742/997/684 745/998/684 746/999/684 748/1000/684
f 743/1001/685 747/1002/685 746/1003/685 745/1004/685
f 744/1005/686 748/1006/686 746/1003/686 747/1002/686
f 749/1007/687 752/1008/687 753/1009/687 755/1010/687
f 750/1011/688 754/1012/688 753/1009/688 752/1008/688
f 751/1013/689 755/1010/689 753/1009/689 754/1012/689
f 756/1014/690 759/1015/690 760/1016/690 762/1017/690
f 757/1018/691 761/1019/691 760/1016/691 759/1015/691
f 758/1020/692 762/1017/692 760/1016/692 761/1019/692
f 763/1021/693 766/1022/693 767/1023/693 769/1024/693
f 764/1025/694 768/1026/694 767/1023/694 766/1022/694
f 765/1027/695 769/1024/695 767/1023/695 768/1026/695
f 770/1028/696 773/1029/696 774/1030/696 776/1031/696
f 771/1032/697 775/1033/697 774/1030/697 773/1029/697
f 772/1034/698 776/1031/698 774/1030/698 775/1033/698
f 735/987/699 721/963/699 727/966/699 738/988/699
f 738/994/700 727/972/700 723/971/700 736/991/700
f 722/967/701 728/975/701 734/978/701 726/968/701
f 726/974/702 734/984/702 730/983/702 723/971/702
f 729/979/703 742/997/703 748/1000/703 733/980/703
f 733/986/704 748/1006/704 744/1005/704 730/983/704
f 743/1001/705 737/995/705 740/992/705 747/1002/705
f 747/1002/706 740/992/706 736/991/706 744/1005/706
f 763/1021/707 735/987/707 741/990/707 766/1022/707
f 766/1022/708 741/996/708 737/995/708 764/1025/708
f 742/997/709 770/1028/709 776/1031/709 745/998/709
f 745/1004/710 776/1031/710 772/1034/710 743/1001/710
f 771/1032/711 765/1027/711 768/1026/711 775/1033/711
f 775/1033/712 768/1026/712 764/1025/712 772/1034/712
f 749/1007/713 763/1021/713 769/1024/713 752/1008/713
f 752/1008/714 769/1024/714 765/1027/714 750/1011/714
f 770/1028/715 756/1014/715 762/1017/715 773/1029/715
f 773/1029/716 762/1017/716 758/1020/716 771/1032/716
f 757/1018/717 751/1013/717 754/1012/717 761/1019/717
f 761/1019/718 754/1012/718 750/1011/718 758/1020/718
f 721/963/719 749/1007/719 755/1010/719 724/964/719
f 724/970/720 755/1010/720 751/1013/720 722/967/720
f 756/1014/721 729/979/721 731/982/721 759/1015/721
f 759/1015/722 731/976/722 728/975/722 757/1018/722
f 735/987/723 763/1021/723 749/1007/723 721/963/723
f 723/971/724 730/983/724 744/1005/724 736/991/724
f 751/1013/725 757/1018/725 728/975/725 722/967/725
f 770/1028/726 742/997/726 729/979/726 756/1014/726
f 737/995/727 743/1001/727 772/1034/727 764/1025/727
f 765/1027/728 771/1032/728 758/1020/728 750/1011/728
o Shelf_-1_1_1.4
v -1.545000 1.375000 -1.425000
v -1.545000 1.390000 -1.410000
v -1.560000 1.390000 -1.425000
v -1.545000 1.379393 -1.414393
v -1.553660 1.381340 -1.416340
v -1.555607 1.390000 -1.414393
v -1.555607 1.379393 -1.425000
v -1.545000 1.410000 -1.410000
v -1.545000 1.425000 -1.425000
v -1.560000 1.410000 -1.425000
v -1.545000 1.420607 -1.414393
v -1.553660 1.418660 -1.416340
v -1.555607 1.420607 -1.425000
v -1.555607 1.410000 -1.414393
v -1.545000 1.375000 -2.375000
v -1.560000 1.390000 -2.375000
v -1.545000 1.390000 -2.390000
v -1.555607 1.379393 -2.375000
v -1.553660 1.381340 -2.383660
v -1.555607 1.390000 -2.385607
v -1.545000 1.379393 -2.385607
v -1.545000 1.425000 -2.375000
v -1.545000 1.410000 -2.390000
v -1.560000 1.410000 -2.375000
v -1.545000 1.420607 -2.385607
v -1.553660 1.418660 -2.383660
v -1.555607 1.410000 -2.385607
v -1.555607 1.420607 -2.375000
v -1.035000 1.375000 -1.425000
v -1.020000 1.390000 -1.425000
v -1.035000 1.390000 -1.410000
v -1.024393 1.379393 -1.425000
v -1.026340 1.381340 -1.416340
v -1.024393 1.390000 -1.414393
v -1.035000 1.379393 -1.414393
v -1.035000 1.425000 -1.425000
v -1.035000 1.410000 -1.410000
v -1.020000 1.410000 -1.425000
v -1.035000 1.420607 -1.414393
v -1.026340 1.418660 -1.416340
v -1.024393 1.410000 -1.414393
v -1.024393 1.420607 -1.425000
v -1.035000 1.375000 -2.375000
v -1.035000 1.390000 -2.390000
v -1.020000 1.390000 -2.375000
v -1.035000 1.379393 -2.385607
v -1.026340 1.381340 -2.383660
v -1.024393 1.390000 -2.385607
v -1.024393 1.379393 -2.375000
v -1.035000 1.425000 -2.375000
v -1.020000 1.410000 -2.375000
v -1.035000 1.410000 -2.390000
v -1.024393 1.420607 -2.375000
v -1.026340 1.418660 -2.383660
v -1.024393 1.410000 -2.385607
v -1.035000 1.420607 -2.385607
vn -0.3251 -0.8881 0.3251
vn -0.3251 -0.3251 0.8881
vn -0.8881 -0.3251 0.3251
vn -0.3251 0.3251 0.8881
vn -0.3251 0.8881 0.3251
vn -0.8881 0.3251 0.3251
vn -0.3251 -0.8881 -0.3251
vn -0.8881 -0.3251 -0.3251
vn -0.3251 -0.3251 -0.8881
vn -0.3251 0.8881 -0.3251
vn -0.3251 0.3251 -0.8881
vn -0.8881 0.3251 -0.3251
vn 0.3251 -0.8881 0.3251
vn 0.8881 -0.3251 0.3251
vn 0.3251 -0.3251 0.8881
vn 0.3251 0.8881 0.3251
vn 0.3251 0.3251 0.8881
vn 0.8881 0.3251 0.3251
vn 0.3251 -0.8881 -0.3251
vn 0.3251 -0.3251 -0.8881
vn 0.8881 -0.3251 -0.3251
vn 0.3251 0.8881 -0.3251
vn 0.8881 0.3251 -0.3251
vn 0.3251 0.3251 -0.8881
vn -0.3827 -0.9239 -0.0000
vn -0.9239 -0.3827 -0.0000
vn -0.3827 -0.0000 0.9239
vn -0.9239 -0.0000 0.3827
vn -0.3827 0.9239 -0.0000
vn -0.9239 0.3827 -0.0000
vn -0.3827 -0.0000 -0.9239
vn -0.9239 -0.0000 -0.3827
vn -0.0000 -0.9239 -0.3827
vn -0.0000 -0.3827 -0.9239
vn -0.0000 0.9239 -0.3827
vn -0.0000 0.3827 -0.9239
vn 0.9239 -0.0000 -0.3827
vn 0.3827 -0.0000 -0.9239
vn 0.3827 -0.9239 -0.0000
vn 0.9239 -0.3827 -0.0000
vn 0.3827 0.9239 -0.0000
vn 0.9239 0.3827 -0.0000
vn 0.3827 -0.0000 0.9239
vn 0.9239 -0.0000 0.3827
vn -0.0000 -0.9239 0.3827
vn -0.0000 -0.3827 0.9239
vn -0.0000 0.9239 0.3827
vn -0.0000 0.3827 0.9239
vn -0.0000 -1.0000 -0.0000
vn -1.0000 -0.0000 -0.0000
vn -0.0000 -0.0000 1.0000
vn -0.0000 1.0000 -0.0000
vn -0.0000 -0.0000 -1.0000
vn 1.0000 -0.0000 -0.0000
vt 0.131944 0.746173
vt 0.131944 0.750000
vt 0.127935 0.750000
vt 0.125000 0.746173
vt 0.450000 0.993056
vt 0.450000 1.000000
vt 0.406699 1.000000
vt 0.375000 0.993056
vt 0.450000 0.003827
vt 0.375000 0.003827
vt 0.375000 0.001617
vt 0.450000 0.000000
vt 0.550000 0.993056
vt 0.625000 0.993056
vt 0.625000 0.997065
vt 0.550000 1.000000
vt 0.868056 0.746173
vt 0.875000 0.746173
vt 0.875000 0.748383
vt 0.868056 0.750000
vt 0.550000 0.003827
vt 0.550000 0.000000
vt 0.593301 0.000000
vt 0.625000 0.003827
vt 0.131944 0.503827
vt 0.125000 0.503826
vt 0.125000 0.501617
vt 0.131944 0.500000
vt 0.450000 0.246173
vt 0.450000 0.250000
vt 0.390849 0.251468
vt 0.375000 0.246173
vt 0.450000 0.256944
vt 0.375000 0.256944
vt 0.868056 0.503827
vt 0.868056 0.500000
vt 0.872065 0.500000
vt 0.875000 0.503826
vt 0.550000 0.256944
vt 0.550000 0.250000
vt 0.609151 0.249191
vt 0.625000 0.256944
vt 0.550000 0.246173
vt 0.625000 0.246173
vt 0.368056 0.746174
vt 0.375000 0.746174
vt 0.385566 0.750439
vt 0.371528 0.753472
vt 0.450000 0.746174
vt 0.450000 0.750000
vt 0.450000 0.756944
vt 0.631944 0.746173
vt 0.628472 0.753472
vt 0.615412 0.749461
vt 0.625000 0.746174
vt 0.550000 0.756944
vt 0.550000 0.750000
vt 0.550000 0.746173
vt 0.368056 0.503826
vt 0.371528 0.496528
vt 0.384588 0.500539
vt 0.375000 0.503826
vt 0.450000 0.493056
vt 0.450000 0.500000
vt 0.450000 0.503826
vt 0.631945 0.503827
vt 0.625000 0.503826
vt 0.614434 0.499561
vt 0.628472 0.496528
vt 0.550000 0.503826
vt 0.550000 0.500000
vt 0.550000 0.493056
s 0
usemtl Cream_Cabinets
f 777/1035/729 780/1036/729 781/1037/729 783/1038/729
f 778/1039/730 782/1040/730 781/1041/730 780/1042/730
f 779/1043/731 783/1044/731 781/1045/731 782/1046/731
f 784/1047/732 787/1048/732 788/1049/732 790/1050/732
f 785/1051/733 789/1052/733 788/1053/733 787/1054/733
f 786/1055/734 790/1056/734 788/1057/734 789/1058/734
f 791/1059/735 794/1060/735 795/1061/735 797/1062/735
f 792/1063/736 796/1064/736 795/1065/736 794/1066/736
f 793/1067/737 797/1068/737 795/1065/737 796/1064/737
f 798/1069/738 801/1070/738 802/1071/738 804/1072/738
f 799/1073/739 803/1074/739 802/1075/739 801/1076/739
f 800/1077/740 804/1078/740 802/1075/740 803/1074/740
f 805/1079/741 808/1080/741 809/1081/741 811/1082/741
f 806/1083/742 810/1084/742 809/1081/742 808/1080/742
f 807/1085/743 811/1082/743 809/1081/743 810/1084/743
f 812/1086/744 815/1087/744 816/1088/744 818/1089/744
f 813/1090/745 817/1091/745 816/1088/745 815/1087/745
f 814/1092/746 818/1089/746 816/1088/746 817/1091/746
f 819/1093/747 822/1094/747 823/1095/747 825/1096/747
f 820/1097/748 824/1098/748 823/1095/748 822/1094/748
f 821/1099/749 825/1096/749 823/1095/749 824/1098/749
f 826/1100/750 829/1101/750 830/1102/750 832/1103/750
f 827/1104/751 831/1105/751 830/1102/751 829/1101/751
f 828/1106/752 832/1103/752 830/1102/752 831/1105/752
f 791/1059/753 777/1035/753 783/1038/753 794/1060/753
f 794/1066/754 783/1044/754 779/1043/754 792/1063/754
f 778/1039/755 784/1047/755 790/1050/755 782/1040/755
f 782/1046/756 790/1056/756 786/1055/756 779/1043/756
f 785/1051/757 798/1069/757 804/1072/757 789/1052/757
f 789/1058/758 804/1078/758 800/1077/758 786/1055/758
f 799/1073/759 793/1067/759 796/1064/759 803/1074/759
f 803/1074/760 796/1064/760 792/1063/760 800/1077/760
f 819/1093/761 791/1059/761 797/1062/761 822/1094/761
f 822/1094/762 797/1068/762 793/1067/762 820/1097/762
f 798/1069/763 826/1100/763 832/1103/763 801/1070/763
f 801/1076/764 832/1103/764 828/1106/764 799/1073/764
f 827/1104/765 821/1099/765 824/1098/765 831/1105/765
f 831/1105/766 824/1098/766 820/1097/766 828/1106/766
f 805/1079/767 819/1093/767 825/1096/767 808/1080/767
f 808/1080/768 825/1096/768 821/1099/768 806/1083/768
f 826/1100/769 812/1086/769 818/1089/769 829/1101/769
f 829/1101/770 818/1089/770 814/1092/770 827/1104/770
f 813/1090/771 807/1085/771 810/1084/771 817/1091/771
f 817/1091/772 810/1084/772 806/1083/772 814/1092/772
f 777/1035/773 805/1079/773 811/1082/773 780/1036/773
f 780/1042/774 811/1082/774 807/1085/774 778/1039/774
f 812/1086/775 785/1051/775 787/1054/775 815/1087/775
f 815/1087/776 787/1048/776 784/1047/776 813/1090/776
f 791/1059/777 819/1093/777 805/1079/777 777/1035/777
f 779/1043/778 786/1055/778 800/1077/778 792/1063/778
f 807/1085/779 813/1090/779 784/1047/779 778/1039/779
f 826/1100/780 798/1069/780 785/1051/780 812/1086/780
f 793/1067/781 799/1073/781 828/1106/781 820/1097/781
f 821/1099/782 827/1104/782 814/1092/782 806/1083/782
o Shelf_-1_1_2.0
v -1.545000 1.975000 -1.425000
v -1.545000 1.990000 -1.410000
v -1.560000 1.990000 -1.425000
v -1.545000 1.979393 -1.414393
v -1.553660 1.981340 -1.416340
v -1.555607 1.990000 -1.414393
v -1.555607 1.979393 -1.425000
v -1.545000 2.010000 -1.410000
v -1.545000 2.025000 -1.425000
v -1.560000 2.010000 -1.425000
v -1.545000 2.020607 -1.414393
v -1.553660 2.018660 -1.416340
v -1.555607 2.020607 -1.425000
v -1.555607 2.010000 -1.414393
v -1.545000 1.975000 -2.375000
v -1.560000 1.990000 -2.375000
v -1.545000 1.990000 -2.390000
v -1.555607 1.979393 -2.375000
v -1.553660 1.981340 -2.383660
v -1.555607 1.990000 -2.385607
v -1.545000 1.979393 -2.385607
v -1.545000 2.025000 -2.375000
v -1.545000 2.010000 -2.390000
v -1.560000 2.010000 -2.375000
v -1.545000 2.020607 -2.385607
v -1.553660 2.018660 -2.383660
v -1.555607 2.010000 -2.385607
v -1.555607 2.020607 -2.375000
v -1.035000 1.975000 -1.425000
v -1.020000 1.990000 -1.425000
v -1.035000 1.990000 -1.410000
v -1.024393 1.979393 -1.425000
v -1.026340 1.981340 -1.416340
v -1.024393 1.990000 -1.414393
v -1.035000 1.979393 -1.414393
v -1.035000 2.025000 -1.425000
v -1.035000 2.010000 -1.410000
v -1.020000 2.010000 -1.425000
v -1.035000 2.020607 -1.414393
v -1.026340 2.018660 -1.416340
v -1.024393 2.010000 -1.414393
v -1.024393 2.020607 -1.425000
v -1.035000 1.975000 -2.375000
v -1.035000 1.990000 -2.390000
v -1.020000 1.990000 -2.375000
v -1.035000 1.979393 -2.385607
v -1.026340 1.981340 -2.383660
v -1.024393 1.990000 -2.385607
v -1.024393 1.979393 -2.375000
v -1.035000 2.025000 -2.375000
v -1.020000 2.010000 -2.375000
v -1.035000 2.010000 -2.390000
v -1.024393 2.020607 -2.375000
v -1.026340 2.018660 -2.383660
v -1.024393 2.010000 -2.385607
v -1.035000 2.020607 -2.385607
vn -0.3251 -0.8881 0.3251
vn -0.3251 -0.3251 0.8881
vn -0.8881 -0.3251 0.3251
vn -0.3251 0.3251 0.8881
vn -0.3251 0.8881 0.3251
vn -0.8881 0.3251 0.3251
vn -0.3251 -0.8881 -0.3251
vn -0.8881 -0.3251 -0.3251
vn -0.3251 -0.3251 -0.8881
vn -0.3251 0.8881 -0.3251
vn -0.3251 0.3251 -0.8881
vn -0.8881 0.3251 -0.3251
vn 0.3251 -0.8881 0.3251
vn 0.8881 -0.3251 0.3251
vn 0.3251 -0.3251 0.8881
vn 0.3251 0.8881 0.3251
vn 0.3251 0.3251 0.8881
vn 0.8881 0.3251 0.3251
vn 0.3251 -0.8881 -0.3251
vn 0.3251 -0.3251 -0.8881
vn 0.8881 -0.3251 -0.3251
vn 0.3251 0.8881 -0.3251
vn 0.8881 0.3251 -0.3251
vn 0.3251 0.3251 -0.8881
vn -0.3827 -0.9239 -0.0000
vn -0.9239 -0.3827 -0.0000
vn -0.3827 -0.0000 0.9239
vn -0.9239 -0.0000 0.3827
vn -0.3827 0.9239 -0.0000
vn -0.9239 0.3827 -0.0000
vn -0.3827 -0.0000 -0.9239
vn -0.9239 -0.0000 -0.3827
vn -0.0000 -0.9239 -0.3827
vn -0.0000 -0.3827 -0.9239
vn -0.0000 0.9239 -0.3827
vn -0.0000 0.3827 -0.9239
vn 0.9239 -0.0000 -0.3827
vn 0.3827 -0.0000 -0.9239
vn 0.3827 -0.9239 -0.0000
vn 0.9239 -0.3827 -0.0000
vn 0.3827 0.9239 -0.0000
vn 0.9239 0.3827 -0.0000
vn 0.3827 -0.0000 0.9239
vn 0.9239 -0.0000 0.3827
vn -0.0000 -0.9239 0.3827
vn -0.0000 -0.3827 0.9239
vn -0.0000 0.9239 0.3827
vn -0.0000 0.3827 0.9239
vn -0.0000 -1.0000 -0.0000
vn -1.0000 -0.0000 -0.0000
vn -0.0000 -0.0000 1.0000
vn -0.0000 1.0000 -0.0000
vn -0.0000 -0.0000 -1.0000
vn 1.0000 -0.0000 -0.0000
vt 0.131944 0.746173
vt 0.131944 0.750000
vt 0.127935 0.750000
vt 0.125000 0.746173
vt 0.450000 0.993056
vt 0.450000 1.000000
vt 0.406699 1.000000
vt 0.375000 0.993056
vt 0.450000 0.003827
vt 0.375000 0.003827
vt 0.375000 0.001617
vt 0.450000 0.000000
vt 0.550000 0.993056
vt 0.625000 0.993056
vt 0.625000 0.997065
vt 0.550000 1.000000
vt 0.868056 0.746173
vt 0.875000 0.746173
vt 0.875000 0.748383
vt 0.868056 0.750000
vt 0.550000 0.003827
vt 0.550000 0.000000
vt 0.593301 0.000000
vt 0.625000 0.003827
vt 0.131944 0.503827
vt 0.125000 0.503826
vt 0.125000 0.501617
vt 0.131944 0.500000
vt 0.450000 0.246173
vt 0.450000 0.250000
vt 0.390849 0.251468
vt 0.375000 0.246173
vt 0.450000 0.256944
vt 0.375000 0.256944
vt 0.868056 0.503827
vt 0.868056 0.500000
vt 0.872065 0.500000
vt 0.875000 0.503826
vt 0.550000 0.256944
vt 0.550000 0.250000
vt 0.609151 0.249191
vt 0.625000 0.256944
vt 0.550000 0.246173
vt 0.625000 0.246173
vt 0.368056 0.746174
vt 0.375000 0.746174
vt 0.385566 0.750439
vt 0.371528 0.753472
vt 0.450000 0.746174
vt 0.450000 0.750000
vt 0.450000 0.756944
vt 0.631944 0.746173
vt 0.628472 0.753472
vt 0.615412 0.749461
vt 0.625000 0.746174
vt 0.550000 0.756944
vt 0.550000 0.750000
vt 0.550000 0.746173
vt 0.368056 0.503826
vt 0.371528 0.496528
vt 0.384588 0.500539
vt 0.375000 0.503826
vt 0.450000 0.493056
vt 0.450000 0.500000
vt 0.450000 0.503826
vt 0.631945 0.503827
vt 0.625000 0.503826
vt 0.614434 0.499561
vt 0.628472 0.496528
vt 0.550000 0.503826
vt 0.550000 0.500000
vt 0.550000 0.493056
s 0
usemtl Cream_Cabinets
f 833/1107/783 836/1108/783 837/1109/783 839/1110/783
f 834/1111/784 838/1112/784 837/1113/784 836/1114/784
f 835/1115/785 839/1116/785 837/1117/785 838/1118/785
f 840/1119/786 843/1120/786 844/1121/786 846/1122/786
f 841/1123/787 845/1124/787 844/1125/787 843/1126/787
f 842/1127/788 846/1128/788 844/1129/788 845/1130/788
f 847/1131/789 850/1132/789 851/1133/789 853/1134/789
f 848/1135/790 852/1136/790 851/1137/790 850/1138/790
f 849/1139/791 853/1140/791 851/1137/791 852/1136/791
f 854/1141/792 857/1142/792 858/1143/792 860/1144/792
f 855/1145/793 859/1146/793 858/1147/793 857/1148/793
f 856/1149/794 860/1150/794 858/1147/794 859/1146/794
f 861/1151/795 864/1152/795 865/1153/795 867/1154/795
f 862/1155/796 866/1156/796 865/1153/796 864/1152/796
f 863/1157/797 867/1154/797 865/1153/797 866/1156/797
f 868/1158/798 871/1159/798 872/1160/798 874/1161/798
f 869/1162/799 873/1163/799 872/1160/799 871/1159/799
f 870/1164/800 874/1161/800 872/1160/800 873/1163/800
f 875/1165/801 878/1166/801 879/1167/801 881/1168/801
f 876/1169/802 880/1170/802 879/1167/802 878/1166/802
f 877/1171/803 881/1168/803 879/1167/803 880/1170/803
f 882/1172/804 885/1173/804 886/1174/804 888/1175/804
f 883/1176/805 887/1177/805 886/1174/805 885/1173/805
f 884/1178/806 888/1175/806 886/1174/806 887/1177/806
f 847/1131/807 833/1107/807 839/1110/807 850/1132/807
f 850/1138/808 839/1116/808 835/1115/808 848/1135/808
f 834/1111/809 840/1119/809 846/1122/809 838/1112/809
f 838/1118/810 846/1128/810 842/1127/810 835/1115/810
f 841/1123/811 854/1141/811 860/1144/811 845/1124/811
f 845/1130/812 860/1150/812 856/1149/812 842/1127/812
f 855/1145/813 849/1139/813 852/1136/813 859/1146/813
f 859/1146/814 852/1136/814 848/1135/814 856/1149/814
f 875/1165/815 847/1131/815 853/1134/815 878/1166/815
f 878/1166/816 853/1140/816 849/1139/816 876/1169/816
f 854/1141/817 882/1172/817 888/1175/817 857/1142/817
f 857/1148/818 888/1175/818 884/1178/818 855/1145/818
f 883/1176/819 877/1171/819 880/1170/819 887/1177/819
f 887/1177/820 880/1170/820 876/1169/820 884/1178/820
f 861/1151/821 875/1165/821 881/1168/821 864/1152/821
f 864/1152/822 881/1168/822 877/1171/822 862/1155/822
f 882/1172/823 868/1158/823 874/1161/823 885/1173/823
f 885/1173/824 874/1161/824 870/1164/824 883/1176/824
f 869/1162/825 863/1157/825 866/1156/825 873/1163/825
f 873/1163/826 866/1156/826 862/1155/826 870/1164/826
f 833/1107/827 861/1151/827 867/1154/827 836/1108/827
f 836/1114/828 867/1154/828 863/1157/828 834/1111/828
f 868/1158/829 841/1123/829 843/1126/829 871/1159/829
f 871/1159/830 843/1120/830 840/1119/830 869/1162/830
f 847/1131/831 875/1165/831 861/1151/831 833/1107/831
f 835/1115/832 842/1127/832 856/1149/832 848/1135/832
f 863/1157/833 869/1162/833 840/1119/833 834/1111/833
f 882/1172/834 854/1141/834 841/1123/834 868/1158/834
f 849/1139/835 855/1145/835 884/1178/835 876/1169/835
f 877/1171/836 883/1176/836 870/1164/836 862/1155/836
o Hanging_Rod_-1_1
v -1.290000 1.742000 -2.330000
v -1.290000 1.742000 -1.470000
v -1.284306 1.741250 -2.330000
v -1.284306 1.741250 -1.470000
v -1.279000 1.739053 -2.330000
v -1.279000 1.739053 -1.470000
v -1.274444 1.735556 -2.330000
v -1.274444 1.735556 -1.470000
v -1.270947 1.731000 -2.330000
v -1.270947 1.731000 -1.470000
v -1.268750 1.725694 -2.330000
v -1.268750 1.725694 -1.470000
v -1.268000 1.720000 -2.330000
v -1.268000 1.720000 -1.470000
v -1.268750 1.714306 -2.330000
v -1.268750 1.714306 -1.470000
v -1.270947 1.709000 -2.330000
v -1.270947 1.709000 -1.470000
v -1.274444 1.704444 -2.330000
v -1.274444 1.704444 -1.470000
v -1.279000 1.700948 -2.330000
v -1.279000 1.700947 -1.470000
v -1.284306 1.698750 -2.330000
v -1.284306 1.698750 -1.470000
v -1.290000 1.698000 -2.330000
v -1.290000 1.698000 -1.470000
v -1.295694 1.698750 -2.330000
v -1.295694 1.698750 -1.470000
v -1.301000 1.700948 -2.330000
v -1.301000 1.700947 -1.470000
v -1.305556 1.704444 -2.330000
v -1.305556 1.704444 -1.470000
v -1.309052 1.709000 -2.330000
v -1.309052 1.709000 -1.470000
v -1.311250 1.714306 -2.330000
v -1.311250 1.714306 -1.470000
v -1.312000 1.720000 -2.330000
v -1.312000 1.720000 -1.470000
v -1.311250 1.725694 -2.330000
v -1.311250 1.725694 -1.470000
v -1.309052 1.731000 -2.330000
v -1.309052 1.731000 -1.470000
v -1.305556 1.735556 -2.330000
v -1.305556 1.735556 -1.470000
v -1.301000 1.739053 -2.330000
v -1.301000 1.739053 -1.470000
v -1.295694 1.741250 -2.330000
v -1.295694 1.741250 -1.470000
vn 0.1305 0.9914 -0.0000
vn 0.3827 0.9239 -0.0000
vn 0.6088 0.7934 -0.0000
vn 0.7934 0.6088 -0.0000
vn 0.9239 0.3827 -0.0000
vn 0.9914 0.1305 -0.0000
vn 0.9914 -0.1305 -0.0000
vn 0.9239 -0.3827 -0.0000
vn 0.7934 -0.6088 -0.0000
vn 0.6088 -0.7934 -0.0000
vn 0.3827 -0.9239 -0.0000
vn 0.1305 -0.9914 -0.0000
vn -0.1305 -0.9914 -0.0000
vn -0.3827 -0.9239 -0.0000
vn -0.6088 -0.7934 -0.0000
vn -0.7934 -0.6088 -0.0000
vn -0.9239 -0.3827 -0.0000
vn -0.9914 -0.1305 -0.0000
vn -0.9914 0.1305 -0.0000
vn -0.9239 0.3827 -0.0000
vn -0.7934 0.6088 -0.0000
vn -0.6088 0.7934 -0.0000
vn -0.0000 -0.0000 1.0000
vn -0.3827 0.9239 -0.0000
vn -0.1305 0.9914 -0.0000
vn -0.0000 -0.0000 -1.0000
vt 1.000000 0.500000
vt 1.000000 1.000000
vt 0.958333 1.000000
vt 0.958333 0.500000
vt 0.916667 1.000000
vt 0.916667 0.500000
vt 0.875000 1.000000
vt 0.875000 0.500000
vt 0.833333 1.000000
vt 0.833333 0.500000
vt 0.791667 1.000000
vt 0.791667 0.500000
vt 0.750000 1.000000
vt 0.750000 0.500000
vt 0.708333 1.000000
vt 0.708333 0.500000
vt 0.666667 1.000000
vt 0.666667 0.500000
vt 0.625000 1.000000
vt 0.625000 0.500000
vt 0.583333 1.000000
vt 0.583333 0.500000
vt 0.541666 1.000000
vt 0.541666 0.500000
vt 0.500000 1.000000
vt 0.500000 0.500000
vt 0.458333 1.000000
vt 0.458333 0.500000
vt 0.416666 1.000000
vt 0.416666 0.500000
vt 0.375000 1.000000
vt 0.375000 0.500000
vt 0.333333 1.000000
vt 0.333333 0.500000
vt 0.291667 1.000000
vt 0.291667 0.500000
vt 0.250000 1.000000
vt 0.250000 0.500000
vt 0.208333 1.000000
vt 0.208333 0.500000
vt 0.166666 1.000000
vt 0.166666 0.500000
vt 0.125000 1.000000
vt 0.125000 0.500000
vt 0.083333 1.000000
vt 0.083333 0.500000
vt 0.312117 0.481822
vt 0.250000 0.490000
vt 0.187883 0.481822
vt 0.130000 0.457846
vt 0.080294 0.419706
vt 0.042154 0.370000
vt 0.018178 0.312117
vt 0.010000 0.250000
vt 0.018178 0.187883
vt 0.042154 0.130000
vt 0.080294 0.080294
vt 0.130000 0.042154
vt 0.187883 0.018178
vt 0.250000 0.010000
vt 0.312117 0.018178
vt 0.370000 0.042154
vt 0.419706 0.080294
vt 0.457846 0.130000
vt 0.481822 0.187883
vt 0.490000 0.250000
vt 0.481822 0.312117
vt 0.457846 0.370000
vt 0.419706 0.419706
vt 0.370000 0.457846
vt 0.041666 1.000000
vt 0.041666 0.500000
vt -0.000000 1.000000
vt -0.000000 0.500000
vt 0.750000 0.490000
vt 0.812117 0.481822
vt 0.870000 0.457846
vt 0.919706 0.419706
vt 0.957846 0.370000
vt 0.981822 0.312117
vt 0.990000 0.250000
vt 0.981822 0.187883
vt 0.957846 0.130000
vt 0.919706 0.080294
vt 0.870000 0.042154
vt 0.812117 0.018178
vt 0.750000 0.010000
vt 0.687883 0.018178
vt 0.630000 0.042154
vt 0.580294 0.080294
vt 0.542154 0.130000
vt 0.518178 0.187883
vt 0.510000 0.250000
vt 0.518178 0.312117
vt 0.542154 0.370000
vt 0.580294 0.419706
vt 0.630000 0.457846
vt 0.687883 0.481822
s 0
usemtl Radiator_Metal
f 889/1179/837 890/1180/837 892/1181/837 891/1182/837
f 891/1182/838 892/1181/838 894/1183/838 893/1184/838
f 893/1184/839 894/1183/839 896/1185/839 895/1186/839
f 895/1186/840 896/1185/840 898/1187/840 897/1188/840
f 897/1188/841 898/1187/841 900/1189/841 899/1190/841
f 899/1190/842 900/1189/842 902/1191/842 901/1192/842
f 901/1192/843 902/1191/843 904/1193/843 903/1194/843
f 903/1194/844 904/1193/844 906/1195/844 905/1196/844
f 905/1196/845 906/1195/845 908/1197/845 907/1198/845
f 907/1198/846 908/1197/846 910/1199/846 909/1200/846
f 909/1200/847 910/1199/847 912/1201/847 911/1202/847
f 911/1202/848 912/1201/848 914/1203/848 913/1204/848
f 913/1204/849 914/1203/849 916/1205/849 915/1206/849
f 915/1206/850 916/1205/850 918/1207/850 917/1208/850
f 917/1208/851 918/1207/851 920/1209/851 919/1210/851
f 919/1210/852 920/1209/852 922/1211/852 921/1212/852
f 921/1212/853 922/1211/853 924/1213/853 923/1214/853
f 923/1214/854 924/1213/854 926/1215/854 925/1216/854
f 925/1216/855 926/1215/855 928/1217/855 927/1218/855
f 927/1218/856 928/1217/856 930/1219/856 929/1220/856
f 929/1220/857 930/1219/857 932/1221/857 931/1222/857
f 931/1222/858 932/1221/858 934/1223/858 933/1224/858
f 892/1225/859 890/1226/859 936/1227/859 934/1228/859 932/1229/859 930/1230/859 928/1231/859 926/1232/859 924/1233/859 922/1234/859 920/1235/859 918/1236/859 916/1237/859 914/1238/859 912/1239/859 910/1240/859 908/1241/859 906/1242/859 904/1243/859 902/1244/859 900/1245/859 898/1246/859 896/1247/859 894/1248/859
f 933/1224/860 934/1223/860 936/1249/860 935/1250/860
f 935/1250/861 936/1249/861 890/1251/861 889/1252/861
f 889/1253/862 891/1254/862 893/1255/862 895/1256/862 897/1257/862 899/1258/862 901/1259/862 903/1260/862 905/1261/862 907/1262/862 909/1263/862 911/1264/862 913/1265/862 915/1266/862 917/1267/862 919/1268/862 921/1269/862 923/1270/862 925/1271/862 927/1272/862 929/1273/862 931/1274/862 933/1275/862 935/1276/862
o Shelf_-1_2_Bottom
v -1.545000 0.120000 -2.575000
v -1.545000 0.135000 -2.560000
v -1.560000 0.135000 -2.575000
v -1.545000 0.124393 -2.564393
v -1.553660 0.126340 -2.566340
v -1.555607 0.135000 -2.564393
v -1.555607 0.124393 -2.575000
v -1.545000 0.165000 -2.560000
v -1.545000 0.180000 -2.575000
v -1.560000 0.165000 -2.575000
v -1.545000 0.175607 -2.564393
v -1.553660 0.173660 -2.566340
v -1.555607 0.175607 -2.575000
v -1.555607 0.165000 -2.564393
v -1.545000 0.120000 -3.525000
v -1.560000 0.135000 -3.525000
v -1.545000 0.135000 -3.540000
v -1.555607 0.124393 -3.525000
v -1.553660 0.126340 -3.533660
v -1.555607 0.135000 -3.535607
v -1.545000 0.124393 -3.535607
v -1.545000 0.180000 -3.525000
v -1.545000 0.165000 -3.540000
v -1.560000 0.165000 -3.525000
v -1.545000 0.175607 -3.535607
v -1.553660 0.173660 -3.533660
v -1.555607 0.165000 -3.535607
v -1.555607 0.175607 -3.525000
v -1.035000 0.120000 -2.575000
v -1.020000 0.135000 -2.575000
v -1.035000 0.135000 -2.560000
v -1.024393 0.124393 -2.575000
v -1.026340 0.126340 -2.566340
v -1.024393 0.135000 -2.564393
v -1.035000 0.124393 -2.564393
v -1.035000 0.180000 -2.575000
v -1.035000 0.165000 -2.560000
v -1.020000 0.165000 -2.575000
v -1.035000 0.175607 -2.564393
v -1.026340 0.173660 -2.566340
v -1.024393 0.165000 -2.564393
v -1.024393 0.175607 -2.575000
v -1.035000 0.120000 -3.525000
v -1.035000 0.135000 -3.540000
v -1.020000 0.135000 -3.525000
v -1.035000 0.124393 -3.535607
v -1.026340 0.126340 -3.533660
v -1.024393 0.135000 -3.535607
v -1.024393 0.124393 -3.525000
v -1.035000 0.180000 -3.525000
v -1.020000 0.165000 -3.525000
v -1.035000 0.165000 -3.540000
v -1.024393 0.175607 -3.525000
v -1.026340 0.173660 -3.533660
v -1.024393 0.165000 -3.535607
v -1.035000 0.175607 -3.535607
vn -0.3251 -0.8881 0.3251
vn -0.3251 -0.3251 0.8881
vn -0.8881 -0.3251 0.3251
vn -0.3251 0.3251 0.8881
vn -0.3251 0.8881 0.3251
vn -0.8881 0.3251 0.3251
vn -0.3251 -0.8881 -0.3251
vn -0.8881 -0.3251 -0.3251
vn -0.3251 -0.3251 -0.8881
vn -0.3251 0.8881 -0.3251
vn -0.3251 0.3251 -0.8881
vn -0.8881 0.3251 -0.3251
vn 0.3251 -0.8881 0.3251
vn 0.8881 -0.3251 0.3251
vn 0.3251 -0.3251 0.8881
vn 0.3251 0.8881 0.3251
vn 0.3251 0.3251 0.8881
vn 0.8881 0.3251 0.3251
vn 0.3251 -0.8881 -0.3251
vn 0.3251 -0.3251 -0.8881
vn 0.8881 -0.3251 -0.3251
vn 0.3251 0.8881 -0.3251
vn 0.8881 0.3251 -0.3251
vn 0.3251 0.3251 -0.8881
vn -0.3827 -0.9239 -0.0000
vn -0.9239 -0.3827 -0.0000
vn -0.3827 -0.0000 0.9239
vn -0.9239 -0.0000 0.3827
vn -0.3827 0.9239 -0.0000
vn -0.9239 0.3827 -0.0000
vn -0.3827 -0.0000 -0.9239
vn -0.9239 -0.0000 -0.3827
vn -0.0000 -0.9239 -0.3827
vn -0.0000 -0.3827 -0.9239
vn -0.0000 0.9239 -0.3827
vn -0.0000 0.3827 -0.9239
vn 0.9239 -0.0000 -0.3827
vn 0.3827 -0.0000 -0.9239
vn 0.3827 -0.9239 -0.0000
vn 0.9239 -0.3827 -0.0000
vn 0.3827 0.9239 -0.0000
vn 0.9239 0.3827 -0.0000
vn 0.3827 -0.0000 0.9239
vn 0.9239 -0.0000 0.3827
vn -0.0000 -0.9239 0.3827
vn -0.0000 -0.3827 0.9239
vn -0.0000 0.9239 0.3827
vn -0.0000 0.3827 0.9239
vn -0.0000 -1.0000 -0.0000
vn -1.0000 -0.0000 -0.0000
vn -0.0000 -0.0000 1.0000
vn -0.0000 1.0000 -0.0000
vn -0.0000 -0.0000 -1.0000
vn 1.0000 -0.0000 -0.0000
vt 0.131944 0.746173
vt 0.131944 0.750000
vt 0.127935 0.750000
vt 0.125000 0.746173
vt 0.437500 0.993056
vt 0.437500 1.000000
vt 0.401416 1.000000
vt 0.375000 0.993056
vt 0.437500 0.003827
vt 0.375000 0.003827
vt 0.375000 0.001617
vt 0.437500 0.000000
vt 0.562500 0.993056
vt 0.625000 0.993056
vt 0.625000 0.997065
vt 0.562500 1.000000
vt 0.868056 0.746173
vt 0.875000 0.746173
vt 0.875000 0.748383
vt 0.868056 0.750000
vt 0.562500 0.003827
vt 0.562500 0.000000
vt 0.598584 0.000000
vt 0.625000 0.003827
vt 0.131944 0.503827
vt 0.125000 0.503826
vt 0.125000 0.501617
vt 0.131944 0.500000
vt 0.437500 0.246173
vt 0.437500 0.250000
vt 0.388208 0.251468
vt 0.375000 0.246173
vt 0.437500 0.256944
vt 0.375000 0.256944
vt 0.868056 0.503827
vt 0.868056 0.500000
vt 0.872065 0.500000
vt 0.875000 0.503826
vt 0.562500 0.256944
vt 0.562500 0.250000
vt 0.611792 0.249191
vt 0.625000 0.256944
vt 0.562500 0.246173
vt 0.625000 0.246173
vt 0.368056 0.746174
vt 0.375000 0.746173
vt 0.383805 0.750439
vt 0.371528 0.753472
vt 0.437500 0.746174
vt 0.437500 0.750000
vt 0.437500 0.756944
vt 0.631944 0.746173
vt 0.628472 0.753472
vt 0.617173 0.749461
vt 0.625000 0.746173
vt 0.562500 0.756944
vt 0.562500 0.750000
vt 0.562500 0.746174
vt 0.368056 0.503826
vt 0.371528 0.496528
vt 0.382827 0.500539
vt 0.375000 0.503826
vt 0.437500 0.493056
vt 0.437500 0.500000
vt 0.437500 0.503827
vt 0.631945 0.503827
vt 0.625000 0.503826
vt 0.616195 0.499561
vt 0.628472 0.496528
vt 0.562500 0.503827
vt 0.562500 0.500000
vt 0.562500 0.493056
s 0
usemtl Cream_Cabinets
f 937/1277/863 940/1278/863 941/1279/863 943/1280/863
f 938/1281/864 942/1282/864 941/1283/864 940/1284/864
f 939/1285/865 943/1286/865 941/1287/865 942/1288/865
f 944/1289/866 947/1290/866 948/1291/866 950/1292/866
f 945/1293/867 949/1294/867 948/1295/867 947/1296/867
f 946/1297/868 950/1298/868 948/1299/868 949/1300/868
f 951/1301/869 954/1302/869 955/1303/869 957/1304/869
f 952/1305/870 956/1306/870 955/1307/870 954/1308/870
f 953/1309/871 957/1310/871 955/1307/871 956/1306/871
f 958/1311/872 961/1312/872 962/1313/872 964/1314/872
f 959/1315/873 963/1316/873 962/1317/873 961/1318/873
f 960/1319/874 964/1320/874 962/1317/874 963/1316/874
f 965/1321/875 968/1322/875 969/1323/875 971/1324/875
f 966/1325/876 970/1326/876 969/1323/876 968/1322/876
f 967/1327/877 971/1324/877 969/1323/877 970/1326/877
f 972/1328/878 975/1329/878 976/1330/878 978/1331/878
f 973/1332/879 977/1333/879 976/1330/879 975/1329/879
f 974/1334/880 978/1331/880 976/1330/880 977/1333/880
f 979/1335/881 982/1336/881 983/1337/881 985/1338/881
f 980/1339/882 984/1340/882 983/1337/882 982/1336/882
f 981/1341/883 985/1338/883 983/1337/883 984/1340/883
f 986/1342/884 989/1343/884 990/1344/884 992/1345/884
f 987/1346/885 991/1347/885 990/1344/885 989/1343/885
f 988/1348/886 992/1345/886 990/1344/886 991/1347/886
f 951/1301/887 937/1277/887 943/1280/887 954/1302/887
f 954/1308/888 943/1286/888 939/1285/888 952/1305/888
f 938/1281/889 944/1289/889 950/1292/889 942/1282/889
f 942/1288/890 950/1298/890 946/1297/890 939/1285/890
f 945/1293/891 958/1311/891 964/1314/891 949/1294/891
f 949/1300/892 964/1320/892 960/1319/892 946/1297/892
f 959/1315/893 953/1309/893 956/1306/893 963/1316/893
f 963/1316/894 956/1306/894 952/1305/894 960/1319/894
f 979/1335/895 951/1301/895 957/1304/895 982/1336/895
f 982/1336/896 957/1310/896 953/1309/896 980/1339/896
f 958/1311/897 986/1342/897 992/1345/897 961/1312/897
f 961/1318/898 992/1345/898 988/1348/898 959/1315/898
f 987/1346/899 981/1341/899 984/1340/899 991/1347/899
f 991/1347/900 984/1340/900 980/1339/900 988/1348/900
f 965/1321/901 979/1335/901 985/1338/901 968/1322/901
f 968/1322/902 985/1338/902 981/1341/902 966/1325/902
f 986/1342/903 972/1328/903 978/1331/903 989/1343/903
f 989/1343/904 978/1331/904 974/1334/904 987/1346/904
f 973/1332/905 967/1327/905 970/1326/905 977/1333/905
f 977/1333/906 970/1326/906 966/1325/906 974/1334/906
f 937/1277/907 965/1321/907 971/1324/907 940/1278/907
f 940/1284/908 971/1324/908 967/1327/908 938/1281/908
f 972/1328/909 945/1293/909 947/1296/909 975/1329/909
f 975/1329/910 947/1290/910 944/1289/910 973/1332/910
f 951/1301/911 979/1335/911 965/1321/911 937/1277/911
f 939/1285/912 946/1297/912 960/1319/912 952/1305/912
f 967/1327/913 973/1332/913 944/1289/913 938/1281/913
f 986/1342/914 958/1311/914 945/1293/914 972/1328/914
f 953/1309/915 959/1315/915 988/1348/915 980/1339/915
f 981/1341/916 987/1346/916 974/1334/916 966/1325/916
o Shelf_-1_2_0.8
v -1.545000 0.775000 -2.575000
v -1.545000 0.790000 -2.560000
v -1.560000 0.790000 -2.575000
v -1.545000 0.779393 -2.564393
v -1.553660 0.781340 -2.566340
v -1.555607 0.790000 -2.564393
v -1.555607 0.779393 -2.575000
v -1.545000 0.810000 -2.560000
v -1.545000 0.825000 -2.575000
v -1.560000 0.810000 -2.575000
v -1.545000 0.820607 -2.564393
v -1.553660 0.818660 -2.566340
v -1.555607 0.820607 -2.575000
v -1.555607 0.810000 -2.564393
v -1.545000 0.775000 -3.525000
v -1.560000 0.790000 -3.525000
v -1.545000 0.790000 -3.540000
v -1.555607 0.779393 -3.525000
v -1.553660 0.781340 -3.533660
v -1.555607 0.790000 -3.535607
v -1.545000 0.779393 -3.535607
v -1.545000 0.825000 -3.525000
v -1.545000 0.810000 -3.540000
v -1.560000 0.810000 -3.525000
v -1.545000 0.820607 -3.535607
v -1.553660 0.818660 -3.533660
v -1.555607 0.810000 -3.535607
v -1.555607 0.820607 -3.525000
v -1.035000 0.775000 -2.575000
v -1.020000 0.790000 -2.575000
v -1.035000 0.790000 -2.560000
v -1.024393 0.779393 -2.575000
v -1.026340 0.781340 -2.566340
v -1.024393 0.790000 -2.564393
v -1.035000 0.779393 -2.564393
v -1.035000 0.825000 -2.575000
v -1.035000 0.810000 -2.560000
v -1.020000 0.810000 -2.575000
v -1.035000 0.820607 -2.564393
v -1.026340 0.818660 -2.566340
v -1.024393 0.810000 -2.564393
v -1.024393 0.820607 -2.575000
v -1.035000 0.775000 -3.525000
v -1.035000 0.790000 -3.540000
v -1.020000 0.790000 -3.525000
v -1.035000 0.779393 -3.535607
v -1.026340 0.781340 -3.533660
v -1.024393 0.790000 -3.535607
v -1.024393 0.779393 -3.525000
v -1.035000 0.825000 -3.525000
v -1.020000 0.810000 -3.525000
v -1.035000 0.810000 -3.540000
v -1.024393 0.820607 -3.525000
v -1.026340 0.818660 -3.533660
v -1.024393 0.810000 -3.535607
v -1.035000 0.820607 -3.535607
vn -0.3251 -0.8881 0.3251
vn -0.3251 -0.3251 0.8881
vn -0.8881 -0.3251 0.3251
vn -0.3251 0.3251 0.8881
vn -0.3251 0.8881 0.3251
vn -0.8881 0.3251 0.3251
vn -0.3251 -0.8881 -0.3251
vn -0.8881 -0.3251 -0.3251
vn -0.3251 -0.3251 -0.8881
vn -0.3251 0.8881 -0.3251
vn -0.3251 0.3251 -0.8881
vn -0.8881 0.3251 -0.3251
vn 0.3251 -0.8881 0.3251
vn 0.8881 -0.3251 0.3251
vn 0.3251 -0.3251 0.8881
vn 0.3251 0.8881 0.3251
vn 0.3251 0.3251 0.8881
vn 0.8881 0.3251 0.3251
vn 0.3251 -0.8881 -0.3251
vn 0.3251 -0.3251 -0.8881
vn 0.8881 -0.3251 -0.3251
vn 0.3251 0.8881 -0.3251
vn 0.8881 0.3251 -0.3251
vn 0.3251 0.3251 -0.8881
vn -0.3827 -0.9239 -0.0000
vn -0.9239 -0.3827 -0.0000
vn -0.3827 -0.0000 0.9239
vn -0.9239 -0.0000 0.3827
vn -0.3827 0.9239 -0.0000
vn -0.9239 0.3827 -0.0000
vn -0.3827 -0.0000 -0.9239
vn -0.9239 -0.0000 -0.3827
vn -0.0000 -0.9239 -0.3827
vn -0.0000 -0.3827 -0.9239
vn -0.0000 0.9239 -0.3827
vn -0.0000 0.3827 -0.9239
vn 0.9239 -0.0000 -0.3827
vn 0.3827 -0.0000 -0.9239
vn 0.3827 -0.9239 -0.0000
vn 0.9239 -0.3827 -0.0000
vn 0.3827 0.9239 -0.0000
vn 0.9239 0.3827 -0.0000
vn 0.3827 -0.0000 0.9239
vn 0.9239 -0.0000 0.3827
vn -0.0000 -0.9239 0.3827
vn -0.0000 -0.3827 0.9239
vn -0.0000 0.9239 0.3827
vn -0.0000 0.3827 0.9239
vn -0.0000 -1.0000 -0.0000
vn -1.0000 -0.0000 -0.0000
vn -0.0000 -0.0000 1.0000
vn -0.0000 1.0000 -0.0000
vn -0.0000 -0.0000 -1.0000
vn 1.0000 -0.0000 -0.0000
vt 0.131944 0.746173
vt 0.131944 0.750000
vt 0.127935 0.750000
vt 0.125000 0.746173
vt 0.450000 0.993056
vt 0.450000 1.000000
vt 0.406699 1.000000
vt 0.375000 0.993056
vt 0.450000 0.003827
vt 0.375000 0.003827
vt 0.375000 0.001617
vt 0.450000 0.000000
vt 0.550000 0.993056
vt 0.625000 0.993056
vt 0.625000 0.997065
vt 0.550000 1.000000
vt 0.868056 0.746173
vt 0.875000 0.746173
vt 0.875000 0.748383
vt 0.868056 0.750000
vt 0.550000 0.003827
vt 0.550000 0.000000
vt 0.593301 0.000000
vt 0.625000 0.003827
vt 0.131944 0.503827
vt 0.125000 0.503826
vt 0.125000 0.501617
vt 0.131944 0.500000
vt 0.450000 0.246173
vt 0.450000 0.250000
vt 0.390849 0.251468
vt 0.375000 0.246173
vt 0.450000 0.256944
vt 0.375000 0.256944
vt 0.868056 0.503827
vt 0.868056 0.500000
vt 0.872065 0.500000
vt 0.875000 0.503826
vt 0.550000 0.256944
vt 0.550000 0.250000
vt 0.609151 0.249191
vt 0.625000 0.256944
vt 0.550000 0.246173
vt 0.625000 0.246173
vt 0.368056 0.746174
vt 0.375000 0.746174
vt 0.385566 0.750439
vt 0.371528 0.753472
vt 0.450000 0.746174
vt 0.450000 0.750000
vt 0.450000 0.756944
vt 0.631944 0.746173
vt 0.628472 0.753472
vt 0.615412 0.749461
vt 0.625000 0.746174
vt 0.550000 0.756944
vt 0.550000 0.750000
vt 0.550000 0.746173
vt 0.368056 0.503826
vt 0.371528 0.496528
vt 0.384588 0.500539
vt 0.375000 0.503826
vt 0.450000 0.493056
vt 0.450000 0.500000
vt 0.450000 0.503826
vt 0.631945 0.503827
vt 0.625000 0.503826
vt 0.614434 0.499561
vt 0.628472 0.496528
vt 0.550000 0.503826
vt 0.550000 0.500000
vt 0.550000 0.493056
s 0
usemtl Cream_Cabinets
f 993/1349/917 996/1350/917 997/1351/917 999/1352/917
f 994/1353/918 998/1354/918 997/1355/918 996/1356/918
f 995/1357/919 999/1358/919 997/1359/919 998/1360/919
f 1000/1361/920 1003/1362/920 1004/1363/920 1006/1364/920
f 1001/1365/921 1005/1366/921 1004/1367/921 1003/1368/921
f 1002/1369/922 1006/1370/922 1004/1371/922 1005/1372/922
f 1007/1373/923 1010/1374/923 1011/1375/923 1013/1376/923
f 1008/1377/924 1012/1378/924 1011/1379/924 1010/1380/924
f 1009/1381/925 1013/1382/925 1011/1379/925 1012/1378/925
f 1014/1383/926 1017/1384/926 1018/1385/926 1020/1386/926
f 1015/1387/927 1019/1388/927 1018/1389/927 1017/1390/927
f 1016/1391/928 1020/1392/928 1018/1389/928 1019/1388/928
f 1021/1393/929 1024/1394/929 1025/1395/929 1027/1396/929
f 1022/1397/930 1026/1398/930 1025/1395/930 1024/1394/930
f 1023/1399/931 1027/1396/931 1025/1395/931 1026/1398/931
f 1028/1400/932 1031/1401/932 1032/1402/932 1034/1403/932
f 1029/1404/933 1033/1405/933 1032/1402/933 1031/1401/933
f 1030/1406/934 1034/1403/934 1032/1402/934 1033/1405/934
f 1035/1407/935 1038/1408/935 1039/1409/935 1041/1410/935
f 1036/1411/936 1040/1412/936 1039/1409/936 1038/1408/936
f 1037/1413/937 1041/1410/937 1039/1409/937 1040/1412/937
f 1042/1414/938 1045/1415/938 1046/1416/938 1048/1417/938
f 1043/1418/939 1047/1419/939 1046/1416/939 1045/1415/939
f 1044/1420/940 1048/1417/940 1046/1416/940 1047/1419/940
f 1007/1373/941 993/1349/941 999/1352/941 1010/1374/941
f 1010/1380/942 999/1358/942 995/1357/942 1008/1377/942
f 994/1353/943 1000/1361/943 1006/1364/943 998/1354/943
f 998/1360/944 1006/1370/944 1002/1369/944 995/1357/944
f 1001/1365/945 1014/1383/945 1020/1386/945 1005/1366/945
f 1005/1372/946 1020/1392/946 1016/1391/946 1002/1369/946
f 1015/1387/947 1009/1381/947 1012/1378/947 1019/1388/947
f 1019/1388/948 1012/1378/948 1008/1377/948 1016/1391/948
f 1035/1407/949 1007/1373/949 1013/1376/949 1038/1408/949
f 1038/1408/950 1013/1382/950 1009/1381/950 1036/1411/950
f 1014/1383/951 1042/1414/951 1048/1417/951 1017/1384/951
f 1017/1390/952 1048/1417/952 1044/1420/952 1015/1387/952
f 1043/1418/953 1037/1413/953 1040/1412/953 1047/1419/953
f 1047/1419/954 1040/1412/954 1036/1411/954 1044/1420/954
f 1021/1393/955 1035/1407/955 1041/1410/955 1024/1394/955
f 1024/1394/956 1041/1410/956 1037/1413/956 1022/1397/956
f 1042/1414/957 1028/1400/957 1034/1403/957 1045/1415/957
f 1045/1415/958 1034/1403/958 1030/1406/958 1043/1418/958
f 1029/1404/959 1023/1399/959 1026/1398/959 1033/1405/959
f 1033/1405/960 1026/1398/960 1022/1397/960 1030/1406/960
f 993/1349/961 1021/1393/961 1027/1396/961 996/1350/961
f 996/1356/962 1027/1396/962 1023/1399/962 994/1353/962
f 1028/1400/963 1001/1365/963 1003/1368/963 1031/1401/963
f 1031/1401/964 1003/1362/964 1000/1361/964 1029/1404/964
f 1007/1373/965 1035/1407/965 1021/1393/965 993/1349/965
f 995/1357/966 1002/1369/966 1016/1391/966 1008/1377/966
f 1023/1399/967 1029/1404/967 1000/1361/967 994/1353/967
f 1042/1414/968 1014/1383/968 1001/1365/968 1028/1400/968
f 1009/1381/969 1015/1387/969 1044/1420/969 1036/1411/969
f 1037/1413/970 1043/1418/970 1030/1406/970 1022/1397/970
o Shelf_-1_2_1.4
v -1.545000 1.375000 -2.575000
v -1.545000 1.390000 -2.560000
v -1.560000 1.390000 -2.575000
v -1.545000 1.379393 -2.564393
v -1.553660 1.381340 -2.566340
v -1.555607 1.390000 -2.564393
v -1.555607 1.379393 -2.575000
v -1.545000 1.410000 -2.560000
v -1.545000 1.425000 -2.575000
v -1.560000 1.410000 -2.575000
v -1.545000 1.420607 -2.564393
v -1.553660 1.418660 -2.566340
v -1.555607 1.420607 -2.575000
v -1.555607 1.410000 -2.564393
v -1.545000 1.375000 -3.525000
v -1.560000 1.390000 -3.525000
v -1.545000 1.390000 -3.540000
v -1.555607 1.379393 -3.525000
v -1.553660 1.381340 -3.533660
v -1.555607 1.390000 -3.535607
v -1.545000 1.379393 -3.535607
v -1.545000 1.425000 -3.525000
v -1.545000 1.410000 -3.540000
v -1.560000 1.410000 -3.525000
v -1.545000 1.420607 -3.535607
v -1.553660 1.418660 -3.533660
v -1.555607 1.410000 -3.535607
v -1.555607 1.420607 -3.525000
v -1.035000 1.375000 -2.575000
v -1.020000 1.390000 -2.575000
v -1.035000 1.390000 -2.560000
v -1.024393 1.379393 -2.575000
v -1.026340 1.381340 -2.566340
v -1.024393 1.390000 -2.564393
v -1.035000 1.379393 -2.564393
v -1.035000 1.425000 -2.575000
v -1.035000 1.410000 -2.560000
v -1.020000 1.410000 -2.575000
v -1.035000 1.420607 -2.564393
v -1.026340 1.418660 -2.566340
v -1.024393 1.410000 -2.564393
v -1.024393 1.420607 -2.575000
v -1.035000 1.375000 -3.525000
v -1.035000 1.390000 -3.540000
v -1.020000 1.390000 -3.525000
v -1.035000 1.379393 -3.535607
v -1.026340 1.381340 -3.533660
v -1.024393 1.390000 -3.535607
v -1.024393 1.379393 -3.525000
v -1.035000 1.425000 -3.525000
v -1.020000 1.410000 -3.525000
v -1.035000 1.410000 -3.540000
v -1.024393 1.420607 -3.525000
v -1.026340 1.418660 -3.533660
v -1.024393 1.410000 -3.535607
v -1.035000 1.420607 -3.535607
vn -0.3251 -0.8881 0.3251
vn -0.3251 -0.3251 0.8881
vn -0.8881 -0.3251 0.3251
vn -0.3251 0.3251 0.8881
vn -0.3251 0.8881 0.3251
vn -0.8881 0.3251 0.3251
vn -0.3251 -0.8881 -0.3251
vn -0.8881 -0.3251 -0.3251
vn -0.3251 -0.3251 -0.8881
vn -0.3251 0.8881 -0.3251
vn -0.3251 0.3251 -0.8881
vn -0.8881 0.3251 -0.3251
vn 0.3251 -0.8881 0.3251
vn 0.8881 -0.3251 0.3251
vn 0.3251 -0.3251 0.8881
vn 0.3251 0.8881 0.3251
vn 0.3251 0.3251 0.8881
vn 0.8881 0.3251 0.3251
vn 0.3251 -0.8881 -0.3251
vn 0.3251 -0.3251 -0.8881
vn 0.8881 -0.3251 -0.3251
vn 0.3251 0.8881 -0.3251
vn 0.8881 0.3251 -0.3251
vn 0.3251 0.3251 -0.8881
vn -0.3827 -0.9239 -0.0000
vn -0.9239 -0.3827 -0.0000
vn -0.3827 -0.0000 0.9239
vn -0.9239 -0.0000 0.3827
vn -0.3827 0.9239 -0.0000
vn -0.9239 0.3827 -0.0000
vn -0.3827 -0.0000 -0.9239
vn -0.9239 -0.0000 -0.3827
vn -0.0000 -0.9239 -0.3827
vn -0.0000 -0.3827 -0.9239
vn -0.0000 0.9239 -0.3827
vn -0.0000 0.3827 -0.9239
vn 0.9239 -0.0000 -0.3827
vn 0.3827 -0.0000 -0.9239
vn 0.3827 -0.9239 -0.0000
vn 0.9239 -0.3827 -0.0000
vn 0.3827 0.9239 -0.0000
vn 0.9239 0.3827 -0.0000
vn 0.3827 -0.0000 0.9239
vn 0.9239 -0.0000 0.3827
vn -0.0000 -0.9239 0.3827
vn -0.0000 -0.3827 0.9239
vn -0.0000 0.9239 0.3827
vn -0.0000 0.3827 0.9239
vn -0.0000 -1.0000 -0.0000
vn -1.0000 -0.0000 -0.0000
vn -0.0000 -0.0000 1.0000
vn -0.0000 1.0000 -0.0000
vn -0.0000 -0.0000 -1.0000
vn 1.0000 -0.0000 -0.0000
vt 0.131944 0.746173
vt 0.131944 0.750000
vt 0.127935 0.750000
vt 0.125000 0.746173
vt 0.450000 0.993056
vt 0.450000 1.000000
vt 0.406699 1.000000
vt 0.375000 0.993056
vt 0.450000 0.003827
vt 0.375000 0.003827
vt 0.375000 0.001617
vt 0.450000 0.000000
vt 0.550000 0.993056
vt 0.625000 0.993056
vt 0.625000 0.997065
vt 0.550000 1.000000
vt 0.868056 0.746173
vt 0.875000 0.746173
vt 0.875000 0.748383
vt 0.868056 0.750000
vt 0.550000 0.003827
vt 0.550000 0.000000
vt 0.593301 0.000000
vt 0.625000 0.003827
vt 0.131944 0.503827
vt 0.125000 0.503826
vt 0.125000 0.501617
vt 0.131944 0.500000
vt 0.450000 0.246173
vt 0.450000 0.250000
vt 0.390849 0.251468
vt 0.375000 0.246173
vt 0.450000 0.256944
vt 0.375000 0.256944
vt 0.868056 0.503827
vt 0.868056 0.500000
vt 0.872065 0.500000
vt 0.875000 0.503826
vt 0.550000 0.256944
vt 0.550000 0.250000
vt 0.609151 0.249191
vt 0.625000 0.256944
vt 0.550000 0.246173
vt 0.625000 0.246173
vt 0.368056 0.746174
vt 0.375000 0.746174
vt 0.385566 0.750439
vt 0.371528 0.753472
vt 0.450000 0.746174
vt 0.450000 0.750000
vt 0.450000 0.756944
vt 0.631944 0.746173
vt 0.628472 0.753472
vt 0.615412 0.749461
vt 0.625000 0.746174
vt 0.550000 0.756944
vt 0.550000 0.750000
vt 0.550000 0.746173
vt 0.368056 0.503826
vt 0.371528 0.496528
vt 0.384588 0.500539
vt 0.375000 0.503826
vt 0.450000 0.493056
vt 0.450000 0.500000
vt 0.450000 0.503826
vt 0.631945 0.503827
vt 0.625000 0.503826
vt 0.614434 0.499561
vt 0.628472 0.496528
vt 0.550000 0.503826
vt 0.550000 0.500000
vt 0.550000 0.493056
s 0
usemtl Cream_Cabinets
f 1049/1421/971 1052/1422/971 1053/1423/971 1055/1424/971
f 1050/1425/972 1054/1426/972 1053/1427/972 1052/1428/972
f 1051/1429/973 1055/1430/973 1053/1431/973 1054/1432/973
f 1056/1433/974 1059/1434/974 1060/1435/974 1062/1436/974
f 1057/1437/975 1061/1438/975 1060/1439/975 1059/1440/975
f 1058/1441/976 1062/1442/976 1060/1443/976 1061/1444/976
f 1063/1445/977 1066/1446/977 1067/1447/977 1069/1448/977
f 1064/1449/978 1068/1450/978 1067/1451/978 1066/1452/978
f 1065/1453/979 1069/1454/979 1067/1451/979 1068/1450/979
f 1070/1455/980 1073/1456/980 1074/1457/980 1076/1458/980
f 1071/1459/981 1075/1460/981 1074/1461/981 1073/1462/981
f 1072/1463/982 1076/1464/982 1074/1461/982 1075/1460/982
f 1077/1465/983 1080/1466/983 1081/1467/983 1083/1468/983
f 1078/1469/984 1082/1470/984 1081/1467/984 1080/1466/984
f 1079/1471/985 1083/1468/985 1081/1467/985 1082/1470/985
f 1084/1472/986 1087/1473/986 1088/1474/986 1090/1475/986
f 1085/1476/987 1089/1477/987 1088/1474/987 1087/1473/987
f 1086/1478/988 1090/1475/988 1088/1474/988 1089/1477/988
f 1091/1479/989 1094/1480/989 1095/1481/989 1097/1482/989
f 1092/1483/990 1096/1484/990 1095/1481/990 1094/1480/990
f 1093/1485/991 1097/1482/991 1095/1481/991 1096/1484/991
f 1098/1486/992 1101/1487/992 1102/1488/992 1104/1489/992
f 1099/1490/993 1103/1491/993 1102/1488/993 1101/1487/993
f 1100/1492/994 1104/1489/994 1102/1488/994 1103/1491/994
f 1063/1445/995 1049/1421/995 1055/1424/995 1066/1446/995
f 1066/1452/996 1055/1430/996 1051/1429/996 1064/1449/996
f 1050/1425/997 1056/1433/997 1062/1436/997 1054/1426/997
f 1054/1432/998 1062/1442/998 1058/1441/998 1051/1429/998
f 1057/1437/999 1070/1455/999 1076/1458/999 1061/1438/999
f 1061/1444/1000 1076/1464/1000 1072/1463/1000 1058/1441/1000
f 1071/1459/1001 1065/1453/1001 1068/1450/1001 1075/1460/1001
f 1075/1460/1002 1068/1450/1002 1064/1449/1002 1072/1463/1002
f 1091/1479/1003 1063/1445/1003 1069/1448/1003 1094/1480/1003
f 1094/1480/1004 1069/1454/1004 1065/1453/1004 1092/1483/1004
f 1070/1455/1005 1098/1486/1005 1104/1489/1005 1073/1456/1005
f 1073/1462/1006 1104/1489/1006 1100/1492/1006 1071/1459/1006
f 1099/1490/1007 1093/1485/1007 1096/1484/1007 1103/1491/1007
f 1103/1491/1008 1096/1484/1008 1092/1483/1008 1100/1492/1008
f 1077/1465/1009 1091/1479/1009 1097/1482/1009 1080/1466/1009
f 1080/1466/1010 1097/1482/1010 1093/1485/1010 1078/1469/1010
f 1098/1486/1011 1084/1472/1011 1090/1475/1011 1101/1487/1011
f 1101/1487/1012 1090/1475/1012 1086/1478/1012 1099/1490/1012
f 1085/1476/1013 1079/1471/1013 1082/1470/1013 1089/1477/1013
f 1089/1477/1014 1082/1470/1014 1078/1469/1014 1086/1478/1014
f 1049/1421/1015 1077/1465/1015 1083/1468/1015 1052/1422/1015
f 1052/1428/1016 1083/1468/1016 1079/1471/1016 1050/1425/1016
f 1084/1472/1017 1057/1437/1017 1059/1440/1017 1087/1473/1017
f 1087/1473/1018 1059/1434/1018 1056/1433/1018 1085/1476/1018
f 1063/1445/1019 1091/1479/1019 1077/1465/1019 1049/1421/1019
f 1051/1429/1020 1058/1441/1020 1072/1463/1020 1064/1449/1020
f 1079/1471/1021 1085/1476/1021 1056/1433/1021 1050/1425/1021
f 1098/1486/1022 1070/1455/1022 1057/1437/1022 1084/1472/1022
f 1065/1453/1023 1071/1459/1023 1100/1492/1023 1092/1483/1023
f 1093/1485/1024 1099/1490/1024 1086/1478/1024 1078/1469/1024
o Shelf_-1_2_2.0
v -1.545000 1.975000 -2.575000
v -1.545000 1.990000 -2.560000
v -1.560000 1.990000 -2.575000
v -1.545000 1.979393 -2.564393
v -1.553660 1.981340 -2.566340
v -1.555607 1.990000 -2.564393
v -1.555607 1.979393 -2.575000
v -1.545000 2.010000 -2.560000
v -1.545000 2.025000 -2.575000
v -1.560000 2.010000 -2.575000
v -1.545000 2.020607 -2.564393
v -1.553660 2.018660 -2.566340
v -1.555607 2.020607 -2.575000
v -1.555607 2.010000 -2.564393
v -1.545000 1.975000 -3.525000
v -1.560000 1.990000 -3.525000
v -1.545000 1.990000 -3.540000
v -1.555607 1.979393 -3.525000
v -1.553660 1.981340 -3.533660
v -1.555607 1.990000 -3.535607
v -1.545000 1.979393 -3.535607
v -1.545000 2.025000 -3.525000
v -1.545000 2.010000 -3.540000
v -1.560000 2.010000 -3.525000
v -1.545000 2.020607 -3.535607
v -1.553660 2.018660 -3.533660
v -1.555607 2.010000 -3.535607
v -1.555607 2.020607 -3.525000
v -1.035000 1.975000 -2.575000
v -1.020000 1.990000 -2.575000
v -1.035000 1.990000 -2.560000
v -1.024393 1.979393 -2.575000
v -1.026340 1.981340 -2.566340
v -1.024393 1.990000 -2.564393
v -1.035000 1.979393 -2.564393
v -1.035000 2.025000 -2.575000
v -1.035000 2.010000 -2.560000
v -1.020000 2.010000 -2.575000
v -1.035000 2.020607 -2.564393
v -1.026340 2.018660 -2.566340
v -1.024393 2.010000 -2.564393
v -1.024393 2.020607 -2.575000
v -1.035000 1.975000 -3.525000
v -1.035000 1.990000 -3.540000
v -1.020000 1.990000 -3.525000
v -1.035000 1.979393 -3.535607
v -1.026340 1.981340 -3.533660
v -1.024393 1.990000 -3.535607
v -1.024393 1.979393 -3.525000
v -1.035000 2.025000 -3.525000
v -1.020000 2.010000 -3.525000
v -1.035000 2.010000 -3.540000
v -1.024393 2.020607 -3.525000
v -1.026340 2.018660 -3.533660
v -1.024393 2.010000 -3.535607
v -1.035000 2.020607 -3.535607
vn -0.3251 -0.8881 0.3251
vn -0.3251 -0.3251 0.8881
vn -0.8881 -0.3251 0.3251
vn -0.3251 0.3251 0.8881
vn -0.3251 0.8881 0.3251
vn -0.8881 0.3251 0.3251
vn -0.3251 -0.8881 -0.3251
vn -0.8881 -0.3251 -0.3251
vn -0.3251 -0.3251 -0.8881
vn -0.3251 0.8881 -0.3251
vn -0.3251 0.3251 -0.8881
vn -0.8881 0.3251 -0.3251
vn 0.3251 -0.8881 0.3251
vn 0.8881 -0.3251 0.3251
vn 0.3251 -0.3251 0.8881
vn 0.3251 0.8881 0.3251
vn 0.3251 0.3251 0.8881
vn 0.8881 0.3251 0.3251
vn 0.3251 -0.8881 -0.3251
vn 0.3251 -0.3251 -0.8881
vn 0.8881 -0.3251 -0.3251
vn 0.3251 0.8881 -0.3251
vn 0.8881 0.3251 -0.3251
vn 0.3251 0.3251 -0.8881
vn -0.3827 -0.9239 -0.0000
vn -0.9239 -0.3827 -0.0000
vn -0.3827 -0.0000 0.9239
vn -0.9239 -0.0000 0.3827
vn -0.3827 0.9239 -0.0000
vn -0.9239 0.3827 -0.0000
vn -0.3827 -0.0000 -0.9239
vn -0.9239 -0.0000 -0.3827
vn -0.0000 -0.9239 -0.3827
vn -0.0000 -0.3827 -0.9239
vn -0.0000 0.9239 -0.3827
vn -0.0000 0.3827 -0.9239
vn 0.9239 -0.0000 -0.3827
vn 0.3827 -0.0000 -0.9239
vn 0.3827 -0.9239 -0.0000
vn 0.9239 -0.3827 -0.0000
vn 0.3827 0.9239 -0.0000
vn 0.9239 0.3827 -0.0000
vn 0.3827 -0.0000 0.9239
vn 0.9239 -0.0000 0.3827
vn -0.0000 -0.9239 0.3827
vn -0.0000 -0.3827 0.9239
vn -0.0000 0.9239 0.3827
vn -0.0000 0.3827 0.9239
vn -0.0000 -1.0000 -0.0000
vn -1.0000 -0.0000 -0.0000
vn -0.0000 -0.0000 1.0000
vn -0.0000 1.0000 -0.0000
vn -0.0000 -0.0000 -1.0000
vn 1.0000 -0.0000 -0.0000
vt 0.131944 0.746173
vt 0.131944 0.750000
vt 0.127935 0.750000
vt 0.125000 0.746173
vt 0.450000 0.993056
vt 0.450000 1.000000
vt 0.406699 1.000000
vt 0.375000 0.993056
vt 0.450000 0.003827
vt 0.375000 0.003827
vt 0.375000 0.001617
vt 0.450000 0.000000
vt 0.550000 0.993056
vt 0.625000 0.993056
vt 0.625000 0.997065
vt 0.550000 1.000000
vt 0.868056 0.746173
vt 0.875000 0.746173
vt 0.875000 0.748383
vt 0.868056 0.750000
vt 0.550000 0.003827
vt 0.550000 0.000000
vt 0.593301 0.000000
vt 0.625000 0.003827
vt 0.131944 0.503827
vt 0.125000 0.503826
vt 0.125000 0.501617
vt 0.131944 0.500000
vt 0.450000 0.246173
vt 0.450000 0.250000
vt 0.390849 0.251468
vt 0.375000 0.246173
vt 0.450000 0.256944
vt 0.375000 0.256944
vt 0.868056 0.503827
vt 0.868056 0.500000
vt 0.872065 0.500000
vt 0.875000 0.503826
vt 0.550000 0.256944
vt 0.550000 0.250000
vt 0.609151 0.249191
vt 0.625000 0.256944
vt 0.550000 0.246173
vt 0.625000 0.246173
vt 0.368056 0.746174
vt 0.375000 0.746174
vt 0.385566 0.750439
vt 0.371528 0.753472
vt 0.450000 0.746174
vt 0.450000 0.750000
vt 0.450000 0.756944
vt 0.631944 0.746173
vt 0.628472 0.753472
vt 0.615412 0.749461
vt 0.625000 0.746174
vt 0.550000 0.756944
vt 0.550000 0.750000
vt 0.550000 0.746173
vt 0.368056 0.503826
vt 0.371528 0.496528
vt 0.384588 0.500539
vt 0.375000 0.503826
vt 0.450000 0.493056
vt 0.450000 0.500000
vt 0.450000 0.503826
vt 0.631945 0.503827
vt 0.625000 0.503826
vt 0.614434 0.499561
vt 0.628472 0.496528
vt 0.550000 0.503826
vt 0.550000 0.500000
vt 0.550000 0.493056
s 0
usemtl Cream_Cabinets
f 1105/1493/1025 1108/1494/1025 1109/1495/1025 1111/1496/1025
f 1106/1497/1026 1110/1498/1026 1109/1499/1026 1108/1500/1026
f 1107/1501/1027 1111/1502/1027 1109/1503/1027 1110/1504/1027
f 1112/1505/1028 1115/1506/1028 1116/1507/1028 1118/1508/1028
f 1113/1509/1029 1117/1510/1029 1116/1511/1029 1115/1512/1029
f 1114/1513/1030 1118/1514/1030 1116/1515/1030 1117/1516/1030
f 1119/1517/1031 1122/1518/1031 1123/1519/1031 1125/1520/1031
f 1120/1521/1032 1124/1522/1032 1123/1523/1032 1122/1524/1032
f 1121/1525/1033 1125/1526/1033 1123/1523/1033 1124/1522/1033
f 1126/1527/1034 1129/1528/1034 1130/1529/1034 1132/1530/1034
f 1127/1531/1035 1131/1532/1035 1130/1533/1035 1129/1534/1035
f 1128/1535/1036 1132/1536/1036 1130/1533/1036 1131/1532/1036
f 1133/1537/1037 1136/1538/1037 1137/1539/1037 1139/1540/1037
f 1134/1541/1038 1138/1542/1038 1137/1539/1038 1136/1538/1038
f 1135/1543/1039 1139/1540/1039 1137/1539/1039 1138/1542/1039
f 1140/1544/1040 1143/1545/1040 1144/1546/1040 1146/1547/1040
f 1141/1548/1041 1145/1549/1041 1144/1546/1041 1143/1545/1041
f 1142/1550/1042 1146/1547/1042 1144/1546/1042 1145/1549/1042
f 1147/1551/1043 1150/1552/1043 1151/1553/1043 1153/1554/1043
f 1148/1555/1044 1152/1556/1044 1151/1553/1044 1150/1552/1044
f 1149/1557/1045 1153/1554/1045 1151/1553/1045 1152/1556/1045
f 1154/1558/1046 1157/1559/1046 1158/1560/1046 1160/1561/1046
f 1155/1562/1047 1159/1563/1047 1158/1560/1047 1157/1559/1047
f 1156/1564/1048 1160/1561/1048 1158/1560/1048 1159/1563/1048
f 1119/1517/1049 1105/1493/1049 1111/1496/1049 1122/1518/1049
f 1122/1524/1050 1111/1502/1050 1107/1501/1050 1120/1521/1050
f 1106/1497/1051 1112/1505/1051 1118/1508/1051 1110/1498/1051
f 1110/1504/1052 1118/1514/1052 1114/1513/1052 1107/1501/1052
f 1113/1509/1053 1126/1527/1053 1132/1530/1053 1117/1510/1053
f 1117/1516/1054 1132/1536/1054 1128/1535/1054 1114/1513/1054
f 1127/1531/1055 1121/1525/1055 1124/1522/1055 1131/1532/1055
f 1131/1532/1056 1124/1522/1056 1120/1521/1056 1128/1535/1056
f 1147/1551/1057 1119/1517/1057 1125/1520/1057 1150/1552/1057
f 1150/1552/1058 1125/1526/1058 1121/1525/1058 1148/1555/1058
f 1126/1527/1059 1154/1558/1059 1160/1561/1059 1129/1528/1059
f 1129/1534/1060 1160/1561/1060 1156/1564/1060 1127/1531/1060
f 1155/1562/1061 1149/1557/1061 1152/1556/1061 1159/1563/1061
f 1159/1563/1062 1152/1556/1062 1148/1555/1062 1156/1564/1062
f 1133/1537/1063 1147/1551/1063 1153/1554/1063 1136/1538/1063
f 1136/1538/1064 1153/1554/1064 1149/1557/1064 1134/1541/1064
f 1154/1558/1065 1140/1544/1065 1146/1547/1065 1157/1559/1065
f 1157/1559/1066 1146/1547/1066 1142/1550/1066 1155/1562/1066
f 1141/1548/1067 1135/1543/1067 1138/1542/1067 1145/1549/1067
f 1145/1549/1068 1138/1542/1068 1134/1541/1068 1142/1550/1068
f 1105/1493/1069 1133/1537/1069 1139/1540/1069 1108/1494/1069
f 1108/1500/1070 1139/1540/1070 1135/1543/1070 1106/1497/1070
f 1140/1544/1071 1113/1509/1071 1115/1512/1071 1143/1545/1071
f 1143/1545/1072 1115/1506/1072 1112/1505/1072 1141/1548/1072
f 1119/1517/1073 1147/1551/1073 1133/1537/1073 1105/1493/1073
f 1107/1501/1074 1114/1513/1074 1128/1535/1074 1120/1521/1074
f 1135/1543/1075 1141/1548/1075 1112/1505/1075 1106/1497/1075
f 1154/1558/1076 1126/1527/1076 1113/1509/1076 1140/1544/1076
f 1121/1525/1077 1127/1531/1077 1156/1564/1077 1148/1555/1077
f 1149/1557/1078 1155/1562/1078 1142/1550/1078 1134/1541/1078
o Hanging_Rod_-1_2
v -1.290000 1.742000 -3.480000
v -1.290000 1.742000 -2.620000
v -1.284306 1.741250 -3.480000
v -1.284306 1.741250 -2.620000
v -1.279000 1.739053 -3.480000
v -1.279000 1.739053 -2.620000
v -1.274444 1.735556 -3.480000
v -1.274444 1.735556 -2.620000
v -1.270947 1.731000 -3.480000
v -1.270947 1.731000 -2.620000
v -1.268750 1.725694 -3.480000
v -1.268750 1.725694 -2.620000
v -1.268000 1.720000 -3.480000
v -1.268000 1.720000 -2.620000
v -1.268750 1.714306 -3.480000
v -1.268750 1.714306 -2.620000
v -1.270947 1.709000 -3.480000
v -1.270947 1.709000 -2.620000
v -1.274444 1.704444 -3.480000
v -1.274444 1.704444 -2.620000
v -1.279000 1.700948 -3.480000
v -1.279000 1.700947 -2.620000
v -1.284306 1.698750 -3.480000
v -1.284306 1.698750 -2.620000
v -1.290000 1.698000 -3.480000
v -1.290000 1.698000 -2.620000
v -1.295694 1.698750 -3.480000
v -1.295694 1.698750 -2.620000
v -1.301000 1.700948 -3.480000
v -1.301000 1.700947 -2.620000
v -1.305556 1.704444 -3.480000
v -1.305556 1.704444 -2.620000
v -1.309052 1.709000 -3.480000
v -1.309052 1.709000 -2.620000
v -1.311250 1.714306 -3.480000
v -1.311250 1.714306 -2.620000
v -1.312000 1.720000 -3.480000
v -1.312000 1.720000 -2.620000
v -1.311250 1.725694 -3.480000
v -1.311250 1.725694 -2.620000
v -1.309052 1.731000 -3.480000
v -1.309052 1.731000 -2.620000
v -1.305556 1.735556 -3.480000
v -1.305556 1.735556 -2.620000
v -1.301000 1.739053 -3.480000
v -1.301000 1.739053 -2.620000
v -1.295694 1.741250 -3.480000
v -1.295694 1.741250 -2.620000
vn 0.1305 0.9914 -0.0000
vn 0.3827 0.9239 -0.0000
vn 0.6088 0.7934 -0.0000
vn 0.7934 0.6088 -0.0000
vn 0.9239 0.3827 -0.0000
vn 0.9914 0.1305 -0.0000
vn 0.9914 -0.1305 -0.0000
vn 0.9239 -0.3827 -0.0000
vn 0.7934 -0.6088 -0.0000
vn 0.6088 -0.7934 -0.0000
vn 0.3827 -0.9239 -0.0000
vn 0.1305 -0.9914 -0.0000
vn -0.1305 -0.9914 -0.0000
vn -0.3827 -0.9239 -0.0000
vn -0.6088 -0.7934 -0.0000
vn -0.7934 -0.6088 -0.0000
vn -0.9239 -0.3827 -0.0000
vn -0.9914 -0.1305 -0.0000
vn -0.9914 0.1305 -0.0000
vn -0.9239 0.3827 -0.0000
vn -0.7934 0.6088 -0.0000
vn -0.6088 0.7934 -0.0000
vn -0.0000 -0.0000 1.0000
vn -0.3827 0.9239 -0.0000
vn -0.1305 0.9914 -0.0000
vn -0.0000 -0.0000 -1.0000
vt 1.000000 0.500000
vt 1.000000 1.000000
vt 0.958333 1.000000
vt 0.958333 0.500000
vt 0.916667 1.000000
vt 0.916667 0.500000
vt 0.875000 1.000000
vt 0.875000 0.500000
vt 0.833333 1.000000
vt 0.833333 0.500000
vt 0.791667 1.000000
vt 0.791667 0.500000
vt 0.750000 1.000000
vt 0.750000 0.500000
vt 0.708333 1.000000
vt 0.708333 0.500000
vt 0.666667 1.000000
vt 0.666667 0.500000
vt 0.625000 1.000000
vt 0.625000 0.500000
vt 0.583333 1.000000
vt 0.583333 0.500000
vt 0.541666 1.000000
vt 0.541666 0.500000
vt 0.500000 1.000000
vt 0.500000 0.500000
vt 0.458333 1.000000
vt 0.458333 0.500000
vt 0.416666 1.000000
vt 0.416666 0.500000
vt 0.375000 1.000000
vt 0.375000 0.500000
vt 0.333333 1.000000
vt 0.333333 0.500000
vt 0.291667 1.000000
vt 0.291667 0.500000
vt 0.250000 1.000000
vt 0.250000 0.500000
vt 0.208333 1.000000
vt 0.208333 0.500000
vt 0.166666 1.000000
vt 0.166666 0.500000
vt 0.125000 1.000000
vt 0.125000 0.500000
vt 0.083333 1.000000
vt 0.083333 0.500000
vt 0.312117 0.481822
vt 0.250000 0.490000
vt 0.187883 0.481822
vt 0.130000 0.457846
vt 0.080294 0.419706
vt 0.042154 0.370000
vt 0.018178 0.312117
vt 0.010000 0.250000
vt 0.018178 0.187883
vt 0.042154 0.130000
vt 0.080294 0.080294
vt 0.130000 0.042154
vt 0.187883 0.018178
vt 0.250000 0.010000
vt 0.312117 0.018178
vt 0.370000 0.042154
vt 0.419706 0.080294
vt 0.457846 0.130000
vt 0.481822 0.187883
vt 0.490000 0.250000
vt 0.481822 0.312117
vt 0.457846 0.370000
vt 0.419706 0.419706
vt 0.370000 0.457846
vt 0.041666 1.000000
vt 0.041666 0.500000
vt -0.000000 1.000000
vt -0.000000 0.500000
vt 0.750000 0.490000
vt 0.812117 0.481822
vt 0.870000 0.457846
vt 0.919706 0.419706
vt 0.957846 0.370000
vt 0.981822 0.312117
vt 0.990000 0.250000
vt 0.981822 0.187883
vt 0.957846 0.130000
vt 0.919706 0.080294
vt 0.870000 0.042154
vt 0.812117 0.018178
vt 0.750000 0.010000
vt 0.687883 0.018178
vt 0.630000 0.042154
vt 0.580294 0.080294
vt 0.542154 0.130000
vt 0.518178 0.187883
vt 0.510000 0.250000
vt 0.518178 0.312117
vt 0.542154 0.370000
vt 0.580294 0.419706
vt 0.630000 0.457846
vt 0.687883 0.481822
s 0
usemtl Radiator_Metal
f 1161/1565/1079 1162/1566/1079 1164/1567/1079 1163/1568/1079
f 1163/1568/1080 1164/1567/1080 1166/1569/1080 1165/1570/1080
f 1165/1570/1081 1166/1569/1081 1168/1571/1081 1167/1572/1081
f 1167/1572/1082 1168/1571/1082 1170/1573/1082 1169/1574/1082
f 1169/1574/1083 1170/1573/1083 1172/1575/1083 1171/1576/1083
f 1171/1576/1084 1172/1575/1084 1174/1577/1084 1173/1578/1084
f 1173/1578/1085 1174/1577/1085 1176/1579/1085 1175/1580/1085
f 1175/1580/1086 1176/1579/1086 1178/1581/1086 1177/1582/1086
f 1177/1582/1087 1178/1581/1087 1180/1583/1087 1179/1584/1087
f 1179/1584/1088 1180/1583/1088 1182/1585/1088 1181/1586/1088
f 1181/1586/1089 1182/1585/1089 1184/1587/1089 1183/1588/1089
f 1183/1588/1090 1184/1587/1090 1186/1589/1090 1185/1590/1090
f 1185/1590/1091 1186/1589/1091 1188/1591/1091 1187/1592/1091
f 1187/1592/1092 1188/1591/1092 1190/1593/1092 1189/1594/1092
f 1189/1594/1093 1190/1593/1093 1192/1595/1093 1191/1596/1093
f 1191/1596/1094 1192/1595/1094 1194/1597/1094 1193/1598/1094
f 1193/1598/1095 1194/1597/1095 1196/1599/1095 1195/1600/1095
f 1195/1600/1096 1196/1599/1096 1198/1601/1096 1197/1602/1096
f 1197/1602/1097 1198/1601/1097 1200/1603/1097 1199/1604/1097
f 1199/1604/1098 1200/1603/1098 1202/1605/1098 1201/1606/1098
f 1201/1606/1099 1202/1605/1099 1204/1607/1099 1203/1608/1099
f 1203/1608/1100 1204/1607/1100 1206/1609/1100 1205/1610/1100
f 1164/1611/1101 1162/1612/1101 1208/1613/1101 1206/1614/1101 1204/1615/1101 1202/1616/1101 1200/1617/1101 1198/1618/1101 1196/1619/1101 1194/1620/1101 1192/1621/1101 1190/1622/1101 1188/1623/1101 1186/1624/1101 1184/1625/1101 1182/1626/1101 1180/1627/1101 1178/1628/1101 1176/1629/1101 1174/1630/1101 1172/1631/1101 1170/1632/1101 1168/1633/1101 1166/1634/1101
f 1205/1610/1102 1206/1609/1102 1208/1635/1102 1207/1636/1102
f 1207/1636/1103 1208/1635/1103 1162/1637/1103 1161/1638/1103
f 1161/1639/1104 1163/1640/1104 1165/1641/1104 1167/1642/1104 1169/1643/1104 1171/1644/1104 1173/1645/1104 1175/1646/1104 1177/1647/1104 1179/1648/1104 1181/1649/1104 1183/1650/1104 1185/1651/1104 1187/1652/1104 1189/1653/1104 1191/1654/1104 1193/1655/1104 1195/1656/1104 1197/1657/1104 1199/1658/1104 1201/1659/1104 1203/1660/1104 1205/1661/1104 1207/1662/1104
o Shelf_-1_3_Bottom
v -1.545000 0.120000 -3.725000
v -1.545000 0.135000 -3.710000
v -1.560000 0.135000 -3.725000
v -1.545000 0.124393 -3.714393
v -1.553660 0.126340 -3.716340
v -1.555607 0.135000 -3.714393
v -1.555607 0.124393 -3.725000
v -1.545000 0.165000 -3.710000
v -1.545000 0.180000 -3.725000
v -1.560000 0.165000 -3.725000
v -1.545000 0.175607 -3.714393
v -1.553660 0.173660 -3.716340
v -1.555607 0.175607 -3.725000
v -1.555607 0.165000 -3.714393
v -1.545000 0.120000 -4.675000
v -1.560000 0.135000 -4.675000
v -1.545000 0.135000 -4.690000
v -1.555607 0.124393 -4.675000
v -1.553660 0.126340 -4.683660
v -1.555607 0.135000 -4.685606
v -1.545000 0.124393 -4.685606
v -1.545000 0.180000 -4.675000
v -1.545000 0.165000 -4.690000
v -1.560000 0.165000 -4.675000
v -1.545000 0.175607 -4.685606
v -1.553660 0.173660 -4.683660
v -1.555607 0.165000 -4.685606
v -1.555607 0.175607 -4.675000
v -1.035000 0.120000 -3.725000
v -1.020000 0.135000 -3.725000
v -1.035000 0.135000 -3.710000
v -1.024393 0.124393 -3.725000
v -1.026340 0.126340 -3.716340
v -1.024393 0.135000 -3.714393
v -1.035000 0.124393 -3.714393
v -1.035000 0.180000 -3.725000
v -1.035000 0.165000 -3.710000
v -1.020000 0.165000 -3.725000
v -1.035000 0.175607 -3.714393
v -1.026340 0.173660 -3.716340
v -1.024393 0.165000 -3.714393
v -1.024393 0.175607 -3.725000
v -1.035000 0.120000 -4.675000
v -1.035000 0.135000 -4.690000
v -1.020000 0.135000 -4.675000
v -1.035000 0.124393 -4.685606
v -1.026340 0.126340 -4.683660
v -1.024393 0.135000 -4.685606
v -1.024393 0.124393 -4.675000
v -1.035000 0.180000 -4.675000
v -1.020000 0.165000 -4.675000
v -1.035000 0.165000 -4.690000
v -1.024393 0.175607 -4.675000
v -1.026340 0.173660 -4.683660
v -1.024393 0.165000 -4.685606
v -1.035000 0.175607 -4.685606
vn -0.3251 -0.8881 0.3251
vn -0.3251 -0.3251 0.8881
vn -0.8881 -0.3251 0.3251
vn -0.3251 0.3251 0.8881
vn -0.3251 0.8881 0.3251
vn -0.8881 0.3251 0.3251
vn -0.3251 -0.8881 -0.3251
vn -0.8881 -0.3251 -0.3251
vn -0.3251 -0.3251 -0.8881
vn -0.3251 0.8881 -0.3251
vn -0.3251 0.3251 -0.8881
vn -0.8881 0.3251 -0.3251
vn 0.3251 -0.8881 0.3251
vn 0.8881 -0.3251 0.3251
vn 0.3251 -0.3251 0.8881
vn 0.3251 0.8881 0.3251
vn 0.3251 0.3251 0.8881
vn 0.8881 0.3251 0.3251
vn 0.3251 -0.8881 -0.3251
vn 0.3251 -0.3251 -0.8881
vn 0.8881 -0.3251 -0.3251
vn 0.3251 0.8881 -0.3251
vn 0.8881 0.3251 -0.3251
vn 0.3251 0.3251 -0.8881
vn -0.3827 -0.9239 -0.0000
vn -0.9239 -0.3827 -0.0000
vn -0.3827 -0.0000 0.9239
vn -0.9239 -0.0000 0.3827
vn -0.3827 0.9239 -0.0000
vn -0.9239 0.3827 -0.0000
vn -0.3827 -0.0000 -0.9239
vn -0.9239 -0.0000 -0.3827
vn -0.0000 -0.9239 -0.3827
vn -0.0000 -0.3827 -0.9239
vn -0.0000 0.9239 -0.3827
vn -0.0000 0.3827 -0.9239
vn 0.9239 -0.0000 -0.3827
vn 0.3827 -0.0000 -0.9239
vn 0.3827 -0.9239 -0.0000
vn 0.9239 -0.3827 -0.0000
vn 0.3827 0.9239 -0.0000
vn 0.9239 0.3827 -0.0000
vn 0.3827 -0.0000 0.9239
vn 0.9239 -0.0000 0.3827
vn -0.0000 -0.9239 0.3827
vn -0.0000 -0.3827 0.9239
vn -0.0000 0.9239 0.3827
vn -0.0000 0.3827 0.9239
vn -0.0000 -1.0000 -0.0000
vn -1.0000 -0.0000 -0.0000
vn -0.0000 -0.0000 1.0000
vn -0.0000 1.0000 -0.0000
vn -0.0000 -0.0000 -1.0000
vn 1.0000 -0.0000 -0.0000
vt 0.131944 0.746173
vt 0.131944 0.750000
vt 0.127935 0.750000
vt 0.125000 0.746173
vt 0.437500 0.993056
vt 0.437500 1.000000
vt 0.401416 1.000000
vt 0.375000 0.993056
vt 0.437500 0.003827
vt 0.375000 0.003827
vt 0.375000 0.001617
vt 0.437500 0.000000
vt 0.562500 0.993056
vt 0.625000 0.993056
vt 0.625000 0.997065
vt 0.562500 1.000000
vt 0.868056 0.746173
vt 0.875000 0.746173
vt 0.875000 0.748383
vt 0.868056 0.750000
vt 0.562500 0.003827
vt 0.562500 0.000000
vt 0.598584 0.000000
vt 0.625000 0.003827
vt 0.131944 0.503827
vt 0.125000 0.503826
vt 0.125000 0.501617
vt 0.131944 0.500000
vt 0.437500 0.246173
vt 0.437500 0.250000
vt 0.388208 0.251468
vt 0.375000 0.246173
vt 0.437500 0.256944
vt 0.375000 0.256944
vt 0.868056 0.503827
vt 0.868056 0.500000
vt 0.872065 0.500000
vt 0.875000 0.503826
vt 0.562500 0.256944
vt 0.562500 0.250000
vt 0.611792 0.249191
vt 0.625000 0.256944
vt 0.562500 0.246173
vt 0.625000 0.246173
vt 0.368056 0.746174
vt 0.375000 0.746173
vt 0.383805 0.750439
vt 0.371528 0.753472
vt 0.437500 0.746174
vt 0.437500 0.750000
vt 0.437500 0.756944
vt 0.631944 0.746173
vt 0.628472 0.753472
vt 0.617173 0.749461
vt 0.625000 0.746173
vt 0.562500 0.756944
vt 0.562500 0.750000
vt 0.562500 0.746174
vt 0.368056 0.503826
vt 0.371528 0.496528
vt 0.382827 0.500539
vt 0.375000 0.503826
vt 0.437500 0.493056
vt 0.437500 0.500000
vt 0.437500 0.503827
vt 0.631945 0.503827
vt 0.625000 0.503826
vt 0.616195 0.499561
vt 0.628472 0.496528
vt 0.562500 0.503827
vt 0.562500 0.500000
vt 0.562500 0.493056
s 0
usemtl Cream_Cabinets
f 1209/1663/1105 1212/1664/1105 1213/1665/1105 1215/1666/1105
f 1210/1667/1106 1214/1668/1106 1213/1669/1106 1212/1670/1106
f 1211/1671/1107 1215/1672/1107 1213/1673/1107 1214/1674/1107
f 1216/1675/1108 1219/1676/1108 1220/1677/1108 1222/1678/1108
f 1217/1679/1109 1221/1680/1109 1220/1681/1109 1219/1682/1109
f 1218/1683/1110 1222/1684/1110 1220/1685/1110 1221/1686/1110
f 1223/1687/1111 1226/1688/1111 1227/1689/1111 1229/1690/1111
f 1224/1691/1112 1228/1692/1112 1227/1693/1112 1226/1694/1112
f 1225/1695/1113 1229/1696/1113 1227/1693/1113 1228/1692/1113
f 1230/1697/1114 1233/1698/1114 1234/1699/1114 1236/1700/1114
f 1231/1701/1115 1235/1702/1115 1234/1703/1115 1233/1704/1115
f 1232/1705/1116 1236/1706/1116 1234/1703/1116 1235/1702/1116
f 1237/1707/1117 1240/1708/1117 1241/1709/1117 1243/1710/1117
f 1238/1711/1118 1242/1712/1118 1241/1709/1118 1240/1708/1118
f 1239/1713/1119 1243/1710/1119 1241/1709/1119 1242/1712/1119
f 1244/1714/1120 1247/1715/1120 1248/1716/1120 1250/1717/1120
f 1245/1718/1121 1249/1719/1121 1248/1716/1121 1247/1715/1121
f 1246/1720/1122 1250/1717/1122 1248/1716/1122 1249/1719/1122
f 1251/1721/1123 1254/1722/1123 1255/1723/1123 1257/1724/1123
f 1252/1725/1124 1256/1726/1124 1255/1723/1124 1254/1722/1124
f 1253/1727/1125 1257/1724/1125 1255/1723/1125 1256/1726/1125
f 1258/1728/1126 1261/1729/1126 1262/1730/1126 1264/1731/1126
f 1259/1732/1127 1263/1733/1127 1262/1730/1127 1261/1729/1127
f 1260/1734/1128 1264/1731/1128 1262/1730/1128 1263/1733/1128
f 1223/1687/1129 1209/1663/1129 1215/1666/1129 1226/1688/1129
f 1226/1694/1130 1215/1672/1130 1211/1671/1130 1224/1691/1130
f 1210/1667/1131 1216/1675/1131 1222/1678/1131 1214/1668/1131
f 1214/1674/1132 1222/1684/1132 1218/1683/1132 1211/1671/1132
f 1217/1679/1133 1230/1697/1133 1236/1700/1133 1221/1680/1133
f 1221/1686/1134 1236/1706/1134 1232/1705/1134 1218/1683/1134
f 1231/1701/1135 1225/1695/1135 1228/1692/1135 1235/1702/1135
f 1235/1702/1136 1228/1692/1136 1224/1691/1136 1232/1705/1136
f 1251/1721/1137 1223/1687/1137 1229/1690/1137 1254/1722/1137
f 1254/1722/1138 1229/1696/1138 1225/1695/1138 1252/1725/1138
f 1230/1697/1139 1258/1728/1139 1264/1731/1139 1233/1698/1139
f 1233/1704/1140 1264/1731/1140 1260/1734/1140 1231/1701/1140
f 1259/1732/1141 1253/1727/1141 1256/1726/1141 1263/1733/1141
f 1263/1733/1142 1256/1726/1142 1252/1725/1142 1260/1734/1142
f 1237/1707/1143 1251/1721/1143 1257/1724/1143 1240/1708/1143
f 1240/1708/1144 1257/1724/1144 1253/1727/1144 1238/1711/1144
f 1258/1728/1145 1244/1714/1145 1250/1717/1145 1261/1729/1145
f 1261/1729/1146 1250/1717/1146 1246/1720/1146 1259/1732/1146
f 1245/1718/1147 1239/1713/1147 1242/1712/1147 1249/1719/1147
f 1249/1719/1148 1242/1712/1148 1238/1711/1148 1246/1720/1148
f 1209/1663/1149 1237/1707/1149 1243/1710/1149 1212/1664/1149
f 1212/1670/1150 1243/1710/1150 1239/1713/1150 1210/1667/1150
f 1244/1714/1151 1217/1679/1151 1219/1682/1151 1247/1715/1151
f 1247/1715/1152 1219/1676/1152 1216/1675/1152 1245/1718/1152
f 1223/1687/1153 1251/1721/1153 1237/1707/1153 1209/1663/1153
f 1211/1671/1154 1218/1683/1154 1232/1705/1154 1224/1691/1154
f 1239/1713/1155 1245/1718/1155 1216/1675/1155 1210/1667/1155
f 1258/1728/1156 1230/1697/1156 1217/1679/1156 1244/1714/1156
f 1225/1695/1157 1231/1701/1157 1260/1734/1157 1252/1725/1157
f 1253/1727/1158 1259/1732/1158 1246/1720/1158 1238/1711/1158
o Shelf_-1_3_0.8
v -1.545000 0.775000 -3.725000
v -1.545000 0.790000 -3.710000
v -1.560000 0.790000 -3.725000
v -1.545000 0.779393 -3.714393
v -1.553660 0.781340 -3.716340
v -1.555607 0.790000 -3.714393
v -1.555607 0.779393 -3.725000
v -1.545000 0.810000 -3.710000
v -1.545000 0.825000 -3.725000
v -1.560000 0.810000 -3.725000
v -1.545000 0.820607 -3.714393
v -1.553660 0.818660 -3.716340
v -1.555607 0.820607 -3.725000
v -1.555607 0.810000 -3.714393
v -1.545000 0.775000 -4.675000
v -1.560000 0.790000 -4.675000
v -1.545000 0.790000 -4.690000
v -1.555607 0.779393 -4.675000
v -1.553660 0.781340 -4.683660
v -1.555607 0.790000 -4.685606
v -1.545000 0.779393 -4.685606
v -1.545000 0.825000 -4.675000
v -1.545000 0.810000 -4.690000
v -1.560000 0.810000 -4.675000
v -1.545000 0.820607 -4.685606
v -1.553660 0.818660 -4.683660
v -1.555607 0.810000 -4.685606
v -1.555607 0.820607 -4.675000
v -1.035000 0.775000 -3.725000
v -1.020000 0.790000 -3.725000
v -1.035000 0.790000 -3.710000
v -1.024393 0.779393 -3.725000
v -1.026340 0.781340 -3.716340
v -1.024393 0.790000 -3.714393
v -1.035000 0.779393 -3.714393
v -1.035000 0.825000 -3.725000
v -1.035000 0.810000 -3.710000
v -1.020000 0.810000 -3.725000
v -1.035000 0.820607 -3.714393
v -1.026340 0.818660 -3.716340
v -1.024393 0.810000 -3.714393
v -1.024393 0.820607 -3.725000
v -1.035000 0.775000 -4.675000
v -1.035000 0.790000 -4.690000
v -1.020000 0.790000 -4.675000
v -1.035000 0.779393 -4.685606
v -1.026340 0.781340 -4.683660
v -1.024393 0.790000 -4.685606
v -1.024393 0.779393 -4.675000
v -1.035000 0.825000 -4.675000
v -1.020000 0.810000 -4.675000
v -1.035000 0.810000 -4.690000
v -1.024393 0.820607 -4.675000
v -1.026340 0.818660 -4.683660
v -1.024393 0.810000 -4.685606
v -1.035000 0.820607 -4.685606
vn -0.3251 -0.8881 0.3251
vn -0.3251 -0.3251 0.8881
vn -0.8881 -0.3251 0.3251
vn -0.3251 0.3251 0.8881
vn -0.3251 0.8881 0.3251
vn -0.8881 0.3251 0.3251
vn -0.3251 -0.8881 -0.3251
vn -0.8881 -0.3251 -0.3251
vn -0.3251 -0.3251 -0.8881
vn -0.3251 0.8881 -0.3251
vn -0.3251 0.3251 -0.8881
vn -0.8881 0.3251 -0.3251
vn 0.3251 -0.8881 0.3251
vn 0.8881 -0.3251 0.3251
vn 0.3251 -0.3251 0.8881
vn 0.3251 0.8881 0.3251
vn 0.3251 0.3251 0.8881
vn 0.8881 0.3251 0.3251
vn 0.3251 -0.8881 -0.3251
vn 0.3251 -0.3251 -0.8881
vn 0.8881 -0.3251 -0.3251
vn 0.3251 0.8881 -0.3251
vn 0.8881 0.3251 -0.3251
vn 0.3251 0.3251 -0.8881
vn -0.3827 -0.9239 -0.0000
vn -0.9239 -0.3827 -0.0000
vn -0.3827 -0.0000 0.9239
vn -0.9239 -0.0000 0.3827
vn -0.3827 0.9239 -0.0000
vn -0.9239 0.3827 -0.0000
vn -0.3827 -0.0000 -0.9239
vn -0.9239 -0.0000 -0.3827
vn -0.0000 -0.9239 -0.3827
vn -0.0000 -0.3827 -0.9239
vn -0.0000 0.9239 -0.3827
vn -0.0000 0.3827 -0.9239
vn 0.9239 -0.0000 -0.3827
vn 0.3827 -0.0000 -0.9239
vn 0.3827 -0.9239 -0.0000
vn 0.9239 -0.3827 -0.0000
vn 0.3827 0.9239 -0.0000
vn 0.9239 0.3827 -0.0000
vn 0.3827 -0.0000 0.9239
vn 0.9239 -0.0000 0.3827
vn -0.0000 -0.9239 0.3827
vn -0.0000 -0.3827 0.9239
vn -0.0000 0.9239 0.3827
vn -0.0000 0.3827 0.9239
vn -0.0000 -1.0000 -0.0000
vn -1.0000 -0.0000 -0.0000
vn -0.0000 -0.0000 1.0000
vn -0.0000 1.0000 -0.0000
vn -0.0000 -0.0000 -1.0000
vn 1.0000 -0.0000 -0.0000
vt 0.131944 0.746173
vt 0.131944 0.750000
vt 0.127935 0.750000
vt 0.125000 0.746173
vt 0.450000 0.993056
vt 0.450000 1.000000
vt 0.406699 1.000000
vt 0.375000 0.993056
vt 0.450000 0.003827
vt 0.375000 0.003827
vt 0.375000 0.001617
vt 0.450000 0.000000
vt 0.550000 0.993056
vt 0.625000 0.993056
vt 0.625000 0.997065
vt 0.550000 1.000000
vt 0.868056 0.746173
vt 0.875000 0.746173
vt 0.875000 0.748383
vt 0.868056 0.750000
vt 0.550000 0.003827
vt 0.550000 0.000000
vt 0.593301 0.000000
vt 0.625000 0.003827
vt 0.131944 0.503827
vt 0.125000 0.503826
vt 0.125000 0.501617
vt 0.131944 0.500000
vt 0.450000 0.246173
vt 0.450000 0.250000
vt 0.390849 0.251468
vt 0.375000 0.246173
vt 0.450000 0.256944
vt 0.375000 0.256944
vt 0.868056 0.503827
vt 0.868056 0.500000
vt 0.872065 0.500000
vt 0.875000 0.503826
vt 0.550000 0.256944
vt 0.550000 0.250000
vt 0.609151 0.249191
vt 0.625000 0.256944
vt 0.550000 0.246173
vt 0.625000 0.246173
vt 0.368056 0.746174
vt 0.375000 0.746174
vt 0.385566 0.750439
vt 0.371528 0.753472
vt 0.450000 0.746174
vt 0.450000 0.750000
vt 0.450000 0.756944
vt 0.631944 0.746173
vt 0.628472 0.753472
vt 0.615412 0.749461
vt 0.625000 0.746174
vt 0.550000 0.756944
vt 0.550000 0.750000
vt 0.550000 0.746173
vt 0.368056 0.503826
vt 0.371528 0.496528
vt 0.384588 0.500539
vt 0.375000 0.503826
vt 0.450000 0.493056
vt 0.450000 0.500000
vt 0.450000 0.503826
vt 0.631945 0.503827
vt 0.625000 0.503826
vt 0.614434 0.499561
vt 0.628472 0.496528
vt 0.550000 0.503826
vt 0.550000 0.500000
vt 0.550000 0.493056
s 0
usemtl Cream_Cabinets
f 1265/1735/1159 1268/1736/1159 1269/1737/1159 1271/1738/1159
f 1266/1739/1160 1270/1740/1160 1269/1741/1160 1268/1742/1160
f 1267/1743/1161 1271/1744/1161 1269/1745/1161 1270/1746/1161
f 1272/1747/1162 1275/1748/1162 1276/1749/1162 1278/1750/1162
f 1273/1751/1163 1277/1752/1163 1276/1753/1163 1275/1754/1163
f 1274/1755/1164 1278/1756/1164 1276/1757/1164 1277/1758/1164
f 1279/1759/1165 1282/1760/1165 1283/1761/1165 1285/1762/1165
f 1280/1763/1166 1284/1764/1166 1283/1765/1166 1282/1766/1166
f 1281/1767/1167 1285/1768/1167 1283/1765/1167 1284/1764/1167
f 1286/1769/1168 1289/1770/1168 1290/1771/1168 1292/1772/1168
f 1287/1773/1169 1291/1774/1169 1290/1775/1169 1289/1776/1169
f 1288/1777/1170 1292/1778/1170 1290/1775/1170 1291/1774/1170
f 1293/1779/1171 1296/1780/1171 1297/1781/1171 1299/1782/1171
f 1294/1783/1172 1298/1784/1172 1297/1781/1172 1296/1780/1172
f 1295/1785/1173 1299/1782/1173 1297/1781/1173 1298/1784/1173
f 1300/1786/1174 1303/1787/1174 1304/1788/1174 1306/1789/1174
f 1301/1790/1175 1305/1791/1175 1304/1788/1175 1303/1787/1175
f 1302/1792/1176 1306/1789/1176 1304/1788/1176 1305/1791/1176
f 1307/1793/1177 1310/1794/1177 1311/1795/1177 1313/1796/1177
f 1308/1797/1178 1312/1798/1178 1311/1795/1178 1310/1794/1178
f 1309/1799/1179 1313/1796/1179 1311/1795/1179 1312/1798/1179
f 1314/1800/1180 1317/1801/1180 1318/1802/1180 1320/1803/1180
f 1315/1804/1181 1319/1805/1181 1318/1802/1181 1317/1801/1181
f 1316/1806/1182 1320/1803/1182 1318/1802/1182 1319/1805/1182
f 1279/1759/1183 1265/1735/1183 1271/1738/1183 1282/1760/1183
f 1282/1766/1184 1271/1744/1184 1267/1743/1184 1280/1763/1184
f 1266/1739/1185 1272/1747/1185 1278/1750/1185 1270/1740/1185
f 1270/1746/1186 1278/1756/1186 1274/1755/1186 1267/1743/1186
f 1273/1751/1187 1286/1769/1187 1292/1772/1187 1277/1752/1187
f 1277/1758/1188 1292/1778/1188 1288/1777/1188 1274/1755/1188
f 1287/1773/1189 1281/1767/1189 1284/1764/1189 1291/1774/1189
f 1291/1774/1190 1284/1764/1190 1280/1763/1190 1288/1777/1190
f 1307/1793/1191 1279/1759/1191 1285/1762/1191 1310/1794/1191
f 1310/1794/1192 1285/1768/1192 1281/1767/1192 1308/1797/1192
f 1286/1769/1193 1314/1800/1193 1320/1803/1193 1289/1770/1193
f 1289/1776/1194 1320/1803/1194 1316/1806/1194 1287/1773/1194
f 1315/1804/1195 1309/1799/1195 1312/1798/1195 1319/1805/1195
f 1319/1805/1196 1312/1798/1196 1308/1797/1196 1316/1806/1196
f 1293/1779/1197 1307/1793/1197 1313/1796/1197 1296/1780/1197
f 1296/1780/1198 1313/1796/1198 1309/1799/1198 1294/1783/1198
f 1314/1800/1199 1300/1786/1199 1306/1789/1199 1317/1801/1199
f 1317/1801/1200 1306/1789/1200 1302/1792/1200 1315/1804/1200
f 1301/1790/1201 1295/1785/1201 1298/1784/1201 1305/1791/1201
f 1305/1791/1202 1298/1784/1202 1294/1783/1202 1302/1792/1202
f 1265/1735/1203 1293/1779/1203 1299/1782/1203 1268/1736/1203
f 1268/1742/1204 1299/1782/1204 1295/1785/1204 1266/1739/1204
f 1300/1786/1205 1273/1751/1205 1275/1754/1205 1303/1787/1205
f 1303/1787/1206 1275/1748/1206 1272/1747/1206 1301/1790/1206
f 1279/1759/1207 1307/1793/1207 1293/1779/1207 1265/1735/1207
f 1267/1743/1208 1274/1755/1208 1288/1777/1208 1280/1763/1208
f 1295/1785/1209 1301/1790/1209 1272/1747/1209 1266/1739/1209
f 1314/1800/1210 1286/1769/1210 1273/1751/1210 1300/1786/1210
f 1281/1767/1211 1287/1773/1211 1316/1806/1211 1308/1797/1211
f 1309/1799/1212 1315/1804/1212 1302/1792/1212 1294/1783/1212
o Shelf_-1_3_1.4
v -1.545000 1.375000 -3.725000
v -1.545000 1.390000 -3.710000
v -1.560000 1.390000 -3.725000
v -1.545000 1.379393 -3.714393
v -1.553660 1.381340 -3.716340
v -1.555607 1.390000 -3.714393
v -1.555607 1.379393 -3.725000
v -1.545000 1.410000 -3.710000
v -1.545000 1.425000 -3.725000
v -1.560000 1.410000 -3.725000
v -1.545000 1.420607 -3.714393
v -1.553660 1.418660 -3.716340
v -1.555607 1.420607 -3.725000
v -1.555607 1.410000 -3.714393
v -1.545000 1.375000 -4.675000
v -1.560000 1.390000 -4.675000
v -1.545000 1.390000 -4.690000
v -1.555607 1.379393 -4.675000
v -1.553660 1.381340 -4.683660
v -1.555607 1.390000 -4.685606
v -1.545000 1.379393 -4.685606
v -1.545000 1.425000 -4.675000
v -1.545000 1.410000 -4.690000
v -1.560000 1.410000 -4.675000
v -1.545000 1.420607 -4.685606
v -1.553660 1.418660 -4.683660
v -1.555607 1.410000 -4.685606
v -1.555607 1.420607 -4.675000
v -1.035000 1.375000 -3.725000
v -1.020000 1.390000 -3.725000
v -1.035000 1.390000 -3.710000
v -1.024393 1.379393 -3.725000
v -1.026340 1.381340 -3.716340
v -1.024393 1.390000 -3.714393
v -1.035000 1.379393 -3.714393
v -1.035000 1.425000 -3.725000
v -1.035000 1.410000 -3.710000
v -1.020000 1.410000 -3.725000
v -1.035000 1.420607 -3.714393
v -1.026340 1.418660 -3.716340
v -1.024393 1.410000 -3.714393
v -1.024393 1.420607 -3.725000
v -1.035000 1.375000 -4.675000
v -1.035000 1.390000 -4.690000
v -1.020000 1.390000 -4.675000
v -1.035000 1.379393 -4.685606
v -1.026340 1.381340 -4.683660
v -1.024393 1.390000 -4.685606
v -1.024393 1.379393 -4.675000
v -1.035000 1.425000 -4.675000
v -1.020000 1.410000 -4.675000
v -1.035000 1.410000 -4.690000
v -1.024393 1.420607 -4.675000
v -1.026340 1.418660 -4.683660
v -1.024393 1.410000 -4.685606
v -1.035000 1.420607 -4.685606
vn -0.3251 -0.8881 0.3251
vn -0.3251 -0.3251 0.8881
vn -0.8881 -0.3251 0.3251
vn -0.3251 0.3251 0.8881
vn -0.3251 0.8881 0.3251
vn -0.8881 0.3251 0.3251
vn -0.3251 -0.8881 -0.3251
vn -0.8881 -0.3251 -0.3251
vn -0.3251 -0.3251 -0.8881
vn -0.3251 0.8881 -0.3251
vn -0.3251 0.3251 -0.8881
vn -0.8881 0.3251 -0.3251
vn 0.3251 -0.8881 0.3251
vn 0.8881 -0.3251 0.3251
vn 0.3251 -0.3251 0.8881
vn 0.3251 0.8881 0.3251
vn 0.3251 0.3251 0.8881
vn 0.8881 0.3251 0.3251
vn 0.3251 -0.8881 -0.3251
vn 0.3251 -0.3251 -0.8881
vn 0.8881 -0.3251 -0.3251
vn 0.3251 0.8881 -0.3251
vn 0.8881 0.3251 -0.3251
vn 0.3251 0.3251 -0.8881
vn -0.3827 -0.9239 -0.0000
vn -0.9239 -0.3827 -0.0000
vn -0.3827 -0.0000 0.9239
vn -0.9239 -0.0000 0.3827
vn -0.3827 0.9239 -0.0000
vn -0.9239 0.3827 -0.0000
vn -0.3827 -0.0000 -0.9239
vn -0.9239 -0.0000 -0.3827
vn -0.0000 -0.9239 -0.3827
vn -0.0000 -0.3827 -0.9239
vn -0.0000 0.9239 -0.3827
vn -0.0000 0.3827 -0.9239
vn 0.9239 -0.0000 -0.3827
vn 0.3827 -0.0000 -0.9239
vn 0.3827 -0.9239 -0.0000
vn 0.9239 -0.3827 -0.0000
vn 0.3827 0.9239 -0.0000
vn 0.9239 0.3827 -0.0000
vn 0.3827 -0.0000 0.9239
vn 0.9239 -0.0000 0.3827
vn -0.0000 -0.9239 0.3827
vn -0.0000 -0.3827 0.9239
vn -0.0000 0.9239 0.3827
vn -0.0000 0.3827 0.9239
vn -0.0000 -1.0000 -0.0000
vn -1.0000 -0.0000 -0.0000
vn -0.0000 -0.0000 1.0000
vn -0.0000 1.0000 -0.0000
vn -0.0000 -0.0000 -1.0000
vn 1.0000 -0.0000 -0.0000
vt 0.131944 0.746173
vt 0.131944 0.750000
vt 0.127935 0.750000
vt 0.125000 0.746173
vt 0.450000 0.993056
vt 0.450000 1.000000
vt 0.406699 1.000000
vt 0.375000 0.993056
vt 0.450000 0.003827
vt 0.375000 0.003827
vt 0.375000 0.001617
vt 0.450000 0.000000
vt 0.550000 0.993056
vt 0.625000 0.993056
vt 0.625000 0.997065
vt 0.550000 1.000000
vt 0.868056 0.746173
vt 0.875000 0.746173
vt 0.875000 0.748383
vt 0.868056 0.750000
vt 0.550000 0.003827
vt 0.550000 0.000000
vt 0.593301 0.000000
vt 0.625000 0.003827
vt 0.131944 0.503827
vt 0.125000 0.503826
vt 0.125000 0.501617
vt 0.131944 0.500000
vt 0.450000 0.246173
vt 0.450000 0.250000
vt 0.390849 0.251468
vt 0.375000 0.246173
vt 0.450000 0.256944
vt 0.375000 0.256944
vt 0.868056 0.503827
vt 0.868056 0.500000
vt 0.872065 0.500000
vt 0.875000 0.503826
vt 0.550000 0.256944
vt 0.550000 0.250000
vt 0.609151 0.249191
vt 0.625000 0.256944
vt 0.550000 0.246173
vt 0.625000 0.246173
vt 0.368056 0.746174
vt 0.375000 0.746174
vt 0.385566 0.750439
vt 0.371528 0.753472
vt 0.450000 0.746174
vt 0.450000 0.750000
vt 0.450000 0.756944
vt 0.631944 0.746173
vt 0.628472 0.753472
vt 0.615412 0.749461
vt 0.625000 0.746174
vt 0.550000 0.756944
vt 0.550000 0.750000
vt 0.550000 0.746173
vt 0.368056 0.503826
vt 0.371528 0.496528
vt 0.384588 0.500539
vt 0.375000 0.503826
vt 0.450000 0.493056
vt 0.450000 0.500000
vt 0.450000 0.503826
vt 0.631945 0.503827
vt 0.625000 0.503826
vt 0.614434 0.499561
vt 0.628472 0.496528
vt 0.550000 0.503826
vt 0.550000 0.500000
vt 0.550000 0.493056
s 0
usemtl Cream_Cabinets
f 1321/1807/1213 1324/1808/1213 1325/1809/1213 1327/1810/1213
f 1322/1811/1214 1326/1812/1214 1325/1813/1214 1324/1814/1214
f 1323/1815/1215 1327/1816/1215 1325/1817/1215 1326/1818/1215
f 1328/1819/1216 1331/1820/1216 1332/1821/1216 1334/1822/1216
f 1329/1823/1217 1333/1824/1217 1332/1825/1217 1331/1826/1217
f 1330/1827/1218 1334/1828/1218 1332/1829/1218 1333/1830/1218
f 1335/1831/1219 1338/1832/1219 1339/1833/1219 1341/1834/1219
f 1336/1835/1220 1340/1836/1220 1339/1837/1220 1338/1838/1220
f 1337/1839/1221 1341/1840/1221 1339/1837/1221 1340/1836/1221
f 1342/1841/1222 1345/1842/1222 1346/1843/1222 1348/1844/1222
f 1343/1845/1223 1347/1846/1223 1346/1847/1223 1345/1848/1223
f 1344/1849/1224 1348/1850/1224 1346/1847/1224 1347/1846/1224
f 1349/1851/1225 1352/1852/1225 1353/1853/1225 1355/1854/1225
f 1350/1855/1226 1354/1856/1226 1353/1853/1226 1352/1852/1226
f 1351/1857/1227 1355/1854/1227 1353/1853/1227 1354/1856/1227
f 1356/1858/1228 1359/1859/1228 1360/1860/1228 1362/1861/1228
f 1357/1862/1229 1361/1863/1229 1360/1860/1229 1359/1859/1229
f 1358/1864/1230 1362/1861/1230 1360/1860/1230 1361/1863/1230
f 1363/1865/1231 1366/1866/1231 1367/1867/1231 1369/1868/1231
f 1364/1869/1232 1368/1870/1232 1367/1867/1232 1366/1866/1232
f 1365/1871/1233 1369/1868/1233 1367/1867/1233 1368/1870/1233
f 1370/1872/1234 1373/1873/1234 1374/1874/1234 1376/1875/1234
f 1371/1876/1235 1375/1877/1235 1374/1874/1235 1373/1873/1235
f 1372/1878/1236 1376/1875/1236 1374/1874/1236 1375/1877/1236
f 1335/1831/1237 1321/1807/1237 1327/1810/1237 1338/1832/1237
f 1338/1838/1238 1327/1816/1238 1323/1815/1238 1336/1835/1238
f 1322/1811/1239 1328/1819/1239 1334/1822/1239 1326/1812/1239
f 1326/1818/1240 1334/1828/1240 1330/1827/1240 1323/1815/1240
f 1329/1823/1241 1342/1841/1241 1348/1844/1241 1333/1824/1241
f 1333/1830/1242 1348/1850/1242 1344/1849/1242 1330/1827/1242
f 1343/1845/1243 1337/1839/1243 1340/1836/1243 1347/1846/1243
f 1347/1846/1244 1340/1836/1244 1336/1835/1244 1344/1849/1244
f 1363/1865/1245 1335/1831/1245 1341/1834/1245 1366/1866/1245
f 1366/1866/1246 1341/1840/1246 1337/1839/1246 1364/1869/1246
f 1342/1841/1247 1370/1872/1247 1376/1875/1247 1345/1842/1247
f 1345/1848/1248 1376/1875/1248 1372/1878/1248 1343/1845/1248
f 1371/1876/1249 1365/1871/1249 1368/1870/1249 1375/1877/1249
f 1375/1877/1250 1368/1870/1250 1364/1869/1250 1372/1878/1250
f 1349/1851/1251 1363/1865/1251 1369/1868/1251 1352/1852/1251
f 1352/1852/1252 1369/1868/1252 1365/1871/1252 1350/1855/1252
f 1370/1872/1253 1356/1858/1253 1362/1861/1253 1373/1873/1253
f 1373/1873/1254 1362/1861/1254 1358/1864/1254 1371/1876/1254
f 1357/1862/1255 1351/1857/1255 1354/1856/1255 1361/1863/1255
f 1361/1863/1256 1354/1856/1256 1350/1855/1256 1358/1864/1256
f 1321/1807/1257 1349/1851/1257 1355/1854/1257 1324/1808/1257
f 1324/1814/1258 1355/1854/1258 1351/1857/1258 1322/1811/1258
f 1356/1858/1259 1329/1823/1259 1331/1826/1259 1359/1859/1259
f 1359/1859/1260 1331/1820/1260 1328/1819/1260 1357/1862/1260
f 1335/1831/1261 1363/1865/1261 1349/1851/1261 1321/1807/1261
f 1323/1815/1262 1330/1827/1262 1344/1849/1262 1336/1835/1262
f 1351/1857/1263 1357/1862/1263 1328/1819/1263 1322/1811/1263
f 1370/1872/1264 1342/1841/1264 1329/1823/1264 1356/1858/1264
f 1337/1839/1265 1343/1845/1265 1372/1878/1265 1364/1869/1265
f 1365/1871/1266 1371/1876/1266 1358/1864/1266 1350/1855/1266
o Shelf_-1_3_2.0
v -1.545000 1.975000 -3.725000
v -1.545000 1.990000 -3.710000
v -1.560000 1.990000 -3.725000
v -1.545000 1.979393 -3.714393
v -1.553660 1.981340 -3.716340
v -1.555607 1.990000 -3.714393
v -1.555607 1.979393 -3.725000
v -1.545000 2.010000 -3.710000
v -1.545000 2.025000 -3.725000
v -1.560000 2.010000 -3.725000
v -1.545000 2.020607 -3.714393
v -1.553660 2.018660 -3.716340
v -1.555607 2.020607 -3.725000
v -1.555607 2.010000 -3.714393
v -1.545000 1.975000 -4.675000
v -1.560000 1.990000 -4.675000
v -1.545000 1.990000 -4.690000
v -1.555607 1.979393 -4.675000
v -1.553660 1.981340 -4.683660
v -1.555607 1.990000 -4.685606
v -1.545000 1.979393 -4.685606
v -1.545000 2.025000 -4.675000
v -1.545000 2.010000 -4.690000
v -1.560000 2.010000 -4.675000
v -1.545000 2.020607 -4.685606
v -1.553660 2.018660 -4.683660
v -1.555607 2.010000 -4.685606
v -1.555607 2.020607 -4.675000
v -1.035000 1.975000 -3.725000
v -1.020000 1.990000 -3.725000
v -1.035000 1.990000 -3.710000
v -1.024393 1.979393 -3.725000
v -1.026340 1.981340 -3.716340
v -1.024393 1.990000 -3.714393
v -1.035000 1.979393 -3.714393
v -1.035000 2.025000 -3.725000
v -1.035000 2.010000 -3.710000
v -1.020000 2.010000 -3.725000
v -1.035000 2.020607 -3.714393
v -1.026340 2.018660 -3.716340
v -1.024393 2.010000 -3.714393
v -1.024393 2.020607 -3.725000
v -1.035000 1.975000 -4.675000
v -1.035000 1.990000 -4.690000
v -1.020000 1.990000 -4.675000
v -1.035000 1.979393 -4.685606
v -1.026340 1.981340 -4.683660
v -1.024393 1.990000 -4.685606
v -1.024393 1.979393 -4.675000
v -1.035000 2.025000 -4.675000
v -1.020000 2.010000 -4.675000
v -1.035000 2.010000 -4.690000
v -1.024393 2.020607 -4.675000
v -1.026340 2.018660 -4.683660
v -1.024393 2.010000 -4.685606
v -1.035000 2.020607 -4.685606
vn -0.3251 -0.8881 0.3251
vn -0.3251 -0.3251 0.8881
vn -0.8881 -0.3251 0.3251
vn -0.3251 0.3251 0.8881
vn -0.3251 0.8881 0.3251
vn -0.8881 0.3251 0.3251
vn -0.3251 -0.8881 -0.3251
vn -0.8881 -0.3251 -0.3251
vn -0.3251 -0.3251 -0.8881
vn -0.3251 0.8881 -0.3251
vn -0.3251 0.3251 -0.8881
vn -0.8881 0.3251 -0.3251
vn 0.3251 -0.8881 0.3251
vn 0.8881 -0.3251 0.3251
vn 0.3251 -0.3251 0.8881
vn 0.3251 0.8881 0.3251
vn 0.3251 0.3251 0.8881
vn 0.8881 0.3251 0.3251
vn 0.3251 -0.8881 -0.3251
vn 0.3251 -0.3251 -0.8881
vn 0.8881 -0.3251 -0.3251
vn 0.3251 0.8881 -0.3251
vn 0.8881 0.3251 -0.3251
vn 0.3251 0.3251 -0.8881
vn -0.3827 -0.9239 -0.0000
vn -0.9239 -0.3827 -0.0000
vn -0.3827 -0.0000 0.9239
vn -0.9239 -0.0000 0.3827
vn -0.3827 0.9239 -0.0000
vn -0.9239 0.3827 -0.0000
vn -0.3827 -0.0000 -0.9239
vn -0.9239 -0.0000 -0.3827
vn -0.0000 -0.9239 -0.3827
vn -0.0000 -0.3827 -0.9239
vn -0.0000 0.9239 -0.3827
vn -0.0000 0.3827 -0.9239
vn 0.9239 -0.0000 -0.3827
vn 0.3827 -0.0000 -0.9239
vn 0.3827 -0.9239 -0.0000
vn 0.9239 -0.3827 -0.0000
vn 0.3827 0.9239 -0.0000
vn 0.9239 0.3827 -0.0000
vn 0.3827 -0.0000 0.9239
vn 0.9239 -0.0000 0.3827
vn -0.0000 -0.9239 0.3827
vn -0.0000 -0.3827 0.9239
vn -0.0000 0.9239 0.3827
vn -0.0000 0.3827 0.9239
vn -0.0000 -1.0000 -0.0000
vn -1.0000 -0.0000 -0.0000
vn -0.0000 -0.0000 1.0000
vn -0.0000 1.0000 -0.0000
vn -0.0000 -0.0000 -1.0000
vn 1.0000 -0.0000 -0.0000
vt 0.131944 0.746173
vt 0.131944 0.750000
vt 0.127935 0.750000
vt 0.125000 0.746173
vt 0.450000 0.993056
vt 0.450000 1.000000
vt 0.406699 1.000000
vt 0.375000 0.993056
vt 0.450000 0.003827
vt 0.375000 0.003827
vt 0.375000 0.001617
vt 0.450000 0.000000
vt 0.550000 0.993056
vt 0.625000 0.993056
vt 0.625000 0.997065
vt 0.550000 1.000000
vt 0.868056 0.746173
vt 0.875000 0.746173
vt 0.875000 0.748383
vt 0.868056 0.750000
vt 0.550000 0.003827
vt 0.550000 0.000000
vt 0.593301 0.000000
vt 0.625000 0.003827
vt 0.131944 0.503827
vt 0.125000 0.503826
vt 0.125000 0.501617
vt 0.131944 0.500000
vt 0.450000 0.246173
vt 0.450000 0.250000
vt 0.390849 0.251468
vt 0.375000 0.246173
vt 0.450000 0.256944
vt 0.375000 0.256944
vt 0.868056 0.503827
vt 0.868056 0.500000
vt 0.872065 0.500000
vt 0.875000 0.503826
vt 0.550000 0.256944
vt 0.550000 0.250000
vt 0.609151 0.249191
vt 0.625000 0.256944
vt 0.550000 0.246173
vt 0.625000 0.246173
vt 0.368056 0.746174
vt 0.375000 0.746174
vt 0.385566 0.750439
vt 0.371528 0.753472
vt 0.450000 0.746174
vt 0.450000 0.750000
vt 0.450000 0.756944
vt 0.631944 0.746173
vt 0.628472 0.753472
vt 0.615412 0.749461
vt 0.625000 0.746174
vt 0.550000 0.756944
vt 0.550000 0.750000
vt 0.550000 0.746173
vt 0.368056 0.503826
vt 0.371528 0.496528
vt 0.384588 0.500539
vt 0.375000 0.503826
vt 0.450000 0.493056
vt 0.450000 0.500000
vt 0.450000 0.503826
vt 0.631945 0.503827
vt 0.625000 0.503826
vt 0.614434 0.499561
vt 0.628472 0.496528
vt 0.550000 0.503826
vt 0.550000 0.500000
vt 0.550000 0.493056
s 0
usemtl Cream_Cabinets
f 1377/1879/1267 1380/1880/1267 1381/1881/1267 1383/1882/1267
f 1378/1883/1268 1382/1884/1268 1381/1885/1268 1380/1886/1268
f 1379/1887/1269 1383/1888/1269 1381/1889/1269 1382/1890/1269
f 1384/1891/1270 1387/1892/1270 1388/1893/1270 1390/1894/1270
f 1385/1895/1271 1389/1896/1271 1388/1897/1271 1387/1898/1271
f 1386/1899/1272 1390/1900/1272 1388/1901/1272 1389/1902/1272
f 1391/1903/1273 1394/1904/1273 1395/1905/1273 1397/1906/1273
f 1392/1907/1274 1396/1908/1274 1395/1909/1274 1394/1910/1274
f 1393/1911/1275 1397/1912/1275 1395/1909/1275 1396/1908/1275
f 1398/1913/1276 1401/1914/1276 1402/1915/1276 1404/1916/1276
f 1399/1917/1277 1403/1918/1277 1402/1919/1277 1401/1920/1277
f 1400/1921/1278 1404/1922/1278 1402/1919/1278 1403/1918/1278
f 1405/1923/1279 1408/1924/1279 1409/1925/1279 1411/1926/1279
f 1406/1927/1280 1410/1928/1280 1409/1925/1280 1408/1924/1280
f 1407/1929/1281 1411/1926/1281 1409/1925/1281 1410/1928/1281
f 1412/1930/1282 1415/1931/1282 1416/1932/1282 1418/1933/1282
f 1413/1934/1283 1417/1935/1283 1416/1932/1283 1415/1931/1283
f 1414/1936/1284 1418/1933/1284 1416/1932/1284 1417/1935/1284
f 1419/1937/1285 1422/1938/1285 1423/1939/1285 1425/1940/1285
f 1420/1941/1286 1424/1942/1286 1423/1939/1286 1422/1938/1286
f 1421/1943/1287 1425/1940/1287 1423/1939/1287 1424/1942/1287
f 1426/1944/1288 1429/1945/1288 1430/1946/1288 1432/1947/1288
f 1427/1948/1289 1431/1949/1289 1430/1946/1289 1429/1945/1289
f 1428/1950/1290 1432/1947/1290 1430/1946/1290 1431/1949/1290
f 1391/1903/1291 1377/1879/1291 1383/1882/1291 1394/1904/1291
f 1394/1910/1292 1383/1888/1292 1379/1887/1292 1392/1907/1292
f 1378/1883/1293 1384/1891/1293 1390/1894/1293 1382/1884/1293
f 1382/1890/1294 1390/1900/1294 1386/1899/1294 1379/1887/1294
f 1385/1895/1295 1398/1913/1295 1404/1916/1295 1389/1896/1295
f 1389/1902/1296 1404/1922/1296 1400/1921/1296 1386/1899/1296
f 1399/1917/1297 1393/1911/1297 1396/1908/1297 1403/1918/1297
f 1403/1918/1298 1396/1908/1298 1392/1907/1298 1400/1921/1298
f 1419/1937/1299 1391/1903/1299 1397/1906/1299 1422/1938/1299
f 1422/1938/1300 1397/1912/1300 1393/1911/1300 1420/1941/1300
f 1398/1913/1301 1426/1944/1301 1432/1947/1301 1401/1914/1301
f 1401/1920/1302 1432/1947/1302 1428/1950/1302 1399/1917/1302
f 1427/1948/1303 1421/1943/1303 1424/1942/1303 1431/1949/1303
f 1431/1949/1304 1424/1942/1304 1420/1941/1304 1428/1950/1304
f 1405/1923/1305 1419/1937/1305 1425/1940/1305 1408/1924/1305
f 1408/1924/1306 1425/1940/1306 1421/1943/1306 1406/1927/1306
f 1426/1944/1307 1412/1930/1307 1418/1933/1307 1429/1945/1307
f 1429/1945/1308 1418/1933/1308 1414/1936/1308 1427/1948/1308
f 1413/1934/1309 1407/1929/1309 1410/1928/1309 1417/1935/1309
f 1417/1935/1310 1410/1928/1310 1406/1927/1310 1414/1936/1310
f 1377/1879/1311 1405/1923/1311 1411/1926/1311 1380/1880/1311
f 1380/1886/1312 1411/1926/1312 1407/1929/1312 1378/1883/1312
f 1412/1930/1313 1385/1895/1313 1387/1898/1313 1415/1931/1313
f 1415/1931/1314 1387/1892/1314 1384/1891/1314 1413/1934/1314
f 1391/1903/1315 1419/1937/1315 1405/1923/1315 1377/1879/1315
f 1379/1887/1316 1386/1899/1316 1400/1921/1316 1392/1907/1316
f 1407/1929/1317 1413/1934/1317 1384/1891/1317 1378/1883/1317
f 1426/1944/1318 1398/1913/1318 1385/1895/1318 1412/1930/1318
f 1393/1911/1319 1399/1917/1319 1428/1950/1319 1420/1941/1319
f 1421/1943/1320 1427/1948/1320 1414/1936/1320 1406/1927/1320
o Hanging_Rod_-1_3
v -1.290000 1.742000 -4.630000
v -1.290000 1.742000 -3.770000
v -1.284306 1.741250 -4.630000
v -1.284306 1.741250 -3.770000
v -1.279000 1.739053 -4.630000
v -1.279000 1.739053 -3.770000
v -1.274444 1.735556 -4.630000
v -1.274444 1.735556 -3.770000
v -1.270947 1.731000 -4.630000
v -1.270947 1.731000 -3.770000
v -1.268750 1.725694 -4.630000
v -1.268750 1.725694 -3.770000
v -1.268000 1.720000 -4.630000
v -1.268000 1.720000 -3.770000
v -1.268750 1.714306 -4.630000
v -1.268750 1.714306 -3.770000
v -1.270947 1.709000 -4.630000
v -1.270947 1.709000 -3.770000
v -1.274444 1.704444 -4.630000
v -1.274444 1.704444 -3.770000
v -1.279000 1.700948 -4.630000
v -1.279000 1.700947 -3.770000
v -1.284306 1.698750 -4.630000
v -1.284306 1.698750 -3.770000
v -1.290000 1.698000 -4.630000
v -1.290000 1.698000 -3.770000
v -1.295694 1.698750 -4.630000
v -1.295694 1.698750 -3.770000
v -1.301000 1.700948 -4.630000
v -1.301000 1.700947 -3.770000
v -1.305556 1.704444 -4.630000
v -1.305556 1.704444 -3.770000
v -1.309052 1.709000 -4.630000
v -1.309052 1.709000 -3.770000
v -1.311250 1.714306 -4.630000
v -1.311250 1.714306 -3.770000
v -1.312000 1.720000 -4.630000
v -1.312000 1.720000 -3.770000
v -1.311250 1.725694 -4.630000
v -1.311250 1.725694 -3.770000
v -1.309052 1.731000 -4.630000
v -1.309052 1.731000 -3.770000
v -1.305556 1.735556 -4.630000
v -1.305556 1.735556 -3.770000
v -1.301000 1.739053 -4.630000
v -1.301000 1.739053 -3.770000
v -1.295694 1.741250 -4.630000
v -1.295694 1.741250 -3.770000
vn 0.1305 0.9914 -0.0000
vn 0.3827 0.9239 -0.0000
vn 0.6088 0.7934 -0.0000
vn 0.7934 0.6088 -0.0000
vn 0.9239 0.3827 -0.0000
vn 0.9914 0.1305 -0.0000
vn 0.9914 -0.1305 -0.0000
vn 0.9239 -0.3827 -0.0000
vn 0.7934 -0.6088 -0.0000
vn 0.6088 -0.7934 -0.0000
vn 0.3827 -0.9239 -0.0000
vn 0.1305 -0.9914 -0.0000
vn -0.1305 -0.9914 -0.0000
vn -0.3827 -0.9239 -0.0000
vn -0.6088 -0.7934 -0.0000
vn -0.7934 -0.6088 -0.0000
vn -0.9239 -0.3827 -0.0000
vn -0.9914 -0.1305 -0.0000
vn -0.9914 0.1305 -0.0000
vn -0.9239 0.3827 -0.0000
vn -0.7934 0.6088 -0.0000
vn -0.6088 0.7934 -0.0000
vn -0.0000 -0.0000 1.0000
vn -0.3827 0.9239 -0.0000
vn -0.1305 0.9914 -0.0000
vn -0.0000 -0.0000 -1.0000
vt 1.000000 0.500000
vt 1.000000 1.000000
vt 0.958333 1.000000
vt 0.958333 0.500000
vt 0.916667 1.000000
vt 0.916667 0.500000
vt 0.875000 1.000000
vt 0.875000 0.500000
vt 0.833333 1.000000
vt 0.833333 0.500000
vt 0.791667 1.000000
vt 0.791667 0.500000
vt 0.750000 1.000000
vt 0.750000 0.500000
vt 0.708333 1.000000
vt 0.708333 0.500000
vt 0.666667 1.000000
vt 0.666667 0.500000
vt 0.625000 1.000000
vt 0.625000 0.500000
vt 0.583333 1.000000
vt 0.583333 0.500000
vt 0.541666 1.000000
vt 0.541666 0.500000
vt 0.500000 1.000000
vt 0.500000 0.500000
vt 0.458333 1.000000
vt 0.458333 0.500000
vt 0.416666 1.000000
vt 0.416666 0.500000
vt 0.375000 1.000000
vt 0.375000 0.500000
vt 0.333333 1.000000
vt 0.333333 0.500000
vt 0.291667 1.000000
vt 0.291667 0.500000
vt 0.250000 1.000000
vt 0.250000 0.500000
vt 0.208333 1.000000
vt 0.208333 0.500000
vt 0.166666 1.000000
vt 0.166666 0.500000
vt 0.125000 1.000000
vt 0.125000 0.500000
vt 0.083333 1.000000
vt 0.083333 0.500000
vt 0.312117 0.481822
vt 0.250000 0.490000
vt 0.187883 0.481822
vt 0.130000 0.457846
vt 0.080294 0.419706
vt 0.042154 0.370000
vt 0.018178 0.312117
vt 0.010000 0.250000
vt 0.018178 0.187883
vt 0.042154 0.130000
vt 0.080294 0.080294
vt 0.130000 0.042154
vt 0.187883 0.018178
vt 0.250000 0.010000
vt 0.312117 0.018178
vt 0.370000 0.042154
vt 0.419706 0.080294
vt 0.457846 0.130000
vt 0.481822 0.187883
vt 0.490000 0.250000
vt 0.481822 0.312117
vt 0.457846 0.370000
vt 0.419706 0.419706
vt 0.370000 0.457846
vt 0.041666 1.000000
vt 0.041666 0.500000
vt -0.000000 1.000000
vt -0.000000 0.500000
vt 0.750000 0.490000
vt 0.812117 0.481822
vt 0.870000 0.457846
vt 0.919706 0.419706
vt 0.957846 0.370000
vt 0.981822 0.312117
vt 0.990000 0.250000
vt 0.981822 0.187883
vt 0.957846 0.130000
vt 0.919706 0.080294
vt 0.870000 0.042154
vt 0.812117 0.018178
vt 0.750000 0.010000
vt 0.687883 0.018178
vt 0.630000 0.042154
vt 0.580294 0.080294
vt 0.542154 0.130000
vt 0.518178 0.187883
vt 0.510000 0.250000
vt 0.518178 0.312117
vt 0.542154 0.370000
vt 0.580294 0.419706
vt 0.630000 0.457846
vt 0.687883 0.481822
s 0
usemtl Radiator_Metal
f 1433/1951/1321 1434/1952/1321 1436/1953/1321 1435/1954/1321
f 1435/1954/1322 1436/1953/1322 1438/1955/1322 1437/1956/1322
f 1437/1956/1323 1438/1955/1323 1440/1957/1323 1439/1958/1323
f 1439/1958/1324 1440/1957/1324 1442/1959/1324 1441/1960/1324
f 1441/1960/1325 1442/1959/1325 1444/1961/1325 1443/1962/1325
f 1443/1962/1326 1444/1961/1326 1446/1963/1326 1445/1964/1326
f 1445/1964/1327 1446/1963/1327 1448/1965/1327 1447/1966/1327
f 1447/1966/1328 1448/1965/1328 1450/1967/1328 1449/1968/1328
f 1449/1968/1329 1450/1967/1329 1452/1969/1329 1451/1970/1329
f 1451/1970/1330 1452/1969/1330 1454/1971/1330 1453/1972/1330
f 1453/1972/1331 1454/1971/1331 1456/1973/1331 1455/1974/1331
f 1455/1974/1332 1456/1973/1332 1458/1975/1332 1457/1976/1332
f 1457/1976/1333 1458/1975/1333 1460/1977/1333 1459/1978/1333
f 1459/1978/1334 1460/1977/1334 1462/1979/1334 1461/1980/1334
f 1461/1980/1335 1462/1979/1335 1464/1981/1335 1463/1982/1335
f 1463/1982/1336 1464/1981/1336 1466/1983/1336 1465/1984/1336
f 1465/1984/1337 1466/1983/1337 1468/1985/1337 1467/1986/1337
f 1467/1986/1338 1468/1985/1338 1470/1987/1338 1469/1988/1338
f 1469/1988/1339 1470/1987/1339 1472/1989/1339 1471/1990/1339
f 1471/1990/1340 1472/1989/1340 1474/1991/1340 1473/1992/1340
f 1473/1992/1341 1474/1991/1341 1476/1993/1341 1475/1994/1341
f 1475/1994/1342 1476/1993/1342 1478/1995/1342 1477/1996/1342
f 1436/1997/1343 1434/1998/1343 1480/1999/1343 1478/2000/1343 1476/2001/1343 1474/2002/1343 1472/2003/1343 1470/2004/1343 1468/2005/1343 1466/2006/1343 1464/2007/1343 1462/2008/1343 1460/2009/1343 1458/2010/1343 1456/2011/1343 1454/2012/1343 1452/2013/1343 1450/2014/1343 1448/2015/1343 1446/2016/1343 1444/2017/1343 1442/2018/1343 1440/2019/1343 1438/2020/1343
f 1477/1996/1344 1478/1995/1344 1480/2021/1344 1479/2022/1344
f 1479/2022/1345 1480/2021/1345 1434/2023/1345 1433/2024/1345
f 1433/2025/1346 1435/2026/1346 1437/2027/1346 1439/2028/1346 1441/2029/1346 1443/2030/1346 1445/2031/1346 1447/2032/1346 1449/2033/1346 1451/2034/1346 1453/2035/1346 1455/2036/1346 1457/2037/1346 1459/2038/1346 1461/2039/1346 1463/2040/1346 1465/2041/1346 1467/2042/1346 1469/2043/1346 1471/2044/1346 1473/2045/1346 1475/2046/1346 1477/2047/1346 1479/2048/1346
o Wardrobe_Back.001
v 1.545000 0.075000 -0.190000
v 1.545000 0.090000 -0.175000
v 1.530000 0.090000 -0.190000
v 1.545000 0.079393 -0.179393
v 1.536340 0.081340 -0.181340
v 1.534393 0.090000 -0.179393
v 1.534393 0.079393 -0.190000
v 1.545000 2.210000 -0.175000
v 1.545000 2.225000 -0.190000
v 1.530000 2.210000 -0.190000
v 1.545000 2.220607 -0.179393
v 1.536340 2.218660 -0.181340
v 1.534393 2.220607 -0.190000
v 1.534393 2.210000 -0.179393
v 1.545000 0.075000 -5.010000
v 1.530000 0.090000 -5.010000
v 1.545000 0.090000 -5.025000
v 1.534393 0.079393 -5.010000
v 1.536340 0.081340 -5.018660
v 1.534393 0.090000 -5.020607
v 1.545000 0.079393 -5.020607
v 1.545000 2.225000 -5.010000
v 1.545000 2.210000 -5.025000
v 1.530000 2.210000 -5.010000
v 1.545000 2.220607 -5.020607
v 1.536340 2.218660 -5.018660
v 1.534393 2.210000 -5.020607
v 1.534393 2.220607 -5.010000
v 1.585000 0.075000 -0.190000
v 1.600000 0.090000 -0.190000
v 1.585000 0.090000 -0.175000
v 1.595607 0.079393 -0.190000
v 1.593660 0.081340 -0.181340
v 1.595607 0.090000 -0.179393
v 1.585000 0.079393 -0.179393
v 1.585000 2.225000 -0.190000
v 1.585000 2.210000 -0.175000
v 1.600000 2.210000 -0.190000
v 1.585000 2.220607 -0.179393
v 1.593660 2.218660 -0.181340
v 1.595607 2.210000 -0.179393
v 1.595607 2.220607 -0.190000
v 1.585000 0.075000 -5.010000
v 1.585000 0.090000 -5.025000
v 1.600000 0.090000 -5.010000
v 1.585000 0.079393 -5.020607
v 1.593660 0.081340 -5.018660
v 1.595607 0.090000 -5.020607
v 1.595607 0.079393 -5.010000
v 1.585000 2.225000 -5.010000
v 1.600000 2.210000 -5.010000
v 1.585000 2.210000 -5.025000
v 1.595607 2.220607 -5.010000
v 1.593660 2.218660 -5.018660
v 1.595607 2.210000 -5.020607
v 1.585000 2.220607 -5.020607
vn -0.3251 -0.8881 0.3251
vn -0.3251 -0.3251 0.8881
vn -0.8881 -0.3251 0.3251
vn -0.3251 0.3251 0.8881
vn -0.3251 0.8881 0.3251
vn -0.8881 0.3251 0.3251
vn -0.3251 -0.8881 -0.3251
vn -0.8881 -0.3251 -0.3251
vn -0.3251 -0.3251 -0.8881
vn -0.3251 0.8881 -0.3251
vn -0.3251 0.3251 -0.8881
vn -0.8881 0.3251 -0.3251
vn 0.3251 -0.8881 0.3251
vn 0.8881 -0.3251 0.3251
vn 0.3251 -0.3251 0.8881
vn 0.3251 0.8881 0.3251
vn 0.3251 0.3251 0.8881
vn 0.8881 0.3251 0.3251
vn 0.3251 -0.8881 -0.3251
vn 0.3251 -0.3251 -0.8881
vn 0.8881 -0.3251 -0.3251
vn 0.3251 0.8881 -0.3251
vn 0.8881 0.3251 -0.3251
vn 0.3251 0.3251 -0.8881
vn -0.3827 -0.9239 -0.0000
vn -0.9239 -0.3827 -0.0000
vn -0.3827 -0.0000 0.9239
vn -0.9239 -0.0000 0.3827
vn -0.3827 0.9239 -0.0000
vn -0.9239 0.3827 -0.0000
vn -0.3827 -0.0000 -0.9239
vn -0.9239 -0.0000 -0.3827
vn -0.0000 -0.9239 -0.3827
vn -0.0000 -0.3827 -0.9239
vn -0.0000 0.9239 -0.3827
vn -0.0000 0.3827 -0.9239
vn 0.9239 -0.0000 -0.3827
vn 0.3827 -0.0000 -0.9239
vn 0.3827 -0.9239 -0.0000
vn 0.9239 -0.3827 -0.0000
vn 0.3827 0.9239 -0.0000
vn 0.9239 0.3827 -0.0000
vn 0.3827 -0.0000 0.9239
vn 0.9239 -0.0000 0.3827
vn -0.0000 -0.9239 0.3827
vn -0.0000 -0.3827 0.9239
vn -0.0000 0.9239 0.3827
vn -0.0000 0.3827 0.9239
vn -0.0000 -1.0000 -0.0000
vn -1.0000 -0.0000 -0.0000
vn -0.0000 -0.0000 1.0000
vn -0.0000 1.0000 -0.0000
vn -0.0000 -0.0000 -1.0000
vn 1.0000 -0.0000 -0.0000
vt 0.178571 0.749227
vt 0.178571 0.750000
vt 0.147642 0.750000
vt 0.125000 0.749227
vt 0.376744 0.946429
vt 0.376744 1.000000
vt 0.375737 1.000000
vt 0.375000 0.946429
vt 0.376744 0.000773
vt 0.375000 0.000773
vt 0.375000 0.000327
vt 0.376744 0.000000
vt 0.623256 0.946428
vt 0.625000 0.946429
vt 0.625000 0.977358
vt 0.623256 1.000000
vt 0.821429 0.749227
vt 0.875000 0.749227
vt 0.875000 0.749673
vt 0.821429 0.750000
vt 0.623256 0.000773
vt 0.623256 0.000000
vt 0.624263 0.000000
vt 0.625000 0.000773
vt 0.178571 0.500773
vt 0.125000 0.500773
vt 0.125000 0.500327
vt 0.178571 0.500000
vt 0.376744 0.249227
vt 0.376744 0.250000
vt 0.375369 0.261321
vt 0.375000 0.249227
vt 0.376744 0.303571
vt 0.375000 0.303571
vt 0.821429 0.500773
vt 0.821429 0.500000
vt 0.852358 0.500000
vt 0.875000 0.500773
vt 0.623256 0.303571
vt 0.623256 0.250000
vt 0.624631 0.249837
vt 0.625000 0.303571
vt 0.623256 0.249227
vt 0.625000 0.249227
vt 0.321429 0.749227
vt 0.375000 0.749227
vt 0.375246 0.757438
vt 0.348214 0.776786
vt 0.376744 0.749227
vt 0.376744 0.750000
vt 0.376744 0.803571
vt 0.678571 0.749227
vt 0.651786 0.776786
vt 0.632302 0.749891
vt 0.625000 0.749227
vt 0.623256 0.803571
vt 0.623256 0.750000
vt 0.623256 0.749227
vt 0.321429 0.500773
vt 0.348214 0.473214
vt 0.367698 0.500109
vt 0.375000 0.500773
vt 0.376744 0.446429
vt 0.376744 0.500000
vt 0.376744 0.500773
vt 0.678571 0.500773
vt 0.625000 0.500773
vt 0.624754 0.492562
vt 0.651786 0.473214
vt 0.623256 0.500773
vt 0.623256 0.500000
vt 0.623256 0.446429
s 0
usemtl Cream_Cabinets
f 1481/2049/1347 1484/2050/1347 1485/2051/1347 1487/2052/1347
f 1482/2053/1348 1486/2054/1348 1485/2055/1348 1484/2056/1348
f 1483/2057/1349 1487/2058/1349 1485/2059/1349 1486/2060/1349
f 1488/2061/1350 1491/2062/1350 1492/2063/1350 1494/2064/1350
f 1489/2065/1351 1493/2066/1351 1492/2067/1351 1491/2068/1351
f 1490/2069/1352 1494/2070/1352 1492/2071/1352 1493/2072/1352
f 1495/2073/1353 1498/2074/1353 1499/2075/1353 1501/2076/1353
f 1496/2077/1354 1500/2078/1354 1499/2079/1354 1498/2080/1354
f 1497/2081/1355 1501/2082/1355 1499/2079/1355 1500/2078/1355
f 1502/2083/1356 1505/2084/1356 1506/2085/1356 1508/2086/1356
f 1503/2087/1357 1507/2088/1357 1506/2089/1357 1505/2090/1357
f 1504/2091/1358 1508/2092/1358 1506/2089/1358 1507/2088/1358
f 1509/2093/1359 1512/2094/1359 1513/2095/1359 1515/2096/1359
f 1510/2097/1360 1514/2098/1360 1513/2095/1360 1512/2094/1360
f 1511/2099/1361 1515/2096/1361 1513/2095/1361 1514/2098/1361
f 1516/2100/1362 1519/2101/1362 1520/2102/1362 1522/2103/1362
f 1517/2104/1363 1521/2105/1363 1520/2102/1363 1519/2101/1363
f 1518/2106/1364 1522/2103/1364 1520/2102/1364 1521/2105/1364
f 1523/2107/1365 1526/2108/1365 1527/2109/1365 1529/2110/1365
f 1524/2111/1366 1528/2112/1366 1527/2109/1366 1526/2108/1366
f 1525/2113/1367 1529/2110/1367 1527/2109/1367 1528/2112/1367
f 1530/2114/1368 1533/2115/1368 1534/2116/1368 1536/2117/1368
f 1531/2118/1369 1535/2119/1369 1534/2116/1369 1533/2115/1369
f 1532/2120/1370 1536/2117/1370 1534/2116/1370 1535/2119/1370
f 1495/2073/1371 1481/2049/1371 1487/2052/1371 1498/2074/1371
f 1498/2080/1372 1487/2058/1372 1483/2057/1372 1496/2077/1372
f 1482/2053/1373 1488/2061/1373 1494/2064/1373 1486/2054/1373
f 1486/2060/1374 1494/2070/1374 1490/2069/1374 1483/2057/1374
f 1489/2065/1375 1502/2083/1375 1508/2086/1375 1493/2066/1375
f 1493/2072/1376 1508/2092/1376 1504/2091/1376 1490/2069/1376
f 1503/2087/1377 1497/2081/1377 1500/2078/1377 1507/2088/1377
f 1507/2088/1378 1500/2078/1378 1496/2077/1378 1504/2091/1378
f 1523/2107/1379 1495/2073/1379 1501/2076/1379 1526/2108/1379
f 1526/2108/1380 1501/2082/1380 1497/2081/1380 1524/2111/1380
f 1502/2083/1381 1530/2114/1381 1536/2117/1381 1505/2084/1381
f 1505/2090/1382 1536/2117/1382 1532/2120/1382 1503/2087/1382
f 1531/2118/1383 1525/2113/1383 1528/2112/1383 1535/2119/1383
f 1535/2119/1384 1528/2112/1384 1524/2111/1384 1532/2120/1384
f 1509/2093/1385 1523/2107/1385 1529/2110/1385 1512/2094/1385
f 1512/2094/1386 1529/2110/1386 1525/2113/1386 1510/2097/1386
f 1530/2114/1387 1516/2100/1387 1522/2103/1387 1533/2115/1387
f 1533/2115/1388 1522/2103/1388 1518/2106/1388 1531/2118/1388
f 1517/2104/1389 1511/2099/1389 1514/2098/1389 1521/2105/1389
f 1521/2105/1390 1514/2098/1390 1510/2097/1390 1518/2106/1390
f 1481/2049/1391 1509/2093/1391 1515/2096/1391 1484/2050/1391
f 1484/2056/1392 1515/2096/1392 1511/2099/1392 1482/2053/1392
f 1516/2100/1393 1489/2065/1393 1491/2068/1393 1519/2101/1393
f 1519/2101/1394 1491/2062/1394 1488/2061/1394 1517/2104/1394
f 1495/2073/1395 1523/2107/1395 1509/2093/1395 1481/2049/1395
f 1483/2057/1396 1490/2069/1396 1504/2091/1396 1496/2077/1396
f 1511/2099/1397 1517/2104/1397 1488/2061/1397 1482/2053/1397
f 1530/2114/1398 1502/2083/1398 1489/2065/1398 1516/2100/1398
f 1497/2081/1399 1503/2087/1399 1532/2120/1399 1524/2111/1399
f 1525/2113/1400 1531/2118/1400 1518/2106/1400 1510/2097/1400
o Shelf_1_0_Bottom
v 1.035000 0.120000 -0.275000
v 1.035000 0.135000 -0.260000
v 1.020000 0.135000 -0.275000
v 1.035000 0.124393 -0.264393
v 1.026340 0.126340 -0.266340
v 1.024393 0.135000 -0.264393
v 1.024393 0.124393 -0.275000
v 1.035000 0.165000 -0.260000
v 1.035000 0.180000 -0.275000
v 1.020000 0.165000 -0.275000
v 1.035000 0.175607 -0.264393
v 1.026340 0.173660 -0.266340
v 1.024393 0.175607 -0.275000
v 1.024393 0.165000 -0.264393
v 1.035000 0.120000 -1.225000
v 1.020000 0.135000 -1.225000
v 1.035000 0.135000 -1.240000
v 1.024393 0.124393 -1.225000
v 1.026340 0.126340 -1.233660
v 1.024393 0.135000 -1.235607
v 1.035000 0.124393 -1.235607
v 1.035000 0.180000 -1.225000
v 1.035000 0.165000 -1.240000
v 1.020000 0.165000 -1.225000
v 1.035000 0.175607 -1.235607
v 1.026340 0.173660 -1.233660
v 1.024393 0.165000 -1.235607
v 1.024393 0.175607 -1.225000
v 1.545000 0.120000 -0.275000
v 1.560000 0.135000 -0.275000
v 1.545000 0.135000 -0.260000
v 1.555607 0.124393 -0.275000
v 1.553660 0.126340 -0.266340
v 1.555607 0.135000 -0.264393
v 1.545000 0.124393 -0.264393
v 1.545000 0.180000 -0.275000
v 1.545000 0.165000 -0.260000
v 1.560000 0.165000 -0.275000
v 1.545000 0.175607 -0.264393
v 1.553660 0.173660 -0.266340
v 1.555607 0.165000 -0.264393
v 1.555607 0.175607 -0.275000
v 1.545000 0.120000 -1.225000
v 1.545000 0.135000 -1.240000
v 1.560000 0.135000 -1.225000
v 1.545000 0.124393 -1.235607
v 1.553660 0.126340 -1.233660
v 1.555607 0.135000 -1.235607
v 1.555607 0.124393 -1.225000
v 1.545000 0.180000 -1.225000
v 1.560000 0.165000 -1.225000
v 1.545000 0.165000 -1.240000
v 1.555607 0.175607 -1.225000
v 1.553660 0.173660 -1.233660
v 1.555607 0.165000 -1.235607
v 1.545000 0.175607 -1.235607
vn -0.3251 -0.8881 0.3251
vn -0.3251 -0.3251 0.8881
vn -0.8881 -0.3251 0.3251
vn -0.3251 0.3251 0.8881
vn -0.3251 0.8881 0.3251
vn -0.8881 0.3251 0.3251
vn -0.3251 -0.8881 -0.3251
vn -0.8881 -0.3251 -0.3251
vn -0.3251 -0.3251 -0.8881
vn -0.3251 0.8881 -0.3251
vn -0.3251 0.3251 -0.8881
vn -0.8881 0.3251 -0.3251
vn 0.3251 -0.8881 0.3251
vn 0.8881 -0.3251 0.3251
vn 0.3251 -0.3251 0.8881
vn 0.3251 0.8881 0.3251
vn 0.3251 0.3251 0.8881
vn 0.8881 0.3251 0.3251
vn 0.3251 -0.8881 -0.3251
vn 0.3251 -0.3251 -0.8881
vn 0.8881 -0.3251 -0.3251
vn 0.3251 0.8881 -0.3251
vn 0.8881 0.3251 -0.3251
vn 0.3251 0.3251 -0.8881
vn -0.3827 -0.9239 -0.0000
vn -0.9239 -0.3827 -0.0000
vn -0.3827 -0.0000 0.9239
vn -0.9239 -0.0000 0.3827
vn -0.3827 0.9239 -0.0000
vn -0.9239 0.3827 -0.0000
vn -0.3827 -0.0000 -0.9239
vn -0.9239 -0.0000 -0.3827
vn -0.0000 -0.9239 -0.3827
vn -0.0000 -0.3827 -0.9239
vn -0.0000 0.9239 -0.3827
vn -0.0000 0.3827 -0.9239
vn 0.9239 -0.0000 -0.3827
vn 0.3827 -0.0000 -0.9239
vn 0.3827 -0.9239 -0.0000
vn 0.9239 -0.3827 -0.0000
vn 0.3827 0.9239 -0.0000
vn 0.9239 0.3827 -0.0000
vn 0.3827 -0.0000 0.9239
vn 0.9239 -0.0000 0.3827
vn -0.0000 -0.9239 0.3827
vn -0.0000 -0.3827 0.9239
vn -0.0000 0.9239 0.3827
vn -0.0000 0.3827 0.9239
vn -0.0000 -1.0000 -0.0000
vn -1.0000 -0.0000 -0.0000
vn -0.0000 -0.0000 1.0000
vn -0.0000 1.0000 -0.0000
vn -0.0000 -0.0000 -1.0000
vn 1.0000 -0.0000 -0.0000
vt 0.131944 0.746173
vt 0.131944 0.750000
vt 0.127935 0.750000
vt 0.125000 0.746173
vt 0.437500 0.993056
vt 0.437500 1.000000
vt 0.401416 1.000000
vt 0.375000 0.993056
vt 0.437500 0.003827
vt 0.375000 0.003827
vt 0.375000 0.001617
vt 0.437500 0.000000
vt 0.562500 0.993056
vt 0.625000 0.993056
vt 0.625000 0.997065
vt 0.562500 1.000000
vt 0.868056 0.746173
vt 0.875000 0.746173
vt 0.875000 0.748383
vt 0.868056 0.750000
vt 0.562500 0.003827
vt 0.562500 0.000000
vt 0.598584 0.000000
vt 0.625000 0.003827
vt 0.131944 0.503827
vt 0.125000 0.503826
vt 0.125000 0.501617
vt 0.131944 0.500000
vt 0.437500 0.246173
vt 0.437500 0.250000
vt 0.388208 0.251468
vt 0.375000 0.246173
vt 0.437500 0.256944
vt 0.375000 0.256944
vt 0.868056 0.503827
vt 0.868056 0.500000
vt 0.872065 0.500000
vt 0.875000 0.503826
vt 0.562500 0.256944
vt 0.562500 0.250000
vt 0.611792 0.249191
vt 0.625000 0.256944
vt 0.562500 0.246173
vt 0.625000 0.246173
vt 0.368056 0.746174
vt 0.375000 0.746173
vt 0.383805 0.750439
vt 0.371528 0.753472
vt 0.437500 0.746174
vt 0.437500 0.750000
vt 0.437500 0.756944
vt 0.631944 0.746173
vt 0.628472 0.753472
vt 0.617173 0.749461
vt 0.625000 0.746173
vt 0.562500 0.756944
vt 0.562500 0.750000
vt 0.562500 0.746174
vt 0.368056 0.503826
vt 0.371528 0.496528
vt 0.382827 0.500539
vt 0.375000 0.503826
vt 0.437500 0.493056
vt 0.437500 0.500000
vt 0.437500 0.503827
vt 0.631945 0.503827
vt 0.625000 0.503826
vt 0.616195 0.499561
vt 0.628472 0.496528
vt 0.562500 0.503827
vt 0.562500 0.500000
vt 0.562500 0.493056
s 0
usemtl Cream_Cabinets
f 1537/2121/1401 1540/2122/1401 1541/2123/1401 1543/2124/1401
f 1538/2125/1402 1542/2126/1402 1541/2127/1402 1540/2128/1402
f 1539/2129/1403 1543/2130/1403 1541/2131/1403 1542/2132/1403
f 1544/2133/1404 1547/2134/1404 1548/2135/1404 1550/2136/1404
f 1545/2137/1405 1549/2138/1405 1548/2139/1405 1547/2140/1405
f 1546/2141/1406 1550/2142/1406 1548/2143/1406 1549/2144/1406
f 1551/2145/1407 1554/2146/1407 1555/2147/1407 1557/2148/1407
f 1552/2149/1408 1556/2150/1408 1555/2151/1408 1554/2152/1408
f 1553/2153/1409 1557/2154/1409 1555/2151/1409 1556/2150/1409
f 1558/2155/1410 1561/2156/1410 1562/2157/1410 1564/2158/1410
f 1559/2159/1411 1563/2160/1411 1562/2161/1411 1561/2162/1411
f 1560/2163/1412 1564/2164/1412 1562/2161/1412 1563/2160/1412
f 1565/2165/1413 1568/2166/1413 1569/2167/1413 1571/2168/1413
f 1566/2169/1414 1570/2170/1414 1569/2167/1414 1568/2166/1414
f 1567/2171/1415 1571/2168/1415 1569/2167/1415 1570/2170/1415
f 1572/2172/1416 1575/2173/1416 1576/2174/1416 1578/2175/1416
f 1573/2176/1417 1577/2177/1417 1576/2174/1417 1575/2173/1417
f 1574/2178/1418 1578/2175/1418 1576/2174/1418 1577/2177/1418
f 1579/2179/1419 1582/2180/1419 1583/2181/1419 1585/2182/1419
f 1580/2183/1420 1584/2184/1420 1583/2181/1420 1582/2180/1420
f 1581/2185/1421 1585/2182/1421 1583/2181/1421 1584/2184/1421
f 1586/2186/1422 1589/2187/1422 1590/2188/1422 1592/2189/1422
f 1587/2190/1423 1591/2191/1423 1590/2188/1423 1589/2187/1423
f 1588/2192/1424 1592/2189/1424 1590/2188/1424 1591/2191/1424
f 1551/2145/1425 1537/2121/1425 1543/2124/1425 1554/2146/1425
f 1554/2152/1426 1543/2130/1426 1539/2129/1426 1552/2149/1426
f 1538/2125/1427 1544/2133/1427 1550/2136/1427 1542/2126/1427
f 1542/2132/1428 1550/2142/1428 1546/2141/1428 1539/2129/1428
f 1545/2137/1429 1558/2155/1429 1564/2158/1429 1549/2138/1429
f 1549/2144/1430 1564/2164/1430 1560/2163/1430 1546/2141/1430
f 1559/2159/1431 1553/2153/1431 1556/2150/1431 1563/2160/1431
f 1563/2160/1432 1556/2150/1432 1552/2149/1432 1560/2163/1432
f 1579/2179/1433 1551/2145/1433 1557/2148/1433 1582/2180/1433
f 1582/2180/1434 1557/2154/1434 1553/2153/1434 1580/2183/1434
f 1558/2155/1435 1586/2186/1435 1592/2189/1435 1561/2156/1435
f 1561/2162/1436 1592/2189/1436 1588/2192/1436 1559/2159/1436
f 1587/2190/1437 1581/2185/1437 1584/2184/1437 1591/2191/1437
f 1591/2191/1438 1584/2184/1438 1580/2183/1438 1588/2192/1438
f 1565/2165/1439 1579/2179/1439 1585/2182/1439 1568/2166/1439
f 1568/2166/1440 1585/2182/1440 1581/2185/1440 1566/2169/1440
f 1586/2186/1441 1572/2172/1441 1578/2175/1441 1589/2187/1441
f 1589/2187/1442 1578/2175/1442 1574/2178/1442 1587/2190/1442
f 1573/2176/1443 1567/2171/1443 1570/2170/1443 1577/2177/1443
f 1577/2177/1444 1570/2170/1444 1566/2169/1444 1574/2178/1444
f 1537/2121/1445 1565/2165/1445 1571/2168/1445 1540/2122/1445
f 1540/2128/1446 1571/2168/1446 1567/2171/1446 1538/2125/1446
f 1572/2172/1447 1545/2137/1447 1547/2140/1447 1575/2173/1447
f 1575/2173/1448 1547/2134/1448 1544/2133/1448 1573/2176/1448
f 1551/2145/1449 1579/2179/1449 1565/2165/1449 1537/2121/1449
f 1539/2129/1450 1546/2141/1450 1560/2163/1450 1552/2149/1450
f 1567/2171/1451 1573/2176/1451 1544/2133/1451 1538/2125/1451
f 1586/2186/1452 1558/2155/1452 1545/2137/1452 1572/2172/1452
f 1553/2153/1453 1559/2159/1453 1588/2192/1453 1580/2183/1453
f 1581/2185/1454 1587/2190/1454 1574/2178/1454 1566/2169/1454
o Shelf_1_0_0.8
v 1.035000 0.775000 -0.275000
v 1.035000 0.790000 -0.260000
v 1.020000 0.790000 -0.275000
v 1.035000 0.779393 -0.264393
v 1.026340 0.781340 -0.266340
v 1.024393 0.790000 -0.264393
v 1.024393 0.779393 -0.275000
v 1.035000 0.810000 -0.260000
v 1.035000 0.825000 -0.275000
v 1.020000 0.810000 -0.275000
v 1.035000 0.820607 -0.264393
v 1.026340 0.818660 -0.266340
v 1.024393 0.820607 -0.275000
v 1.024393 0.810000 -0.264393
v 1.035000 0.775000 -1.225000
v 1.020000 0.790000 -1.225000
v 1.035000 0.790000 -1.240000
v 1.024393 0.779393 -1.225000
v 1.026340 0.781340 -1.233660
v 1.024393 0.790000 -1.235607
v 1.035000 0.779393 -1.235607
v 1.035000 0.825000 -1.225000
v 1.035000 0.810000 -1.240000
v 1.020000 0.810000 -1.225000
v 1.035000 0.820607 -1.235607
v 1.026340 0.818660 -1.233660
v 1.024393 0.810000 -1.235607
v 1.024393 0.820607 -1.225000
v 1.545000 0.775000 -0.275000
v 1.560000 0.790000 -0.275000
v 1.545000 0.790000 -0.260000
v 1.555607 0.779393 -0.275000
v 1.553660 0.781340 -0.266340
v 1.555607 0.790000 -0.264393
v 1.545000 0.779393 -0.264393
v 1.545000 0.825000 -0.275000
v 1.545000 0.810000 -0.260000
v 1.560000 0.810000 -0.275000
v 1.545000 0.820607 -0.264393
v 1.553660 0.818660 -0.266340
v 1.555607 0.810000 -0.264393
v 1.555607 0.820607 -0.275000
v 1.545000 0.775000 -1.225000
v 1.545000 0.790000 -1.240000
v 1.560000 0.790000 -1.225000
v 1.545000 0.779393 -1.235607
v 1.553660 0.781340 -1.233660
v 1.555607 0.790000 -1.235607
v 1.555607 0.779393 -1.225000
v 1.545000 0.825000 -1.225000
v 1.560000 0.810000 -1.225000
v 1.545000 0.810000 -1.240000
v 1.555607 0.820607 -1.225000
v 1.553660 0.818660 -1.233660
v 1.555607 0.810000 -1.235607
v 1.545000 0.820607 -1.235607
vn -0.3251 -0.8881 0.3251
vn -0.3251 -0.3251 0.8881
vn -0.8881 -0.3251 0.3251
vn -0.3251 0.3251 0.8881
vn -0.3251 0.8881 0.3251
vn -0.8881 0.3251 0.3251
vn -0.3251 -0.8881 -0.3251
vn -0.8881 -0.3251 -0.3251
vn -0.3251 -0.3251 -0.8881
vn -0.3251 0.8881 -0.3251
vn -0.3251 0.3251 -0.8881
vn -0.8881 0.3251 -0.3251
vn 0.3251 -0.8881 0.3251
vn 0.8881 -0.3251 0.3251
vn 0.3251 -0.3251 0.8881
vn 0.3251 0.8881 0.3251
vn 0.3251 0.3251 0.8881
vn 0.8881 0.3251 0.3251
vn 0.3251 -0.8881 -0.3251
vn 0.3251 -0.3251 -0.8881
vn 0.8881 -0.3251 -0.3251
vn 0.3251 0.8881 -0.3251
vn 0.8881 0.3251 -0.3251
vn 0.3251 0.3251 -0.8881
vn -0.3827 -0.9239 -0.0000
vn -0.9239 -0.3827 -0.0000
vn -0.3827 -0.0000 0.9239
vn -0.9239 -0.0000 0.3827
vn -0.3827 0.9239 -0.0000
vn -0.9239 0.3827 -0.0000
vn -0.3827 -0.0000 -0.9239
vn -0.9239 -0.0000 -0.3827
vn -0.0000 -0.9239 -0.3827
vn -0.0000 -0.3827 -0.9239
vn -0.0000 0.9239 -0.3827
vn -0.0000 0.3827 -0.9239
vn 0.9239 -0.0000 -0.3827
vn 0.3827 -0.0000 -0.9239
vn 0.3827 -0.9239 -0.0000
vn 0.9239 -0.3827 -0.0000
vn 0.3827 0.9239 -0.0000
vn 0.9239 0.3827 -0.0000
vn 0.3827 -0.0000 0.9239
vn 0.9239 -0.0000 0.3827
vn -0.0000 -0.9239 0.3827
vn -0.0000 -0.3827 0.9239
vn -0.0000 0.9239 0.3827
vn -0.0000 0.3827 0.9239
vn -0.0000 -1.0000 -0.0000
vn -1.0000 -0.0000 -0.0000
vn -0.0000 -0.0000 1.0000
vn -0.0000 1.0000 -0.0000
vn -0.0000 -0.0000 -1.0000
vn 1.0000 -0.0000 -0.0000
vt 0.131944 0.746173
vt 0.131944 0.750000
vt 0.127935 0.750000
vt 0.125000 0.746173
vt 0.450000 0.993056
vt 0.450000 1.000000
vt 0.406699 1.000000
vt 0.375000 0.993056
vt 0.450000 0.003827
vt 0.375000 0.003827
vt 0.375000 0.001617
vt 0.450000 0.000000
vt 0.550000 0.993056
vt 0.625000 0.993056
vt 0.625000 0.997065
vt 0.550000 1.000000
vt 0.868056 0.746173
vt 0.875000 0.746173
vt 0.875000 0.748383
vt 0.868056 0.750000
vt 0.550000 0.003827
vt 0.550000 0.000000
vt 0.593301 0.000000
vt 0.625000 0.003827
vt 0.131944 0.503827
vt 0.125000 0.503826
vt 0.125000 0.501617
vt 0.131944 0.500000
vt 0.450000 0.246173
vt 0.450000 0.250000
vt 0.390849 0.251468
vt 0.375000 0.246173
vt 0.450000 0.256944
vt 0.375000 0.256944
vt 0.868056 0.503827
vt 0.868056 0.500000
vt 0.872065 0.500000
vt 0.875000 0.503826
vt 0.550000 0.256944
vt 0.550000 0.250000
vt 0.609151 0.249191
vt 0.625000 0.256944
vt 0.550000 0.246173
vt 0.625000 0.246173
vt 0.368056 0.746174
vt 0.375000 0.746174
vt 0.385566 0.750439
vt 0.371528 0.753472
vt 0.450000 0.746174
vt 0.450000 0.750000
vt 0.450000 0.756944
vt 0.631944 0.746173
vt 0.628472 0.753472
vt 0.615412 0.749461
vt 0.625000 0.746174
vt 0.550000 0.756944
vt 0.550000 0.750000
vt 0.550000 0.746173
vt 0.368056 0.503826
vt 0.371528 0.496528
vt 0.384588 0.500539
vt 0.375000 0.503826
vt 0.450000 0.493056
vt 0.450000 0.500000
vt 0.450000 0.503826
vt 0.631945 0.503827
vt 0.625000 0.503826
vt 0.614434 0.499561
vt 0.628472 0.496528
vt 0.550000 0.503826
vt 0.550000 0.500000
vt 0.550000 0.493056
s 0
usemtl Cream_Cabinets
f 1593/2193/1455 1596/2194/1455 1597/2195/1455 1599/2196/1455
f 1594/2197/1456 1598/2198/1456 1597/2199/1456 1596/2200/1456
f 1595/2201/1457 1599/2202/1457 1597/2203/1457 1598/2204/1457
f 1600/2205/1458 1603/2206/1458 1604/2207/1458 1606/2208/1458
f 1601/2209/1459 1605/2210/1459 1604/2211/1459 1603/2212/1459
f 1602/2213/1460 1606/2214/1460 1604/2215/1460 1605/2216/1460
f 1607/2217/1461 1610/2218/1461 1611/2219/1461 1613/2220/1461
f 1608/2221/1462 1612/2222/1462 1611/2223/1462 1610/2224/1462
f 1609/2225/1463 1613/2226/1463 1611/2223/1463 1612/2222/1463
f 1614/2227/1464 1617/2228/1464 1618/2229/1464 1620/2230/1464
f 1615/2231/1465 1619/2232/1465 1618/2233/1465 1617/2234/1465
f 1616/2235/1466 1620/2236/1466 1618/2233/1466 1619/2232/1466
f 1621/2237/1467 1624/2238/1467 1625/2239/1467 1627/2240/1467
f 1622/2241/1468 1626/2242/1468 1625/2239/1468 1624/2238/1468
f 1623/2243/1469 1627/2240/1469 1625/2239/1469 1626/2242/1469
f 1628/2244/1470 1631/2245/1470 1632/2246/1470 1634/2247/1470
f 1629/2248/1471 1633/2249/1471 1632/2246/1471 1631/2245/1471
f 1630/2250/1472 1634/2247/1472 1632/2246/1472 1633/2249/1472
f 1635/2251/1473 1638/2252/1473 1639/2253/1473 1641/2254/1473
f 1636/2255/1474 1640/2256/1474 1639/2253/1474 1638/2252/1474
f 1637/2257/1475 1641/2254/1475 1639/2253/1475 1640/2256/1475
f 1642/2258/1476 1645/2259/1476 1646/2260/1476 1648/2261/1476
f 1643/2262/1477 1647/2263/1477 1646/2260/1477 1645/2259/1477
f 1644/2264/1478 1648/2261/1478 1646/2260/1478 1647/2263/1478
f 1607/2217/1479 1593/2193/1479 1599/2196/1479 1610/2218/1479
f 1610/2224/1480 1599/2202/1480 1595/2201/1480 1608/2221/1480
f 1594/2197/1481 1600/2205/1481 1606/2208/1481 1598/2198/1481
f 1598/2204/1482 1606/2214/1482 1602/2213/1482 1595/2201/1482
f 1601/2209/1483 1614/2227/1483 1620/2230/1483 1605/2210/1483
f 1605/2216/1484 1620/2236/1484 1616/2235/1484 1602/2213/1484
f 1615/2231/1485 1609/2225/1485 1612/2222/1485 1619/2232/1485
f 1619/2232/1486 1612/2222/1486 1608/2221/1486 1616/2235/1486
f 1635/2251/1487 1607/2217/1487 1613/2220/1487 1638/2252/1487
f 1638/2252/1488 1613/2226/1488 1609/2225/1488 1636/2255/1488
f 1614/2227/1489 1642/2258/1489 1648/2261/1489 1617/2228/1489
f 1617/2234/1490 1648/2261/1490 1644/2264/1490 1615/2231/1490
f 1643/2262/1491 1637/2257/1491 1640/2256/1491 1647/2263/1491
f 1647/2263/1492 1640/2256/1492 1636/2255/1492 1644/2264/1492
f 1621/2237/1493 1635/2251/1493 1641/2254/1493 1624/2238/1493
f 1624/2238/1494 1641/2254/1494 1637/2257/1494 1622/2241/1494
f 1642/2258/1495 1628/2244/1495 1634/2247/1495 1645/2259/1495
f 1645/2259/1496 1634/2247/1496 1630/2250/1496 1643/2262/1496
f 1629/2248/1497 1623/2243/1497 1626/2242/1497 1633/2249/1497
f 1633/2249/1498 1626/2242/1498 1622/2241/1498 1630/2250/1498
f 1593/2193/1499 1621/2237/1499 1627/2240/1499 1596/2194/1499
f 1596/2200/1500 1627/2240/1500 1623/2243/1500 1594/2197/1500
f 1628/2244/1501 1601/2209/1501 1603/2212/1501 1631/2245/1501
f 1631/2245/1502 1603/2206/1502 1600/2205/1502 1629/2248/1502
f 1607/2217/1503 1635/2251/1503 1621/2237/1503 1593/2193/1503
f 1595/2201/1504 1602/2213/1504 1616/2235/1504 1608/2221/1504
f 1623/2243/1505 1629/2248/1505 1600/2205/1505 1594/2197/1505
f 1642/2258/1506 1614/2227/1506 1601/2209/1506 1628/2244/1506
f 1609/2225/1507 1615/2231/1507 1644/2264/1507 1636/2255/1507
f 1637/2257/1508 1643/2262/1508 1630/2250/1508 1622/2241/1508
o Shelf_1_0_1.4
v 1.035000 1.375000 -0.275000
v 1.035000 1.390000 -0.260000
v 1.020000 1.390000 -0.275000
v 1.035000 1.379393 -0.264393
v 1.026340 1.381340 -0.266340
v 1.024393 1.390000 -0.264393
v 1.024393 1.379393 -0.275000
v 1.035000 1.410000 -0.260000
v 1.035000 1.425000 -0.275000
v 1.020000 1.410000 -0.275000
v 1.035000 1.420607 -0.264393
v 1.026340 1.418660 -0.266340
v 1.024393 1.420607 -0.275000
v 1.024393 1.410000 -0.264393
v 1.035000 1.375000 -1.225000
v 1.020000 1.390000 -1.225000
v 1.035000 1.390000 -1.240000
v 1.024393 1.379393 -1.225000
v 1.026340 1.381340 -1.233660
v 1.024393 1.390000 -1.235607
v 1.035000 1.379393 -1.235607
v 1.035000 1.425000 -1.225000
v 1.035000 1.410000 -1.240000
v 1.020000 1.410000 -1.225000
v 1.035000 1.420607 -1.235607
v 1.026340 1.418660 -1.233660
v 1.024393 1.410000 -1.235607
v 1.024393 1.420607 -1.225000
v 1.545000 1.375000 -0.275000
v 1.560000 1.390000 -0.275000
v 1.545000 1.390000 -0.260000
v 1.555607 1.379393 -0.275000
v 1.553660 1.381340 -0.266340
v 1.555607 1.390000 -0.264393
v 1.545000 1.379393 -0.264393
v 1.545000 1.425000 -0.275000
v 1.545000 1.410000 -0.260000
v 1.560000 1.410000 -0.275000
v 1.545000 1.420607 -0.264393
v 1.553660 1.418660 -0.266340
v 1.555607 1.410000 -0.264393
v 1.555607 1.420607 -0.275000
v 1.545000 1.375000 -1.225000
v 1.545000 1.390000 -1.240000
v 1.560000 1.390000 -1.225000
v 1.545000 1.379393 -1.235607
v 1.553660 1.381340 -1.233660
v 1.555607 1.390000 -1.235607
v 1.555607 1.379393 -1.225000
v 1.545000 1.425000 -1.225000
v 1.560000 1.410000 -1.225000
v 1.545000 1.410000 -1.240000
v 1.555607 1.420607 -1.225000
v 1.553660 1.418660 -1.233660
v 1.555607 1.410000 -1.235607
v 1.545000 1.420607 -1.235607
vn -0.3251 -0.8881 0.3251
vn -0.3251 -0.3251 0.8881
vn -0.8881 -0.3251 0.3251
vn -0.3251 0.3251 0.8881
vn -0.3251 0.8881 0.3251
vn -0.8881 0.3251 0.3251
vn -0.3251 -0.8881 -0.3251
vn -0.8881 -0.3251 -0.3251
vn -0.3251 -0.3251 -0.8881
vn -0.3251 0.8881 -0.3251
vn -0.3251 0.3251 -0.8881
vn -0.8881 0.3251 -0.3251
vn 0.3251 -0.8881 0.3251
vn 0.8881 -0.3251 0.3251
vn 0.3251 -0.3251 0.8881
vn 0.3251 0.8881 0.3251
vn 0.3251 0.3251 0.8881
vn 0.8881 0.3251 0.3251
vn 0.3251 -0.8881 -0.3251
vn 0.3251 -0.3251 -0.8881
vn 0.8881 -0.3251 -0.3251
vn 0.3251 0.8881 -0.3251
vn 0.8881 0.3251 -0.3251
vn 0.3251 0.3251 -0.8881
vn -0.3827 -0.9239 -0.0000
vn -0.9239 -0.3827 -0.0000
vn -0.3827 -0.0000 0.9239
vn -0.9239 -0.0000 0.3827
vn -0.3827 0.9239 -0.0000
vn -0.9239 0.3827 -0.0000
vn -0.3827 -0.0000 -0.9239
vn -0.9239 -0.0000 -0.3827
vn -0.0000 -0.9239 -0.3827
vn -0.0000 -0.3827 -0.9239
vn -0.0000 0.9239 -0.3827
vn -0.0000 0.3827 -0.9239
vn 0.9239 -0.0000 -0.3827
vn 0.3827 -0.0000 -0.9239
vn 0.3827 -0.9239 -0.0000
vn 0.9239 -0.3827 -0.0000
vn 0.3827 0.9239 -0.0000
vn 0.9239 0.3827 -0.0000
vn 0.3827 -0.0000 0.9239
vn 0.9239 -0.0000 0.3827
vn -0.0000 -0.9239 0.3827
vn -0.0000 -0.3827 0.9239
vn -0.0000 0.9239 0.3827
vn -0.0000 0.3827 0.9239
vn -0.0000 -1.0000 -0.0000
vn -1.0000 -0.0000 -0.0000
vn -0.0000 -0.0000 1.0000
vn -0.0000 1.0000 -0.0000
vn -0.0000 -0.0000 -1.0000
vn 1.0000 -0.0000 -0.0000
vt 0.131944 0.746173
vt 0.131944 0.750000
vt 0.127935 0.750000
vt 0.125000 0.746173
vt 0.450000 0.993056
vt 0.450000 1.000000
vt 0.406699 1.000000
vt 0.375000 0.993056
vt 0.450000 0.003827
vt 0.375000 0.003827
vt 0.375000 0.001617
vt 0.450000 0.000000
vt 0.550000 0.993056
vt 0.625000 0.993056
vt 0.625000 0.997065
vt 0.550000 1.000000
vt 0.868056 0.746173
vt 0.875000 0.746173
vt 0.875000 0.748383
vt 0.868056 0.750000
vt 0.550000 0.003827
vt 0.550000 0.000000
vt 0.593301 0.000000
vt 0.625000 0.003827
vt 0.131944 0.503827
vt 0.125000 0.503826
vt 0.125000 0.501617
vt 0.131944 0.500000
vt 0.450000 0.246173
vt 0.450000 0.250000
vt 0.390849 0.251468
vt 0.375000 0.246173
vt 0.450000 0.256944
vt 0.375000 0.256944
vt 0.868056 0.503827
vt 0.868056 0.500000
vt 0.872065 0.500000
vt 0.875000 0.503826
vt 0.550000 0.256944
vt 0.550000 0.250000
vt 0.609151 0.249191
vt 0.625000 0.256944
vt 0.550000 0.246173
vt 0.625000 0.246173
vt 0.368056 0.746174
vt 0.375000 0.746174
vt 0.385566 0.750439
vt 0.371528 0.753472
vt 0.450000 0.746174
vt 0.450000 0.750000
vt 0.450000 0.756944
vt 0.631944 0.746173
vt 0.628472 0.753472
vt 0.615412 0.749461
vt 0.625000 0.746174
vt 0.550000 0.756944
vt 0.550000 0.750000
vt 0.550000 0.746173
vt 0.368056 0.503826
vt 0.371528 0.496528
vt 0.384588 0.500539
vt 0.375000 0.503826
vt 0.450000 0.493056
vt 0.450000 0.500000
vt 0.450000 0.503826
vt 0.631945 0.503827
vt 0.625000 0.503826
vt 0.614434 0.499561
vt 0.628472 0.496528
vt 0.550000 0.503826
vt 0.550000 0.500000
vt 0.550000 0.493056
s 0
usemtl Cream_Cabinets
f 1649/2265/1509 1652/2266/1509 1653/2267/1509 1655/2268/1509
f 1650/2269/1510 1654/2270/1510 1653/2271/1510 1652/2272/1510
f 1651/2273/1511 1655/2274/1511 1653/2275/1511 1654/2276/1511
f 1656/2277/1512 1659/2278/1512 1660/2279/1512 1662/2280/1512
f 1657/2281/1513 1661/2282/1513 1660/2283/1513 1659/2284/1513
f 1658/2285/1514 1662/2286/1514 1660/2287/1514 1661/2288/1514
f 1663/2289/1515 1666/2290/1515 1667/2291/1515 1669/2292/1515
f 1664/2293/1516 1668/2294/1516 1667/2295/1516 1666/2296/1516
f 1665/2297/1517 1669/2298/1517 1667/2295/1517 1668/2294/1517
f 1670/2299/1518 1673/2300/1518 1674/2301/1518 1676/2302/1518
f 1671/2303/1519 1675/2304/1519 1674/2305/1519 1673/2306/1519
f 1672/2307/1520 1676/2308/1520 1674/2305/1520 1675/2304/1520
f 1677/2309/1521 1680/2310/1521 1681/2311/1521 1683/2312/1521
f 1678/2313/1522 1682/2314/1522 1681/2311/1522 1680/2310/1522
f 1679/2315/1523 1683/2312/1523 1681/2311/1523 1682/2314/1523
f 1684/2316/1524 1687/2317/1524 1688/2318/1524 1690/2319/1524
f 1685/2320/1525 1689/2321/1525 1688/2318/1525 1687/2317/1525
f 1686/2322/1526 1690/2319/1526 1688/2318/1526 1689/2321/1526
f 1691/2323/1527 1694/2324/1527 1695/2325/1527 1697/2326/1527
f 1692/2327/1528 1696/2328/1528 1695/2325/1528 1694/2324/1528
f 1693/2329/1529 1697/2326/1529 1695/2325/1529 1696/2328/1529
f 1698/2330/1530 1701/2331/1530 1702/2332/1530 1704/2333/1530
f 1699/2334/1531 1703/2335/1531 1702/2332/1531 1701/2331/1531
f 1700/2336/1532 1704/2333/1532 1702/2332/1532 1703/2335/1532
f 1663/2289/1533 1649/2265/1533 1655/2268/1533 1666/2290/1533
f 1666/2296/1534 1655/2274/1534 1651/2273/1534 1664/2293/1534
f 1650/2269/1535 1656/2277/1535 1662/2280/1535 1654/2270/1535
f 1654/2276/1536 1662/2286/1536 1658/2285/1536 1651/2273/1536
f 1657/2281/1537 1670/2299/1537 1676/2302/1537 1661/2282/1537
f 1661/2288/1538 1676/2308/1538 1672/2307/1538 1658/2285/1538
f 1671/2303/1539 1665/2297/1539 1668/2294/1539 1675/2304/1539
f 1675/2304/1540 1668/2294/1540 1664/2293/1540 1672/2307/1540
f 1691/2323/1541 1663/2289/1541 1669/2292/1541 1694/2324/1541
f 1694/2324/1542 1669/2298/1542 1665/2297/1542 1692/2327/1542
f 1670/2299/1543 1698/2330/1543 1704/2333/1543 1673/2300/1543
f 1673/2306/1544 1704/2333/1544 1700/2336/1544 1671/2303/1544
f 1699/2334/1545 1693/2329/1545 1696/2328/1545 1703/2335/1545
f 1703/2335/1546 1696/2328/1546 1692/2327/1546 1700/2336/1546
f 1677/2309/1547 1691/2323/1547 1697/2326/1547 1680/2310/1547
f 1680/2310/1548 1697/2326/1548 1693/2329/1548 1678/2313/1548
f 1698/2330/1549 1684/2316/1549 1690/2319/1549 1701/2331/1549
f 1701/2331/1550 1690/2319/1550 1686/2322/1550 1699/2334/1550
f 1685/2320/1551 1679/2315/1551 1682/2314/1551 1689/2321/1551
f 1689/2321/1552 1682/2314/1552 1678/2313/1552 1686/2322/1552
f 1649/2265/1553 1677/2309/1553 1683/2312/1553 1652/2266/1553
f 1652/2272/1554 1683/2312/1554 1679/2315/1554 1650/2269/1554
f 1684/2316/1555 1657/2281/1555 1659/2284/1555 1687/2317/1555
f 1687/2317/1556 1659/2278/1556 1656/2277/1556 1685/2320/1556
f 1663/2289/1557 1691/2323/1557 1677/2309/1557 1649/2265/1557
f 1651/2273/1558 1658/2285/1558 1672/2307/1558 1664/2293/1558
f 1679/2315/1559 1685/2320/1559 1656/2277/1559 1650/2269/1559
f 1698/2330/1560 1670/2299/1560 1657/2281/1560 1684/2316/1560
f 1665/2297/1561 1671/2303/1561 1700/2336/1561 1692/2327/1561
f 1693/2329/1562 1699/2334/1562 1686/2322/1562 1678/2313/1562
o Shelf_1_0_2.0
v 1.035000 1.975000 -0.275000
v 1.035000 1.990000 -0.260000
v 1.020000 1.990000 -0.275000
v 1.035000 1.979393 -0.264393
v 1.026340 1.981340 -0.266340
v 1.024393 1.990000 -0.264393
v 1.024393 1.979393 -0.275000
v 1.035000 2.010000 -0.260000
v 1.035000 2.025000 -0.275000
v 1.020000 2.010000 -0.275000
v 1.035000 2.020607 -0.264393
v 1.026340 2.018660 -0.266340
v 1.024393 2.020607 -0.275000
v 1.024393 2.010000 -0.264393
v 1.035000 1.975000 -1.225000
v 1.020000 1.990000 -1.225000
v 1.035000 1.990000 -1.240000
v 1.024393 1.979393 -1.225000
v 1.026340 1.981340 -1.233660
v 1.024393 1.990000 -1.235607
v 1.035000 1.979393 -1.235607
v 1.035000 2.025000 -1.225000
v 1.035000 2.010000 -1.240000
v 1.020000 2.010000 -1.225000
v 1.035000 2.020607 -1.235607
v 1.026340 2.018660 -1.233660
v 1.024393 2.010000 -1.235607
v 1.024393 2.020607 -1.225000
v 1.545000 1.975000 -0.275000
v 1.560000 1.990000 -0.275000
v 1.545000 1.990000 -0.260000
v 1.555607 1.979393 -0.275000
v 1.553660 1.981340 -0.266340
v 1.555607 1.990000 -0.264393
v 1.545000 1.979393 -0.264393
v 1.545000 2.025000 -0.275000
v 1.545000 2.010000 -0.260000
v 1.560000 2.010000 -0.275000
v 1.545000 2.020607 -0.264393
v 1.553660 2.018660 -0.266340
v 1.555607 2.010000 -0.264393
v 1.555607 2.020607 -0.275000
v 1.545000 1.975000 -1.225000
v 1.545000 1.990000 -1.240000
v 1.560000 1.990000 -1.225000
v 1.545000 1.979393 -1.235607
v 1.553660 1.981340 -1.233660
v 1.555607 1.990000 -1.235607
v 1.555607 1.979393 -1.225000
v 1.545000 2.025000 -1.225000
v 1.560000 2.010000 -1.225000
v 1.545000 2.010000 -1.240000
v 1.555607 2.020607 -1.225000
v 1.553660 2.018660 -1.233660
v 1.555607 2.010000 -1.235607
v 1.545000 2.020607 -1.235607
vn -0.3251 -0.8881 0.3251
vn -0.3251 -0.3251 0.8881
vn -0.8881 -0.3251 0.3251
vn -0.3251 0.3251 0.8881
vn -0.3251 0.8881 0.3251
vn -0.8881 0.3251 0.3251
vn -0.3251 -0.8881 -0.3251
vn -0.8881 -0.3251 -0.3251
vn -0.3251 -0.3251 -0.8881
vn -0.3251 0.8881 -0.3251
vn -0.3251 0.3251 -0.8881
vn -0.8881 0.3251 -0.3251
vn 0.3251 -0.8881 0.3251
vn 0.8881 -0.3251 0.3251
vn 0.3251 -0.3251 0.8881
vn 0.3251 0.8881 0.3251
vn 0.3251 0.3251 0.8881
vn 0.8881 0.3251 0.3251
vn 0.3251 -0.8881 -0.3251
vn 0.3251 -0.3251 -0.8881
vn 0.8881 -0.3251 -0.3251
vn 0.3251 0.8881 -0.3251
vn 0.8881 0.3251 -0.3251
vn 0.3251 0.3251 -0.8881
vn -0.3827 -0.9239 -0.0000
vn -0.9239 -0.3827 -0.0000
vn -0.3827 -0.0000 0.9239
vn -0.9239 -0.0000 0.3827
vn -0.3827 0.9239 -0.0000
vn -0.9239 0.3827 -0.0000
vn -0.3827 -0.0000 -0.9239
vn -0.9239 -0.0000 -0.3827
vn -0.0000 -0.9239 -0.3827
vn -0.0000 -0.3827 -0.9239
vn -0.0000 0.9239 -0.3827
vn -0.0000 0.3827 -0.9239
vn 0.9239 -0.0000 -0.3827
vn 0.3827 -0.0000 -0.9239
vn 0.3827 -0.9239 -0.0000
vn 0.9239 -0.3827 -0.0000
vn 0.3827 0.9239 -0.0000
vn 0.9239 0.3827 -0.0000
vn 0.3827 -0.0000 0.9239
vn 0.9239 -0.0000 0.3827
vn -0.0000 -0.9239 0.3827
vn -0.0000 -0.3827 0.9239
vn -0.0000 0.9239 0.3827
vn -0.0000 0.3827 0.9239
vn -0.0000 -1.0000 -0.0000
vn -1.0000 -0.0000 -0.0000
vn -0.0000 -0.0000 1.0000
vn -0.0000 1.0000 -0.0000
vn -0.0000 -0.0000 -1.0000
vn 1.0000 -0.0000 -0.0000
vt 0.131944 0.746173
vt 0.131944 0.750000
vt 0.127935 0.750000
vt 0.125000 0.746173
vt 0.450000 0.993056
vt 0.450000 1.000000
vt 0.406699 1.000000
vt 0.375000 0.993056
vt 0.450000 0.003827
vt 0.375000 0.003827
vt 0.375000 0.001617
vt 0.450000 0.000000
vt 0.550000 0.993056
vt 0.625000 0.993056
vt 0.625000 0.997065
vt 0.550000 1.000000
vt 0.868056 0.746173
vt 0.875000 0.746173
vt 0.875000 0.748383
vt 0.868056 0.750000
vt 0.550000 0.003827
vt 0.550000 0.000000
vt 0.593301 0.000000
vt 0.625000 0.003827
vt 0.131944 0.503827
vt 0.125000 0.503826
vt 0.125000 0.501617
vt 0.131944 0.500000
vt 0.450000 0.246173
vt 0.450000 0.250000
vt 0.390849 0.251468
vt 0.375000 0.246173
vt 0.450000 0.256944
vt 0.375000 0.256944
vt 0.868056 0.503827
vt 0.868056 0.500000
vt 0.872065 0.500000
vt 0.875000 0.503826
vt 0.550000 0.256944
vt 0.550000 0.250000
vt 0.609151 0.249191
vt 0.625000 0.256944
vt 0.550000 0.246173
vt 0.625000 0.246173
vt 0.368056 0.746174
vt 0.375000 0.746174
vt 0.385566 0.750439
vt 0.371528 0.753472
vt 0.450000 0.746174
vt 0.450000 0.750000
vt 0.450000 0.756944
vt 0.631944 0.746173
vt 0.628472 0.753472
vt 0.615412 0.749461
vt 0.625000 0.746174
vt 0.550000 0.756944
vt 0.550000 0.750000
vt 0.550000 0.746173
vt 0.368056 0.503826
vt 0.371528 0.496528
vt 0.384588 0.500539
vt 0.375000 0.503826
vt 0.450000 0.493056
vt 0.450000 0.500000
vt 0.450000 0.503826
vt 0.631945 0.503827
vt 0.625000 0.503826
vt 0.614434 0.499561
vt 0.628472 0.496528
vt 0.550000 0.503826
vt 0.550000 0.500000
vt 0.550000 0.493056
s 0
usemtl Cream_Cabinets
f 1705/2337/1563 1708/2338/1563 1709/2339/1563 1711/2340/1563
f 1706/2341/1564 1710/2342/1564 1709/2343/1564 1708/2344/1564
f 1707/2345/1565 1711/2346/1565 1709/2347/1565 1710/2348/1565
f 1712/2349/1566 1715/2350/1566 1716/2351/1566 1718/2352/1566
f 1713/2353/1567 1717/2354/1567 1716/2355/1567 1715/2356/1567
f 1714/2357/1568 1718/2358/1568 1716/2359/1568 1717/2360/1568
f 1719/2361/1569 1722/2362/1569 1723/2363/1569 1725/2364/1569
f 1720/2365/1570 1724/2366/1570 1723/2367/1570 1722/2368/1570
f 1721/2369/1571 1725/2370/1571 1723/2367/1571 1724/2366/1571
f 1726/2371/1572 1729/2372/1572 1730/2373/1572 1732/2374/1572
f 1727/2375/1573 1731/2376/1573 1730/2377/1573 1729/2378/1573
f 1728/2379/1574 1732/2380/1574 1730/2377/1574 1731/2376/1574
f 1733/2381/1575 1736/2382/1575 1737/2383/1575 1739/2384/1575
f 1734/2385/1576 1738/2386/1576 1737/2383/1576 1736/2382/1576
f 1735/2387/1577 1739/2384/1577 1737/2383/1577 1738/2386/1577
f 1740/2388/1578 1743/2389/1578 1744/2390/1578 1746/2391/1578
f 1741/2392/1579 1745/2393/1579 1744/2390/1579 1743/2389/1579
f 1742/2394/1580 1746/2391/1580 1744/2390/1580 1745/2393/1580
f 1747/2395/1581 1750/2396/1581 1751/2397/1581 1753/2398/1581
f 1748/2399/1582 1752/2400/1582 1751/2397/1582 1750/2396/1582
f 1749/2401/1583 1753/2398/1583 1751/2397/1583 1752/2400/1583
f 1754/2402/1584 1757/2403/1584 1758/2404/1584 1760/2405/1584
f 1755/2406/1585 1759/2407/1585 1758/2404/1585 1757/2403/1585
f 1756/2408/1586 1760/2405/1586 1758/2404/1586 1759/2407/1586
f 1719/2361/1587 1705/2337/1587 1711/2340/1587 1722/2362/1587
f 1722/2368/1588 1711/2346/1588 1707/2345/1588 1720/2365/1588
f 1706/2341/1589 1712/2349/1589 1718/2352/1589 1710/2342/1589
f 1710/2348/1590 1718/2358/1590 1714/2357/1590 1707/2345/1590
f 1713/2353/1591 1726/2371/1591 1732/2374/1591 1717/2354/1591
f 1717/2360/1592 1732/2380/1592 1728/2379/1592 1714/2357/1592
f 1727/2375/1593 1721/2369/1593 1724/2366/1593 1731/2376/1593
f 1731/2376/1594 1724/2366/1594 1720/2365/1594 1728/2379/1594
f 1747/2395/1595 1719/2361/1595 1725/2364/1595 1750/2396/1595
f 1750/2396/1596 1725/2370/1596 1721/2369/1596 1748/2399/1596
f 1726/2371/1597 1754/2402/1597 1760/2405/1597 1729/2372/1597
f 1729/2378/1598 1760/2405/1598 1756/2408/1598 1727/2375/1598
f 1755/2406/1599 1749/2401/1599 1752/2400/1599 1759/2407/1599
f 1759/2407/1600 1752/2400/1600 1748/2399/1600 1756/2408/1600
f 1733/2381/1601 1747/2395/1601 1753/2398/1601 1736/2382/1601
f 1736/2382/1602 1753/2398/1602 1749/2401/1602 1734/2385/1602
f 1754/2402/1603 1740/2388/1603 1746/2391/1603 1757/2403/1603
f 1757/2403/1604 1746/2391/1604 1742/2394/1604 1755/2406/1604
f 1741/2392/1605 1735/2387/1605 1738/2386/1605 1745/2393/1605
f 1745/2393/1606 1738/2386/1606 1734/2385/1606 1742/2394/1606
f 1705/2337/1607 1733/2381/1607 1739/2384/1607 1708/2338/1607
f 1708/2344/1608 1739/2384/1608 1735/2387/1608 1706/2341/1608
f 1740/2388/1609 1713/2353/1609 1715/2356/1609 1743/2389/1609
f 1743/2389/1610 1715/2350/1610 1712/2349/1610 1741/2392/1610
f 1719/2361/1611 1747/2395/1611 1733/2381/1611 1705/2337/1611
f 1707/2345/1612 1714/2357/1612 1728/2379/1612 1720/2365/1612
f 1735/2387/1613 1741/2392/1613 1712/2349/1613 1706/2341/1613
f 1754/2402/1614 1726/2371/1614 1713/2353/1614 1740/2388/1614
f 1721/2369/1615 1727/2375/1615 1756/2408/1615 1748/2399/1615
f 1749/2401/1616 1755/2406/1616 1742/2394/1616 1734/2385/1616
o Hanging_Rod_1_0
v 1.290000 1.742000 -1.180000
v 1.290000 1.742000 -0.320000
v 1.295694 1.741250 -1.180000
v 1.295694 1.741250 -0.320000
v 1.301000 1.739053 -1.180000
v 1.301000 1.739053 -0.320000
v 1.305556 1.735556 -1.180000
v 1.305556 1.735556 -0.320000
v 1.309052 1.731000 -1.180000
v 1.309052 1.731000 -0.320000
v 1.311250 1.725694 -1.180000
v 1.311250 1.725694 -0.320000
v 1.312000 1.720000 -1.180000
v 1.312000 1.720000 -0.320000
v 1.311250 1.714306 -1.180000
v 1.311250 1.714306 -0.320000
v 1.309052 1.709000 -1.180000
v 1.309052 1.709000 -0.320000
v 1.305556 1.704444 -1.180000
v 1.305556 1.704444 -0.320000
v 1.301000 1.700948 -1.180000
v 1.301000 1.700947 -0.320000
v 1.295694 1.698750 -1.180000
v 1.295694 1.698750 -0.320000
v 1.290000 1.698000 -1.180000
v 1.290000 1.698000 -0.320000
v 1.284306 1.698750 -1.180000
v 1.284306 1.698750 -0.320000
v 1.279000 1.700948 -1.180000
v 1.279000 1.700947 -0.320000
v 1.274444 1.704444 -1.180000
v 1.274444 1.704444 -0.320000
v 1.270947 1.709000 -1.180000
v 1.270947 1.709000 -0.320000
v 1.268750 1.714306 -1.180000
v 1.268750 1.714306 -0.320000
v 1.268000 1.720000 -1.180000
v 1.268000 1.720000 -0.320000
v 1.268750 1.725694 -1.180000
v 1.268750 1.725694 -0.320000
v 1.270947 1.731000 -1.180000
v 1.270947 1.731000 -0.320000
v 1.274444 1.735556 -1.180000
v 1.274444 1.735556 -0.320000
v 1.279000 1.739053 -1.180000
v 1.279000 1.739053 -0.320000
v 1.284306 1.741250 -1.180000
v 1.284306 1.741250 -0.320000
vn 0.1305 0.9914 -0.0000
vn 0.3827 0.9239 -0.0000
vn 0.6088 0.7934 -0.0000
vn 0.7934 0.6088 -0.0000
vn 0.9239 0.3827 -0.0000
vn 0.9914 0.1305 -0.0000
vn 0.9914 -0.1305 -0.0000
vn 0.9239 -0.3827 -0.0000
vn 0.7934 -0.6088 -0.0000
vn 0.6088 -0.7934 -0.0000
vn 0.3827 -0.9239 -0.0000
vn 0.1305 -0.9914 -0.0000
vn -0.1305 -0.9914 -0.0000
vn -0.3827 -0.9239 -0.0000
vn -0.6088 -0.7934 -0.0000
vn -0.7934 -0.6088 -0.0000
vn -0.9239 -0.3827 -0.0000
vn -0.9914 -0.1305 -0.0000
vn -0.9914 0.1305 -0.0000
vn -0.9239 0.3827 -0.0000
vn -0.7934 0.6088 -0.0000
vn -0.6088 0.7934 -0.0000
vn -0.0000 -0.0000 1.0000
vn -0.3827 0.9239 -0.0000
vn -0.1305 0.9914 -0.0000
vn -0.0000 -0.0000 -1.0000
vt 1.000000 0.500000
vt 1.000000 1.000000
vt 0.958333 1.000000
vt 0.958333 0.500000
vt 0.916667 1.000000
vt 0.916667 0.500000
vt 0.875000 1.000000
vt 0.875000 0.500000
vt 0.833333 1.000000
vt 0.833333 0.500000
vt 0.791667 1.000000
vt 0.791667 0.500000
vt 0.750000 1.000000
vt 0.750000 0.500000
vt 0.708333 1.000000
vt 0.708333 0.500000
vt 0.666667 1.000000
vt 0.666667 0.500000
vt 0.625000 1.000000
vt 0.625000 0.500000
vt 0.583333 1.000000
vt 0.583333 0.500000
vt 0.541666 1.000000
vt 0.541666 0.500000
vt 0.500000 1.000000
vt 0.500000 0.500000
vt 0.458333 1.000000
vt 0.458333 0.500000
vt 0.416666 1.000000
vt 0.416666 0.500000
vt 0.375000 1.000000
vt 0.375000 0.500000
vt 0.333333 1.000000
vt 0.333333 0.500000
vt 0.291667 1.000000
vt 0.291667 0.500000
vt 0.250000 1.000000
vt 0.250000 0.500000
vt 0.208333 1.000000
vt 0.208333 0.500000
vt 0.166666 1.000000
vt 0.166666 0.500000
vt 0.125000 1.000000
vt 0.125000 0.500000
vt 0.083333 1.000000
vt 0.083333 0.500000
vt 0.312117 0.481822
vt 0.250000 0.490000
vt 0.187883 0.481822
vt 0.130000 0.457846
vt 0.080294 0.419706
vt 0.042154 0.370000
vt 0.018178 0.312117
vt 0.010000 0.250000
vt 0.018178 0.187883
vt 0.042154 0.130000
vt 0.080294 0.080294
vt 0.130000 0.042154
vt 0.187883 0.018178
vt 0.250000 0.010000
vt 0.312117 0.018178
vt 0.370000 0.042154
vt 0.419706 0.080294
vt 0.457846 0.130000
vt 0.481822 0.187883
vt 0.490000 0.250000
vt 0.481822 0.312117
vt 0.457846 0.370000
vt 0.419706 0.419706
vt 0.370000 0.457846
vt 0.041666 1.000000
vt 0.041666 0.500000
vt -0.000000 1.000000
vt -0.000000 0.500000
vt 0.750000 0.490000
vt 0.812117 0.481822
vt 0.870000 0.457846
vt 0.919706 0.419706
vt 0.957846 0.370000
vt 0.981822 0.312117
vt 0.990000 0.250000
vt 0.981822 0.187883
vt 0.957846 0.130000
vt 0.919706 0.080294
vt 0.870000 0.042154
vt 0.812117 0.018178
vt 0.750000 0.010000
vt 0.687883 0.018178
vt 0.630000 0.042154
vt 0.580294 0.080294
vt 0.542154 0.130000
vt 0.518178 0.187883
vt 0.510000 0.250000
vt 0.518178 0.312117
vt 0.542154 0.370000
vt 0.580294 0.419706
vt 0.630000 0.457846
vt 0.687883 0.481822
s 0
usemtl Radiator_Metal
f 1761/2409/1617 1762/2410/1617 1764/2411/1617 1763/2412/1617
f 1763/2412/1618 1764/2411/1618 1766/2413/1618 1765/2414/1618
f 1765/2414/1619 1766/2413/1619 1768/2415/1619 1767/2416/1619
f 1767/2416/1620 1768/2415/1620 1770/2417/1620 1769/2418/1620
f 1769/2418/1621 1770/2417/1621 1772/2419/1621 1771/2420/1621
f 1771/2420/1622 1772/2419/1622 1774/2421/1622 1773/2422/1622
f 1773/2422/1623 1774/2421/1623 1776/2423/1623 1775/2424/1623
f 1775/2424/1624 1776/2423/1624 1778/2425/1624 1777/2426/1624
f 1777/2426/1625 1778/2425/1625 1780/2427/1625 1779/2428/1625
f 1779/2428/1626 1780/2427/1626 1782/2429/1626 1781/2430/1626
f 1781/2430/1627 1782/2429/1627 1784/2431/1627 1783/2432/1627
f 1783/2432/1628 1784/2431/1628 1786/2433/1628 1785/2434/1628
f 1785/2434/1629 1786/2433/1629 1788/2435/1629 1787/2436/1629
f 1787/2436/1630 1788/2435/1630 1790/2437/1630 1789/2438/1630
f 1789/2438/1631 1790/2437/1631 1792/2439/1631 1791/2440/1631
f 1791/2440/1632 1792/2439/1632 1794/2441/1632 1793/2442/1632
f 1793/2442/1633 1794/2441/1633 1796/2443/1633 1795/2444/1633
f 1795/2444/1634 1796/2443/1634 1798/2445/1634 1797/2446/1634
f 1797/2446/1635 1798/2445/1635 1800/2447/1635 1799/2448/1635
f 1799/2448/1636 1800/2447/1636 1802/2449/1636 1801/2450/1636
f 1801/2450/1637 1802/2449/1637 1804/2451/1637 1803/2452/1637
f 1803/2452/1638 1804/2451/1638 1806/2453/1638 1805/2454/1638
f 1764/2455/1639 1762/2456/1639 1808/2457/1639 1806/2458/1639 1804/2459/1639 1802/2460/1639 1800/2461/1639 1798/2462/1639 1796/2463/1639 1794/2464/1639 1792/2465/1639 1790/2466/1639 1788/2467/1639 1786/2468/1639 1784/2469/1639 1782/2470/1639 1780/2471/1639 1778/2472/1639 1776/2473/1639 1774/2474/1639 1772/2475/1639 1770/2476/1639 1768/2477/1639 1766/2478/1639
f 1805/2454/1640 1806/2453/1640 1808/2479/1640 1807/2480/1640
f 1807/2480/1641 1808/2479/1641 1762/2481/1641 1761/2482/1641
f 1761/2483/1642 1763/2484/1642 1765/2485/1642 1767/2486/1642 1769/2487/1642 1771/2488/1642 1773/2489/1642 1775/2490/1642 1777/2491/1642 1779/2492/1642 1781/2493/1642 1783/2494/1642 1785/2495/1642 1787/2496/1642 1789/2497/1642 1791/2498/1642 1793/2499/1642 1795/2500/1642 1797/2501/1642 1799/2502/1642 1801/2503/1642 1803/2504/1642 1805/2505/1642 1807/2506/1642
o Shelf_1_1_Bottom
v 1.035000 0.120000 -1.425000
v 1.035000 0.135000 -1.410000
v 1.020000 0.135000 -1.425000
v 1.035000 0.124393 -1.414393
v 1.026340 0.126340 -1.416340
v 1.024393 0.135000 -1.414393
v 1.024393 0.124393 -1.425000
v 1.035000 0.165000 -1.410000
v 1.035000 0.180000 -1.425000
v 1.020000 0.165000 -1.425000
v 1.035000 0.175607 -1.414393
v 1.026340 0.173660 -1.416340
v 1.024393 0.175607 -1.425000
v 1.024393 0.165000 -1.414393
v 1.035000 0.120000 -2.375000
v 1.020000 0.135000 -2.375000
v 1.035000 0.135000 -2.390000
v 1.024393 0.124393 -2.375000
v 1.026340 0.126340 -2.383660
v 1.024393 0.135000 -2.385607
v 1.035000 0.124393 -2.385607
v 1.035000 0.180000 -2.375000
v 1.035000 0.165000 -2.390000
v 1.020000 0.165000 -2.375000
v 1.035000 0.175607 -2.385607
v 1.026340 0.173660 -2.383660
v 1.024393 0.165000 -2.385607
v 1.024393 0.175607 -2.375000
v 1.545000 0.120000 -1.425000
v 1.560000 0.135000 -1.425000
v 1.545000 0.135000 -1.410000
v 1.555607 0.124393 -1.425000
v 1.553660 0.126340 -1.416340
v 1.555607 0.135000 -1.414393
v 1.545000 0.124393 -1.414393
v 1.545000 0.180000 -1.425000
v 1.545000 0.165000 -1.410000
v 1.560000 0.165000 -1.425000
v 1.545000 0.175607 -1.414393
v 1.553660 0.173660 -1.416340
v 1.555607 0.165000 -1.414393
v 1.555607 0.175607 -1.425000
v 1.545000 0.120000 -2.375000
v 1.545000 0.135000 -2.390000
v 1.560000 0.135000 -2.375000
v 1.545000 0.124393 -2.385607
v 1.553660 0.126340 -2.383660
v 1.555607 0.135000 -2.385607
v 1.555607 0.124393 -2.375000
v 1.545000 0.180000 -2.375000
v 1.560000 0.165000 -2.375000
v 1.545000 0.165000 -2.390000
v 1.555607 0.175607 -2.375000
v 1.553660 0.173660 -2.383660
v 1.555607 0.165000 -2.385607
v 1.545000 0.175607 -2.385607
vn -0.3251 -0.8881 0.3251
vn -0.3251 -0.3251 0.8881
vn -0.8881 -0.3251 0.3251
vn -0.3251 0.3251 0.8881
vn -0.3251 0.8881 0.3251
vn -0.8881 0.3251 0.3251
vn -0.3251 -0.8881 -0.3251
vn -0.8881 -0.3251 -0.3251
vn -0.3251 -0.3251 -0.8881
vn -0.3251 0.8881 -0.3251
vn -0.3251 0.3251 -0.8881
vn -0.8881 0.3251 -0.3251
vn 0.3251 -0.8881 0.3251
vn 0.8881 -0.3251 0.3251
vn 0.3251 -0.3251 0.8881
vn 0.3251 0.8881 0.3251
vn 0.3251 0.3251 0.8881
vn 0.8881 0.3251 0.3251
vn 0.3251 -0.8881 -0.3251
vn 0.3251 -0.3251 -0.8881
vn 0.8881 -0.3251 -0.3251
vn 0.3251 0.8881 -0.3251
vn 0.8881 0.3251 -0.3251
vn 0.3251 0.3251 -0.8881
vn -0.3827 -0.9239 -0.0000
vn -0.9239 -0.3827 -0.0000
vn -0.3827 -0.0000 0.9239
vn -0.9239 -0.0000 0.3827
vn -0.3827 0.9239 -0.0000
vn -0.9239 0.3827 -0.0000
vn -0.3827 -0.0000 -0.9239
vn -0.9239 -0.0000 -0.3827
vn -0.0000 -0.9239 -0.3827
vn -0.0000 -0.3827 -0.9239
vn -0.0000 0.9239 -0.3827
vn -0.0000 0.3827 -0.9239
vn 0.9239 -0.0000 -0.3827
vn 0.3827 -0.0000 -0.9239
vn 0.3827 -0.9239 -0.0000
vn 0.9239 -0.3827 -0.0000
vn 0.3827 0.9239 -0.0000
vn 0.9239 0.3827 -0.0000
vn 0.3827 -0.0000 0.9239
vn 0.9239 -0.0000 0.3827
vn -0.0000 -0.9239 0.3827
vn -0.0000 -0.3827 0.9239
vn -0.0000 0.9239 0.3827
vn -0.0000 0.3827 0.9239
vn -0.0000 -1.0000 -0.0000
vn -1.0000 -0.0000 -0.0000
vn -0.0000 -0.0000 1.0000
vn -0.0000 1.0000 -0.0000
vn -0.0000 -0.0000 -1.0000
vn 1.0000 -0.0000 -0.0000
vt 0.131944 0.746173
vt 0.131944 0.750000
vt 0.127935 0.750000
vt 0.125000 0.746173
vt 0.437500 0.993056
vt 0.437500 1.000000
vt 0.401416 1.000000
vt 0.375000 0.993056
vt 0.437500 0.003827
vt 0.375000 0.003827
vt 0.375000 0.001617
vt 0.437500 0.000000
vt 0.562500 0.993056
vt 0.625000 0.993056
vt 0.625000 0.997065
vt 0.562500 1.000000
vt 0.868056 0.746173
vt 0.875000 0.746173
vt 0.875000 0.748383
vt 0.868056 0.750000
vt 0.562500 0.003827
vt 0.562500 0.000000
vt 0.598584 0.000000
vt 0.625000 0.003827
vt 0.131944 0.503827
vt 0.125000 0.503826
vt 0.125000 0.501617
vt 0.131944 0.500000
vt 0.437500 0.246173
vt 0.437500 0.250000
vt 0.388208 0.251468
vt 0.375000 0.246173
vt 0.437500 0.256944
vt 0.375000 0.256944
vt 0.868056 0.503827
vt 0.868056 0.500000
vt 0.872065 0.500000
vt 0.875000 0.503826
vt 0.562500 0.256944
vt 0.562500 0.250000
vt 0.611792 0.249191
vt 0.625000 0.256944
vt 0.562500 0.246173
vt 0.625000 0.246173
vt 0.368056 0.746174
vt 0.375000 0.746173
vt 0.383805 0.750439
vt 0.371528 0.753472
vt 0.437500 0.746174
vt 0.437500 0.750000
vt 0.437500 0.756944
vt 0.631944 0.746173
vt 0.628472 0.753472
vt 0.617173 0.749461
vt 0.625000 0.746173
vt 0.562500 0.756944
vt 0.562500 0.750000
vt 0.562500 0.746174
vt 0.368056 0.503826
vt 0.371528 0.496528
vt 0.382827 0.500539
vt 0.375000 0.503826
vt 0.437500 0.493056
vt 0.437500 0.500000
vt 0.437500 0.503827
vt 0.631945 0.503827
vt 0.625000 0.503826
vt 0.616195 0.499561
vt 0.628472 0.496528
vt 0.562500 0.503827
vt 0.562500 0.500000
vt 0.562500 0.493056
s 0
usemtl Cream_Cabinets
f 1809/2507/1643 1812/2508/1643 1813/2509/1643 1815/2510/1643
f 1810/2511/1644 1814/2512/1644 1813/2513/1644 1812/2514/1644
f 1811/2515/1645 1815/2516/1645 1813/2517/1645 1814/2518/1645
f 1816/2519/1646 1819/2520/1646 1820/2521/1646 1822/2522/1646
f 1817/2523/1647 1821/2524/1647 1820/2525/1647 1819/2526/1647
f 1818/2527/1648 1822/2528/1648 1820/2529/1648 1821/2530/1648
f 1823/2531/1649 1826/2532/1649 1827/2533/1649 1829/2534/1649
f 1824/2535/1650 1828/2536/1650 1827/2537/1650 1826/2538/1650
f 1825/2539/1651 1829/2540/1651 1827/2537/1651 1828/2536/1651
f 1830/2541/1652 1833/2542/1652 1834/2543/1652 1836/2544/1652
f 1831/2545/1653 1835/2546/1653 1834/2547/1653 1833/2548/1653
f 1832/2549/1654 1836/2550/1654 1834/2547/1654 1835/2546/1654
f 1837/2551/1655 1840/2552/1655 1841/2553/1655 1843/2554/1655
f 1838/2555/1656 1842/2556/1656 1841/2553/1656 1840/2552/1656
f 1839/2557/1657 1843/2554/1657 1841/2553/1657 1842/2556/1657
f 1844/2558/1658 1847/2559/1658 1848/2560/1658 1850/2561/1658
f 1845/2562/1659 1849/2563/1659 1848/2560/1659 1847/2559/1659
f 1846/2564/1660 1850/2561/1660 1848/2560/1660 1849/2563/1660
f 1851/2565/1661 1854/2566/1661 1855/2567/1661 1857/2568/1661
f 1852/2569/1662 1856/2570/1662 1855/2567/1662 1854/2566/1662
f 1853/2571/1663 1857/2568/1663 1855/2567/1663 1856/2570/1663
f 1858/2572/1664 1861/2573/1664 1862/2574/1664 1864/2575/1664
f 1859/2576/1665 1863/2577/1665 1862/2574/1665 1861/2573/1665
f 1860/2578/1666 1864/2575/1666 1862/2574/1666 1863/2577/1666
f 1823/2531/1667 1809/2507/1667 1815/2510/1667 1826/2532/1667
f 1826/2538/1668 1815/2516/1668 1811/2515/1668 1824/2535/1668
f 1810/2511/1669 1816/2519/1669 1822/2522/1669 1814/2512/1669
f 1814/2518/1670 1822/2528/1670 1818/2527/1670 1811/2515/1670
f 1817/2523/1671 1830/2541/1671 1836/2544/1671 1821/2524/1671
f 1821/2530/1672 1836/2550/1672 1832/2549/1672 1818/2527/1672
f 1831/2545/1673 1825/2539/1673 1828/2536/1673 1835/2546/1673
f 1835/2546/1674 1828/2536/1674 1824/2535/1674 1832/2549/1674
f 1851/2565/1675 1823/2531/1675 1829/2534/1675 1854/2566/1675
f 1854/2566/1676 1829/2540/1676 1825/2539/1676 1852/2569/1676
f 1830/2541/1677 1858/2572/1677 1864/2575/1677 1833/2542/1677
f 1833/2548/1678 1864/2575/1678 1860/2578/1678 1831/2545/1678
f 1859/2576/1679 1853/2571/1679 1856/2570/1679 1863/2577/1679
f 1863/2577/1680 1856/2570/1680 1852/2569/1680 1860/2578/1680
f 1837/2551/1681 1851/2565/1681 1857/2568/1681 1840/2552/1681
f 1840/2552/1682 1857/2568/1682 1853/2571/1682 1838/2555/1682
f 1858/2572/1683 1844/2558/1683 1850/2561/1683 1861/2573/1683
f 1861/2573/1684 1850/2561/1684 1846/2564/1684 1859/2576/1684
f 1845/2562/1685 1839/2557/1685 1842/2556/1685 1849/2563/1685
f 1849/2563/1686 1842/2556/1686 1838/2555/1686 1846/2564/1686
f 1809/2507/1687 1837/2551/1687 1843/2554/1687 1812/2508/1687
f 1812/2514/1688 1843/2554/1688 1839/2557/1688 1810/2511/1688
f 1844/2558/1689 1817/2523/1689 1819/2526/1689 1847/2559/1689
f 1847/2559/1690 1819/2520/1690 1816/2519/1690 1845/2562/1690
f 1823/2531/1691 1851/2565/1691 1837/2551/1691 1809/2507/1691
f 1811/2515/1692 1818/2527/1692 1832/2549/1692 1824/2535/1692
f 1839/2557/1693 1845/2562/1693 1816/2519/1693 1810/2511/1693
f 1858/2572/1694 1830/2541/1694 1817/2523/1694 1844/2558/1694
f 1825/2539/1695 1831/2545/1695 1860/2578/1695 1852/2569/1695
f 1853/2571/1696 1859/2576/1696 1846/2564/1696 1838/2555/1696
o Shelf_1_1_0.8
v 1.035000 0.775000 -1.425000
v 1.035000 0.790000 -1.410000
v 1.020000 0.790000 -1.425000
v 1.035000 0.779393 -1.414393
v 1.026340 0.781340 -1.416340
v 1.024393 0.790000 -1.414393
v 1.024393 0.779393 -1.425000
v 1.035000 0.810000 -1.410000
v 1.035000 0.825000 -1.425000
v 1.020000 0.810000 -1.425000
v 1.035000 0.820607 -1.414393
v 1.026340 0.818660 -1.416340
v 1.024393 0.820607 -1.425000
v 1.024393 0.810000 -1.414393
v 1.035000 0.775000 -2.375000
v 1.020000 0.790000 -2.375000
v 1.035000 0.790000 -2.390000
v 1.024393 0.779393 -2.375000
v 1.026340 0.781340 -2.383660
v 1.024393 0.790000 -2.385607
v 1.035000 0.779393 -2.385607
v 1.035000 0.825000 -2.375000
v 1.035000 0.810000 -2.390000
v 1.020000 0.810000 -2.375000
v 1.035000 0.820607 -2.385607
v 1.026340 0.818660 -2.383660
v 1.024393 0.810000 -2.385607
v 1.024393 0.820607 -2.375000
v 1.545000 0.775000 -1.425000
v 1.560000 0.790000 -1.425000
v 1.545000 0.790000 -1.410000
v 1.555607 0.779393 -1.425000
v 1.553660 0.781340 -1.416340
v 1.555607 0.790000 -1.414393
v 1.545000 0.779393 -1.414393
v 1.545000 0.825000 -1.425000
v 1.545000 0.810000 -1.410000
v 1.560000 0.810000 -1.425000
v 1.545000 0.820607 -1.414393
v 1.553660 0.818660 -1.416340
v 1.555607 0.810000 -1.414393
v 1.555607 0.820607 -1.425000
v 1.545000 0.775000 -2.375000
v 1.545000 0.790000 -2.390000
v 1.560000 0.790000 -2.375000
v 1.545000 0.779393 -2.385607
v 1.553660 0.781340 -2.383660
v 1.555607 0.790000 -2.385607
v 1.555607 0.779393 -2.375000
v 1.545000 0.825000 -2.375000
v 1.560000 0.810000 -2.375000
v 1.545000 0.810000 -2.390000
v 1.555607 0.820607 -2.375000
v 1.553660 0.818660 -2.383660
v 1.555607 0.810000 -2.385607
v 1.545000 0.820607 -2.385607
vn -0.3251 -0.8881 0.3251
vn -0.3251 -0.3251 0.8881
vn -0.8881 -0.3251 0.3251
vn -0.3251 0.3251 0.8881
vn -0.3251 0.8881 0.3251
vn -0.8881 0.3251 0.3251
vn -0.3251 -0.8881 -0.3251
vn -0.8881 -0.3251 -0.3251
vn -0.3251 -0.3251 -0.8881
vn -0.3251 0.8881 -0.3251
vn -0.3251 0.3251 -0.8881
vn -0.8881 0.3251 -0.3251
vn 0.3251 -0.8881 0.3251
vn 0.8881 -0.3251 0.3251
vn 0.3251 -0.3251 0.8881
vn 0.3251 0.8881 0.3251
vn 0.3251 0.3251 0.8881
vn 0.8881 0.3251 0.3251
vn 0.3251 -0.8881 -0.3251
vn 0.3251 -0.3251 -0.8881
vn 0.8881 -0.3251 -0.3251
vn 0.3251 0.8881 -0.3251
vn 0.8881 0.3251 -0.3251
vn 0.3251 0.3251 -0.8881
vn -0.3827 -0.9239 -0.0000
vn -0.9239 -0.3827 -0.0000
vn -0.3827 -0.0000 0.9239
vn -0.9239 -0.0000 0.3827
vn -0.3827 0.9239 -0.0000
vn -0.9239 0.3827 -0.0000
vn -0.3827 -0.0000 -0.9239
vn -0.9239 -0.0000 -0.3827
vn -0.0000 -0.9239 -0.3827
vn -0.0000 -0.3827 -0.9239
vn -0.0000 0.9239 -0.3827
vn -0.0000 0.3827 -0.9239
vn 0.9239 -0.0000 -0.3827
vn 0.3827 -0.0000 -0.9239
vn 0.3827 -0.9239 -0.0000
vn 0.9239 -0.3827 -0.0000
vn 0.3827 0.9239 -0.0000
vn 0.9239 0.3827 -0.0000
vn 0.3827 -0.0000 0.9239
vn 0.9239 -0.0000 0.3827
vn -0.0000 -0.9239 0.3827
vn -0.0000 -0.3827 0.9239
vn -0.0000 0.9239 0.3827
vn -0.0000 0.3827 0.9239
vn -0.0000 -1.0000 -0.0000
vn -1.0000 -0.0000 -0.0000
vn -0.0000 -0.0000 1.0000
vn -0.0000 1.0000 -0.0000
vn -0.0000 -0.0000 -1.0000
vn 1.0000 -0.0000 -0.0000
vt 0.131944 0.746173
vt 0.131944 0.750000
vt 0.127935 0.750000
vt 0.125000 0.746173
vt 0.450000 0.993056
vt 0.450000 1.000000
vt 0.406699 1.000000
vt 0.375000 0.993056
vt 0.450000 0.003827
vt 0.375000 0.003827
vt 0.375000 0.001617
vt 0.450000 0.000000
vt 0.550000 0.993056
vt 0.625000 0.993056
vt 0.625000 0.997065
vt 0.550000 1.000000
vt 0.868056 0.746173
vt 0.875000 0.746173
vt 0.875000 0.748383
vt 0.868056 0.750000
vt 0.550000 0.003827
vt 0.550000 0.000000
vt 0.593301 0.000000
vt 0.625000 0.003827
vt 0.131944 0.503827
vt 0.125000 0.503826
vt 0.125000 0.501617
vt 0.131944 0.500000
vt 0.450000 0.246173
vt 0.450000 0.250000
vt 0.390849 0.251468
vt 0.375000 0.246173
vt 0.450000 0.256944
vt 0.375000 0.256944
vt 0.868056 0.503827
vt 0.868056 0.500000
vt 0.872065 0.500000
vt 0.875000 0.503826
vt 0.550000 0.256944
vt 0.550000 0.250000
vt 0.609151 0.249191
vt 0.625000 0.256944
vt 0.550000 0.246173
vt 0.625000 0.246173
vt 0.368056 0.746174
vt 0.375000 0.746174
vt 0.385566 0.750439
vt 0.371528 0.753472
vt 0.450000 0.746174
vt 0.450000 0.750000
vt 0.450000 0.756944
vt 0.631944 0.746173
vt 0.628472 0.753472
vt 0.615412 0.749461
vt 0.625000 0.746174
vt 0.550000 0.756944
vt 0.550000 0.750000
vt 0.550000 0.746173
vt 0.368056 0.503826
vt 0.371528 0.496528
vt 0.384588 0.500539
vt 0.375000 0.503826
vt 0.450000 0.493056
vt 0.450000 0.500000
vt 0.450000 0.503826
vt 0.631945 0.503827
vt 0.625000 0.503826
vt 0.614434 0.499561
vt 0.628472 0.496528
vt 0.550000 0.503826
vt 0.550000 0.500000
vt 0.550000 0.493056
s 0
usemtl Cream_Cabinets
f 1865/2579/1697 1868/2580/1697 1869/2581/1697 1871/2582/1697
f 1866/2583/1698 1870/2584/1698 1869/2585/1698 1868/2586/1698
f 1867/2587/1699 1871/2588/1699 1869/2589/1699 1870/2590/1699
f 1872/2591/1700 1875/2592/1700 1876/2593/1700 1878/2594/1700
f 1873/2595/1701 1877/2596/1701 1876/2597/1701 1875/2598/1701
f 1874/2599/1702 1878/2600/1702 1876/2601/1702 1877/2602/1702
f 1879/2603/1703 1882/2604/1703 1883/2605/1703 1885/2606/1703
f 1880/2607/1704 1884/2608/1704 1883/2609/1704 1882/2610/1704
f 1881/2611/1705 1885/2612/1705 1883/2609/1705 1884/2608/1705
f 1886/2613/1706 1889/2614/1706 1890/2615/1706 1892/2616/1706
f 1887/2617/1707 1891/2618/1707 1890/2619/1707 1889/2620/1707
f 1888/2621/1708 1892/2622/1708 1890/2619/1708 1891/2618/1708
f 1893/2623/1709 1896/2624/1709 1897/2625/1709 1899/2626/1709
f 1894/2627/1710 1898/2628/1710 1897/2625/1710 1896/2624/1710
f 1895/2629/1711 1899/2626/1711 1897/2625/1711 1898/2628/1711
f 1900/2630/1712 1903/2631/1712 1904/2632/1712 1906/2633/1712
f 1901/2634/1713 1905/2635/1713 1904/2632/1713 1903/2631/1713
f 1902/2636/1714 1906/2633/1714 1904/2632/1714 1905/2635/1714
f 1907/2637/1715 1910/2638/1715 1911/2639/1715 1913/2640/1715
f 1908/2641/1716 1912/2642/1716 1911/2639/1716 1910/2638/1716
f 1909/2643/1717 1913/2640/1717 1911/2639/1717 1912/2642/1717
f 1914/2644/1718 1917/2645/1718 1918/2646/1718 1920/2647/1718
f 1915/2648/1719 1919/2649/1719 1918/2646/1719 1917/2645/1719
f 1916/2650/1720 1920/2647/1720 1918/2646/1720 1919/2649/1720
f 1879/2603/1721 1865/2579/1721 1871/2582/1721 1882/2604/1721
f 1882/2610/1722 1871/2588/1722 1867/2587/1722 1880/2607/1722
f 1866/2583/1723 1872/2591/1723 1878/2594/1723 1870/2584/1723
f 1870/2590/1724 1878/2600/1724 1874/2599/1724 1867/2587/1724
f 1873/2595/1725 1886/2613/1725 1892/2616/1725 1877/2596/1725
f 1877/2602/1726 1892/2622/1726 1888/2621/1726 1874/2599/1726
f 1887/2617/1727 1881/2611/1727 1884/2608/1727 1891/2618/1727
f 1891/2618/1728 1884/2608/1728 1880/2607/1728 1888/2621/1728
f 1907/2637/1729 1879/2603/1729 1885/2606/1729 1910/2638/1729
f 1910/2638/1730 1885/2612/1730 1881/2611/1730 1908/2641/1730
f 1886/2613/1731 1914/2644/1731 1920/2647/1731 1889/2614/1731
f 1889/2620/1732 1920/2647/1732 1916/2650/1732 1887/2617/1732
f 1915/2648/1733 1909/2643/1733 1912/2642/1733 1919/2649/1733
f 1919/2649/1734 1912/2642/1734 1908/2641/1734 1916/2650/1734
f 1893/2623/1735 1907/2637/1735 1913/2640/1735 1896/2624/1735
f 1896/2624/1736 1913/2640/1736 1909/2643/1736 1894/2627/1736
f 1914/2644/1737 1900/2630/1737 1906/2633/1737 1917/2645/1737
f 1917/2645/1738 1906/2633/1738 1902/2636/1738 1915/2648/1738
f 1901/2634/1739 1895/2629/1739 1898/2628/1739 1905/2635/1739
f 1905/2635/1740 1898/2628/1740 1894/2627/1740 1902/2636/1740
f 1865/2579/1741 1893/2623/1741 1899/2626/1741 1868/2580/1741
f 1868/2586/1742 1899/2626/1742 1895/2629/1742 1866/2583/1742
f 1900/2630/1743 1873/2595/1743 1875/2598/1743 1903/2631/1743
f 1903/2631/1744 1875/2592/1744 1872/2591/1744 1901/2634/1744
f 1879/2603/1745 1907/2637/1745 1893/2623/1745 1865/2579/1745
f 1867/2587/1746 1874/2599/1746 1888/2621/1746 1880/2607/1746
f 1895/2629/1747 1901/2634/1747 1872/2591/1747 1866/2583/1747
f 1914/2644/1748 1886/2613/1748 1873/2595/1748 1900/2630/1748
f 1881/2611/1749 1887/2617/1749 1916/2650/1749 1908/2641/1749
f 1909/2643/1750 1915/2648/1750 1902/2636/1750 1894/2627/1750
o Shelf_1_1_1.4
v 1.035000 1.375000 -1.425000
v 1.035000 1.390000 -1.410000
v 1.020000 1.390000 -1.425000
v 1.035000 1.379393 -1.414393
v 1.026340 1.381340 -1.416340
v 1.024393 1.390000 -1.414393
v 1.024393 1.379393 -1.425000
v 1.035000 1.410000 -1.410000
v 1.035000 1.425000 -1.425000
v 1.020000 1.410000 -1.425000
v 1.035000 1.420607 -1.414393
v 1.026340 1.418660 -1.416340
v 1.024393 1.420607 -1.425000
v 1.024393 1.410000 -1.414393
v 1.035000 1.375000 -2.375000
v 1.020000 1.390000 -2.375000
v 1.035000 1.390000 -2.390000
v 1.024393 1.379393 -2.375000
v 1.026340 1.381340 -2.383660
v 1.024393 1.390000 -2.385607
v 1.035000 1.379393 -2.385607
v 1.035000 1.425000 -2.375000
v 1.035000 1.410000 -2.390000
v 1.020000 1.410000 -2.375000
v 1.035000 1.420607 -2.385607
v 1.026340 1.418660 -2.383660
v 1.024393 1.410000 -2.385607
v 1.024393 1.420607 -2.375000
v 1.545000 1.375000 -1.425000
v 1.560000 1.390000 -1.425000
v 1.545000 1.390000 -1.410000
v 1.555607 1.379393 -1.425000
v 1.553660 1.381340 -1.416340
v 1.555607 1.390000 -1.414393
v 1.545000 1.379393 -1.414393
v 1.545000 1.425000 -1.425000
v 1.545000 1.410000 -1.410000
v 1.560000 1.410000 -1.425000
v 1.545000 1.420607 -1.414393
v 1.553660 1.418660 -1.416340
v 1.555607 1.410000 -1.414393
v 1.555607 1.420607 -1.425000
v 1.545000 1.375000 -2.375000
v 1.545000 1.390000 -2.390000
v 1.560000 1.390000 -2.375000
v 1.545000 1.379393 -2.385607
v 1.553660 1.381340 -2.383660
v 1.555607 1.390000 -2.385607
v 1.555607 1.379393 -2.375000
v 1.545000 1.425000 -2.375000
v 1.560000 1.410000 -2.375000
v 1.545000 1.410000 -2.390000
v 1.555607 1.420607 -2.375000
v 1.553660 1.418660 -2.383660
v 1.555607 1.410000 -2.385607
v 1.545000 1.420607 -2.385607
vn -0.3251 -0.8881 0.3251
vn -0.3251 -0.3251 0.8881
vn -0.8881 -0.3251 0.3251
vn -0.3251 0.3251 0.8881
vn -0.3251 0.8881 0.3251
vn -0.8881 0.3251 0.3251
vn -0.3251 -0.8881 -0.3251
vn -0.8881 -0.3251 -0.3251
vn -0.3251 -0.3251 -0.8881
vn -0.3251 0.8881 -0.3251
vn -0.3251 0.3251 -0.8881
vn -0.8881 0.3251 -0.3251
vn 0.3251 -0.8881 0.3251
vn 0.8881 -0.3251 0.3251
vn 0.3251 -0.3251 0.8881
vn 0.3251 0.8881 0.3251
vn 0.3251 0.3251 0.8881
vn 0.8881 0.3251 0.3251
vn 0.3251 -0.8881 -0.3251
vn 0.3251 -0.3251 -0.8881
vn 0.8881 -0.3251 -0.3251
vn 0.3251 0.8881 -0.3251
vn 0.8881 0.3251 -0.3251
vn 0.3251 0.3251 -0.8881
vn -0.3827 -0.9239 -0.0000
vn -0.9239 -0.3827 -0.0000
vn -0.3827 -0.0000 0.9239
vn -0.9239 -0.0000 0.3827
vn -0.3827 0.9239 -0.0000
vn -0.9239 0.3827 -0.0000
vn -0.3827 -0.0000 -0.9239
vn -0.9239 -0.0000 -0.3827
vn -0.0000 -0.9239 -0.3827
vn -0.0000 -0.3827 -0.9239
vn -0.0000 0.9239 -0.3827
vn -0.0000 0.3827 -0.9239
vn 0.9239 -0.0000 -0.3827
vn 0.3827 -0.0000 -0.9239
vn 0.3827 -0.9239 -0.0000
vn 0.9239 -0.3827 -0.0000
vn 0.3827 0.9239 -0.0000
vn 0.9239 0.3827 -0.0000
vn 0.3827 -0.0000 0.9239
vn 0.9239 -0.0000 0.3827
vn -0.0000 -0.9239 0.3827
vn -0.0000 -0.3827 0.9239
vn -0.0000 0.9239 0.3827
vn -0.0000 0.3827 0.9239
vn -0.0000 -1.0000 -0.0000
vn -1.0000 -0.0000 -0.0000
vn -0.0000 -0.0000 1.0000
vn -0.0000 1.0000 -0.0000
vn -0.0000 -0.0000 -1.0000
vn 1.0000 -0.0000 -0.0000
vt 0.131944 0.746173
vt 0.131944 0.750000
vt 0.127935 0.750000
vt 0.125000 0.746173
vt 0.450000 0.993056
vt 0.450000 1.000000
vt 0.406699 1.000000
vt 0.375000 0.993056
vt 0.450000 0.003827
vt 0.375000 0.003827
vt 0.375000 0.001617
vt 0.450000 0.000000
vt 0.550000 0.993056
vt 0.625000 0.993056
vt 0.625000 0.997065
vt 0.550000 1.000000
vt 0.868056 0.746173
vt 0.875000 0.746173
vt 0.875000 0.748383
vt 0.868056 0.750000
vt 0.550000 0.003827
vt 0.550000 0.000000
vt 0.593301 0.000000
vt 0.625000 0.003827
vt 0.131944 0.503827
vt 0.125000 0.503826
vt 0.125000 0.501617
vt 0.131944 0.500000
vt 0.450000 0.246173
vt 0.450000 0.250000
vt 0.390849 0.251468
vt 0.375000 0.246173
vt 0.450000 0.256944
vt 0.375000 0.256944
vt 0.868056 0.503827
vt 0.868056 0.500000
vt 0.872065 0.500000
vt 0.875000 0.503826
vt 0.550000 0.256944
vt 0.550000 0.250000
vt 0.609151 0.249191
vt 0.625000 0.256944
vt 0.550000 0.246173
vt 0.625000 0.246173
vt 0.368056 0.746174
vt 0.375000 0.746174
vt 0.385566 0.750439
vt 0.371528 0.753472
vt 0.450000 0.746174
vt 0.450000 0.750000
vt 0.450000 0.756944
vt 0.631944 0.746173
vt 0.628472 0.753472
vt 0.615412 0.749461
vt 0.625000 0.746174
vt 0.550000 0.756944
vt 0.550000 0.750000
vt 0.550000 0.746173
vt 0.368056 0.503826
vt 0.371528 0.496528
vt 0.384588 0.500539
vt 0.375000 0.503826
vt 0.450000 0.493056
vt 0.450000 0.500000
vt 0.450000 0.503826
vt 0.631945 0.503827
vt 0.625000 0.503826
vt 0.614434 0.499561
vt 0.628472 0.496528
vt 0.550000 0.503826
vt 0.550000 0.500000
vt 0.550000 0.493056
s 0
usemtl Cream_Cabinets
f 1921/2651/1751 1924/2652/1751 1925/2653/1751 1927/2654/1751
f 1922/2655/1752 1926/2656/1752 1925/2657/1752 1924/2658/1752
f 1923/2659/1753 1927/2660/1753 1925/2661/1753 1926/2662/1753
f 1928/2663/1754 1931/2664/1754 1932/2665/1754 1934/2666/1754
f 1929/2667/1755 1933/2668/1755 1932/2669/1755 1931/2670/1755
f 1930/2671/1756 1934/2672/1756 1932/2673/1756 1933/2674/1756
f 1935/2675/1757 1938/2676/1757 1939/2677/1757 1941/2678/1757
f 1936/2679/1758 1940/2680/1758 1939/2681/1758 1938/2682/1758
f 1937/2683/1759 1941/2684/1759 1939/2681/1759 1940/2680/1759
f 1942/2685/1760 1945/2686/1760 1946/2687/1760 1948/2688/1760
f 1943/2689/1761 1947/2690/1761 1946/2691/1761 1945/2692/1761
f 1944/2693/1762 1948/2694/1762 1946/2691/1762 1947/2690/1762
f 1949/2695/1763 1952/2696/1763 1953/2697/1763 1955/2698/1763
f 1950/2699/1764 1954/2700/1764 1953/2697/1764 1952/2696/1764
f 1951/2701/1765 1955/2698/1765 1953/2697/1765 1954/2700/1765
f 1956/2702/1766 1959/2703/1766 1960/2704/1766 1962/2705/1766
f 1957/2706/1767 1961/2707/1767 1960/2704/1767 1959/2703/1767
f 1958/2708/1768 1962/2705/1768 1960/2704/1768 1961/2707/1768
f 1963/2709/1769 1966/2710/1769 1967/2711/1769 1969/2712/1769
f 1964/2713/1770 1968/2714/1770 1967/2711/1770 1966/2710/1770
f 1965/2715/1771 1969/2712/1771 1967/2711/1771 1968/2714/1771
f 1970/2716/1772 1973/2717/1772 1974/2718/1772 1976/2719/1772
f 1971/2720/1773 1975/2721/1773 1974/2718/1773 1973/2717/1773
f 1972/2722/1774 1976/2719/1774 1974/2718/1774 1975/2721/1774
f 1935/2675/1775 1921/2651/1775 1927/2654/1775 1938/2676/1775
f 1938/2682/1776 1927/2660/1776 1923/2659/1776 1936/2679/1776
f 1922/2655/1777 1928/2663/1777 1934/2666/1777 1926/2656/1777
f 1926/2662/1778 1934/2672/1778 1930/2671/1778 1923/2659/1778
f 1929/2667/1779 1942/2685/1779 1948/2688/1779 1933/2668/1779
f 1933/2674/1780 1948/2694/1780 1944/2693/1780 1930/2671/1780
f 1943/2689/1781 1937/2683/1781 1940/2680/1781 1947/2690/1781
f 1947/2690/1782 1940/2680/1782 1936/2679/1782 1944/2693/1782
f 1963/2709/1783 1935/2675/1783 1941/2678/1783 1966/2710/1783
f 1966/2710/1784 1941/2684/1784 1937/2683/1784 1964/2713/1784
f 1942/2685/1785 1970/2716/1785 1976/2719/1785 1945/2686/1785
f 1945/2692/1786 1976/2719/1786 1972/2722/1786 1943/2689/1786
f 1971/2720/1787 1965/2715/1787 1968/2714/1787 1975/2721/1787
f 1975/2721/1788 1968/2714/1788 1964/2713/1788 1972/2722/1788
f 1949/2695/1789 1963/2709/1789 1969/2712/1789 1952/2696/1789
f 1952/2696/1790 1969/2712/1790 1965/2715/1790 1950/2699/1790
f 1970/2716/1791 1956/2702/1791 1962/2705/1791 1973/2717/1791
f 1973/2717/1792 1962/2705/1792 1958/2708/1792 1971/2720/1792
f 1957/2706/1793 1951/2701/1793 1954/2700/1793 1961/2707/1793
f 1961/2707/1794 1954/2700/1794 1950/2699/1794 1958/2708/1794
f 1921/2651/1795 1949/2695/1795 1955/2698/1795 1924/2652/1795
f 1924/2658/1796 1955/2698/1796 1951/2701/1796 1922/2655/1796
f 1956/2702/1797 1929/2667/1797 1931/2670/1797 1959/2703/1797
f 1959/2703/1798 1931/2664/1798 1928/2663/1798 1957/2706/1798
f 1935/2675/1799 1963/2709/1799 1949/2695/1799 1921/2651/1799
f 1923/2659/1800 1930/2671/1800 1944/2693/1800 1936/2679/1800
f 1951/2701/1801 1957/2706/1801 1928/2663/1801 1922/2655/1801
f 1970/2716/1802 1942/2685/1802 1929/2667/1802 1956/2702/1802
f 1937/2683/1803 1943/2689/1803 1972/2722/1803 1964/2713/1803
f 1965/2715/1804 1971/2720/1804 1958/2708/1804 1950/2699/1804
o Shelf_1_1_2.0
v 1.035000 1.975000 -1.425000
v 1.035000 1.990000 -1.410000
v 1.020000 1.990000 -1.425000
v 1.035000 1.979393 -1.414393
v 1.026340 1.981340 -1.416340
v 1.024393 1.990000 -1.414393
v 1.024393 1.979393 -1.425000
v 1.035000 2.010000 -1.410000
v 1.035000 2.025000 -1.425000
v 1.020000 2.010000 -1.425000
v 1.035000 2.020607 -1.414393
v 1.026340 2.018660 -1.416340
v 1.024393 2.020607 -1.425000
v 1.024393 2.010000 -1.414393
v 1.035000 1.975000 -2.375000
v 1.020000 1.990000 -2.375000
v 1.035000 1.990000 -2.390000
v 1.024393 1.979393 -2.375000
v 1.026340 1.981340 -2.383660
v 1.024393 1.990000 -2.385607
v 1.035000 1.979393 -2.385607
v 1.035000 2.025000 -2.375000
v 1.035000 2.010000 -2.390000
v 1.020000 2.010000 -2.375000
v 1.035000 2.020607 -2.385607
v 1.026340 2.018660 -2.383660
v 1.024393 2.010000 -2.385607
v 1.024393 2.020607 -2.375000
v 1.545000 1.975000 -1.425000
v 1.560000 1.990000 -1.425000
v 1.545000 1.990000 -1.410000
v 1.555607 1.979393 -1.425000
v 1.553660 1.981340 -1.416340
v 1.555607 1.990000 -1.414393
v 1.545000 1.979393 -1.414393
v 1.545000 2.025000 -1.425000
v 1.545000 2.010000 -1.410000
v 1.560000 2.010000 -1.425000
v 1.545000 2.020607 -1.414393
v 1.553660 2.018660 -1.416340
v 1.555607 2.010000 -1.414393
v 1.555607 2.020607 -1.425000
v 1.545000 1.975000 -2.375000
v 1.545000 1.990000 -2.390000
v 1.560000 1.990000 -2.375000
v 1.545000 1.979393 -2.385607
v 1.553660 1.981340 -2.383660
v 1.555607 1.990000 -2.385607
v 1.555607 1.979393 -2.375000
v 1.545000 2.025000 -2.375000
v 1.560000 2.010000 -2.375000
v 1.545000 2.010000 -2.390000
v 1.555607 2.020607 -2.375000
v 1.553660 2.018660 -2.383660
v 1.555607 2.010000 -2.385607
v 1.545000 2.020607 -2.385607
vn -0.3251 -0.8881 0.3251
vn -0.3251 -0.3251 0.8881
vn -0.8881 -0.3251 0.3251
vn -0.3251 0.3251 0.8881
vn -0.3251 0.8881 0.3251
vn -0.8881 0.3251 0.3251
vn -0.3251 -0.8881 -0.3251
vn -0.8881 -0.3251 -0.3251
vn -0.3251 -0.3251 -0.8881
vn -0.3251 0.8881 -0.3251
vn -0.3251 0.3251 -0.8881
vn -0.8881 0.3251 -0.3251
vn 0.3251 -0.8881 0.3251
vn 0.8881 -0.3251 0.3251
vn 0.3251 -0.3251 0.8881
vn 0.3251 0.8881 0.3251
vn 0.3251 0.3251 0.8881
vn 0.8881 0.3251 0.3251
vn 0.3251 -0.8881 -0.3251
vn 0.3251 -0.3251 -0.8881
vn 0.8881 -0.3251 -0.3251
vn 0.3251 0.8881 -0.3251
vn 0.8881 0.3251 -0.3251
vn 0.3251 0.3251 -0.8881
vn -0.3827 -0.9239 -0.0000
vn -0.9239 -0.3827 -0.0000
vn -0.3827 -0.0000 0.9239
vn -0.9239 -0.0000 0.3827
vn -0.3827 0.9239 -0.0000
vn -0.9239 0.3827 -0.0000
vn -0.3827 -0.0000 -0.9239
vn -0.9239 -0.0000 -0.3827
vn -0.0000 -0.9239 -0.3827
vn -0.0000 -0.3827 -0.9239
vn -0.0000 0.9239 -0.3827
vn -0.0000 0.3827 -0.9239
vn 0.9239 -0.0000 -0.3827
vn 0.3827 -0.0000 -0.9239
vn 0.3827 -0.9239 -0.0000
vn 0.9239 -0.3827 -0.0000
vn 0.3827 0.9239 -0.0000
vn 0.9239 0.3827 -0.0000
vn 0.3827 -0.0000 0.9239
vn 0.9239 -0.0000 0.3827
vn -0.0000 -0.9239 0.3827
vn -0.0000 -0.3827 0.9239
vn -0.0000 0.9239 0.3827
vn -0.0000 0.3827 0.9239
vn -0.0000 -1.0000 -0.0000
vn -1.0000 -0.0000 -0.0000
vn -0.0000 -0.0000 1.0000
vn -0.0000 1.0000 -0.0000
vn -0.0000 -0.0000 -1.0000
vn 1.0000 -0.0000 -0.0000
vt 0.131944 0.746173
vt 0.131944 0.750000
vt 0.127935 0.750000
vt 0.125000 0.746173
vt 0.450000 0.993056
vt 0.450000 1.000000
vt 0.406699 1.000000
vt 0.375000 0.993056
vt 0.450000 0.003827
vt 0.375000 0.003827
vt 0.375000 0.001617
vt 0.450000 0.000000
vt 0.550000 0.993056
vt 0.625000 0.993056
vt 0.625000 0.997065
vt 0.550000 1.000000
vt 0.868056 0.746173
vt 0.875000 0.746173
vt 0.875000 0.748383
vt 0.868056 0.750000
vt 0.550000 0.003827
vt 0.550000 0.000000
vt 0.593301 0.000000
vt 0.625000 0.003827
vt 0.131944 0.503827
vt 0.125000 0.503826
vt 0.125000 0.501617
vt 0.131944 0.500000
vt 0.450000 0.246173
vt 0.450000 0.250000
vt 0.390849 0.251468
vt 0.375000 0.246173
vt 0.450000 0.256944
vt 0.375000 0.256944
vt 0.868056 0.503827
vt 0.868056 0.500000
vt 0.872065 0.500000
vt 0.875000 0.503826
vt 0.550000 0.256944
vt 0.550000 0.250000
vt 0.609151 0.249191
vt 0.625000 0.256944
vt 0.550000 0.246173
vt 0.625000 0.246173
vt 0.368056 0.746174
vt 0.375000 0.746174
vt 0.385566 0.750439
vt 0.371528 0.753472
vt 0.450000 0.746174
vt 0.450000 0.750000
vt 0.450000 0.756944
vt 0.631944 0.746173
vt 0.628472 0.753472
vt 0.615412 0.749461
vt 0.625000 0.746174
vt 0.550000 0.756944
vt 0.550000 0.750000
vt 0.550000 0.746173
vt 0.368056 0.503826
vt 0.371528 0.496528
vt 0.384588 0.500539
vt 0.375000 0.503826
vt 0.450000 0.493056
vt 0.450000 0.500000
vt 0.450000 0.503826
vt 0.631945 0.503827
vt 0.625000 0.503826
vt 0.614434 0.499561
vt 0.628472 0.496528
vt 0.550000 0.503826
vt 0.550000 0.500000
vt 0.550000 0.493056
s 0
usemtl Cream_Cabinets
f 1977/2723/1805 1980/2724/1805 1981/2725/1805 1983/2726/1805
f 1978/2727/1806 1982/2728/1806 1981/2729/1806 1980/2730/1806
f 1979/2731/1807 1983/2732/1807 1981/2733/1807 1982/2734/1807
f 1984/2735/1808 1987/2736/1808 1988/2737/1808 1990/2738/1808
f 1985/2739/1809 1989/2740/1809 1988/2741/1809 1987/2742/1809
f 1986/2743/1810 1990/2744/1810 1988/2745/1810 1989/2746/1810
f 1991/2747/1811 1994/2748/1811 1995/2749/1811 1997/2750/1811
f 1992/2751/1812 1996/2752/1812 1995/2753/1812 1994/2754/1812
f 1993/2755/1813 1997/2756/1813 1995/2753/1813 1996/2752/1813
f 1998/2757/1814 2001/2758/1814 2002/2759/1814 2004/2760/1814
f 1999/2761/1815 2003/2762/1815 2002/2763/1815 2001/2764/1815
f 2000/2765/1816 2004/2766/1816 2002/2763/1816 2003/2762/1816
f 2005/2767/1817 2008/2768/1817 2009/2769/1817 2011/2770/1817
f 2006/2771/1818 2010/2772/1818 2009/2769/1818 2008/2768/1818
f 2007/2773/1819 2011/2770/1819 2009/2769/1819 2010/2772/1819
f 2012/2774/1820 2015/2775/1820 2016/2776/1820 2018/2777/1820
f 2013/2778/1821 2017/2779/1821 2016/2776/1821 2015/2775/1821
f 2014/2780/1822 2018/2777/1822 2016/2776/1822 2017/2779/1822
f 2019/2781/1823 2022/2782/1823 2023/2783/1823 2025/2784/1823
f 2020/2785/1824 2024/2786/1824 2023/2783/1824 2022/2782/1824
f 2021/2787/1825 2025/2784/1825 2023/2783/1825 2024/2786/1825
f 2026/2788/1826 2029/2789/1826 2030/2790/1826 2032/2791/1826
f 2027/2792/1827 2031/2793/1827 2030/2790/1827 2029/2789/1827
f 2028/2794/1828 2032/2791/1828 2030/2790/1828 2031/2793/1828
f 1991/2747/1829 1977/2723/1829 1983/2726/1829 1994/2748/1829
f 1994/2754/1830 1983/2732/1830 1979/2731/1830 1992/2751/1830
f 1978/2727/1831 1984/2735/1831 1990/2738/1831 1982/2728/1831
f 1982/2734/1832 1990/2744/1832 1986/2743/1832 1979/2731/1832
f 1985/2739/1833 1998/2757/1833 2004/2760/1833 1989/2740/1833
f 1989/2746/1834 2004/2766/1834 2000/2765/1834 1986/2743/1834
f 1999/2761/1835 1993/2755/1835 1996/2752/1835 2003/2762/1835
f 2003/2762/1836 1996/2752/1836 1992/2751/1836 2000/2765/1836
f 2019/2781/1837 1991/2747/1837 1997/2750/1837 2022/2782/1837
f 2022/2782/1838 1997/2756/1838 1993/2755/1838 2020/2785/1838
f 1998/2757/1839 2026/2788/1839 2032/2791/1839 2001/2758/1839
f 2001/2764/1840 2032/2791/1840 2028/2794/1840 1999/2761/1840
f 2027/2792/1841 2021/2787/1841 2024/2786/1841 2031/2793/1841
f 2031/2793/1842 2024/2786/1842 2020/2785/1842 2028/2794/1842
f 2005/2767/1843 2019/2781/1843 2025/2784/1843 2008/2768/1843
f 2008/2768/1844 2025/2784/1844 2021/2787/1844 2006/2771/1844
f 2026/2788/1845 2012/2774/1845 2018/2777/1845 2029/2789/1845
f 2029/2789/1846 2018/2777/1846 2014/2780/1846 2027/2792/1846
f 2013/2778/1847 2007/2773/1847 2010/2772/1847 2017/2779/1847
f 2017/2779/1848 2010/2772/1848 2006/2771/1848 2014/2780/1848
f 1977/2723/1849 2005/2767/1849 2011/2770/1849 1980/2724/1849
f 1980/2730/1850 2011/2770/1850 2007/2773/1850 1978/2727/1850
f 2012/2774/1851 1985/2739/1851 1987/2742/1851 2015/2775/1851
f 2015/2775/1852 1987/2736/1852 1984/2735/1852 2013/2778/1852
f 1991/2747/1853 2019/2781/1853 2005/2767/1853 1977/2723/1853
f 1979/2731/1854 1986/2743/1854 2000/2765/1854 1992/2751/1854
f 2007/2773/1855 2013/2778/1855 1984/2735/1855 1978/2727/1855
f 2026/2788/1856 1998/2757/1856 1985/2739/1856 2012/2774/1856
f 1993/2755/1857 1999/2761/1857 2028/2794/1857 2020/2785/1857
f 2021/2787/1858 2027/2792/1858 2014/2780/1858 2006/2771/1858
o Hanging_Rod_1_1
v 1.290000 1.742000 -2.330000
v 1.290000 1.742000 -1.470000
v 1.295694 1.741250 -2.330000
v 1.295694 1.741250 -1.470000
v 1.301000 1.739053 -2.330000
v 1.301000 1.739053 -1.470000
v 1.305556 1.735556 -2.330000
v 1.305556 1.735556 -1.470000
v 1.309052 1.731000 -2.330000
v 1.309052 1.731000 -1.470000
v 1.311250 1.725694 -2.330000
v 1.311250 1.725694 -1.470000
v 1.312000 1.720000 -2.330000
v 1.312000 1.720000 -1.470000
v 1.311250 1.714306 -2.330000
v 1.311250 1.714306 -1.470000
v 1.309052 1.709000 -2.330000
v 1.309052 1.709000 -1.470000
v 1.305556 1.704444 -2.330000
v 1.305556 1.704444 -1.470000
v 1.301000 1.700948 -2.330000
v 1.301000 1.700947 -1.470000
v 1.295694 1.698750 -2.330000
v 1.295694 1.698750 -1.470000
v 1.290000 1.698000 -2.330000
v 1.290000 1.698000 -1.470000
v 1.284306 1.698750 -2.330000
v 1.284306 1.698750 -1.470000
v 1.279000 1.700948 -2.330000
v 1.279000 1.700947 -1.470000
v 1.274444 1.704444 -2.330000
v 1.274444 1.704444 -1.470000
v 1.270947 1.709000 -2.330000
v 1.270947 1.709000 -1.470000
v 1.268750 1.714306 -2.330000
v 1.268750 1.714306 -1.470000
v 1.268000 1.720000 -2.330000
v 1.268000 1.720000 -1.470000
v 1.268750 1.725694 -2.330000
v 1.268750 1.725694 -1.470000
v 1.270947 1.731000 -2.330000
v 1.270947 1.731000 -1.470000
v 1.274444 1.735556 -2.330000
v 1.274444 1.735556 -1.470000
v 1.279000 1.739053 -2.330000
v 1.279000 1.739053 -1.470000
v 1.284306 1.741250 -2.330000
v 1.284306 1.741250 -1.470000
vn 0.1305 0.9914 -0.0000
vn 0.3827 0.9239 -0.0000
vn 0.6088 0.7934 -0.0000
vn 0.7934 0.6088 -0.0000
vn 0.9239 0.3827 -0.0000
vn 0.9914 0.1305 -0.0000
vn 0.9914 -0.1305 -0.0000
vn 0.9239 -0.3827 -0.0000
vn 0.7934 -0.6088 -0.0000
vn 0.6088 -0.7934 -0.0000
vn 0.3827 -0.9239 -0.0000
vn 0.1305 -0.9914 -0.0000
vn -0.1305 -0.9914 -0.0000
vn -0.3827 -0.9239 -0.0000
vn -0.6088 -0.7934 -0.0000
vn -0.7934 -0.6088 -0.0000
vn -0.9239 -0.3827 -0.0000
vn -0.9914 -0.1305 -0.0000
vn -0.9914 0.1305 -0.0000
vn -0.9239 0.3827 -0.0000
vn -0.7934 0.6088 -0.0000
vn -0.6088 0.7934 -0.0000
vn -0.0000 -0.0000 1.0000
vn -0.3827 0.9239 -0.0000
vn -0.1305 0.9914 -0.0000
vn -0.0000 -0.0000 -1.0000
vt 1.000000 0.500000
vt 1.000000 1.000000
vt 0.958333 1.000000
vt 0.958333 0.500000
vt 0.916667 1.000000
vt 0.916667 0.500000
vt 0.875000 1.000000
vt 0.875000 0.500000
vt 0.833333 1.000000
vt 0.833333 0.500000
vt 0.791667 1.000000
vt 0.791667 0.500000
vt 0.750000 1.000000
vt 0.750000 0.500000
vt 0.708333 1.000000
vt 0.708333 0.500000
vt 0.666667 1.000000
vt 0.666667 0.500000
vt 0.625000 1.000000
vt 0.625000 0.500000
vt 0.583333 1.000000
vt 0.583333 0.500000
vt 0.541666 1.000000
vt 0.541666 0.500000
vt 0.500000 1.000000
vt 0.500000 0.500000
vt 0.458333 1.000000
vt 0.458333 0.500000
vt 0.416666 1.000000
vt 0.416666 0.500000
vt 0.375000 1.000000
vt 0.375000 0.500000
vt 0.333333 1.000000
vt 0.333333 0.500000
vt 0.291667 1.000000
vt 0.291667 0.500000
vt 0.250000 1.000000
vt 0.250000 0.500000
vt 0.208333 1.000000
vt 0.208333 0.500000
vt 0.166666 1.000000
vt 0.166666 0.500000
vt 0.125000 1.000000
vt 0.125000 0.500000
vt 0.083333 1.000000
vt 0.083333 0.500000
vt 0.312117 0.481822
vt 0.250000 0.490000
vt 0.187883 0.481822
vt 0.130000 0.457846
vt 0.080294 0.419706
vt 0.042154 0.370000
vt 0.018178 0.312117
vt 0.010000 0.250000
vt 0.018178 0.187883
vt 0.042154 0.130000
vt 0.080294 0.080294
vt 0.130000 0.042154
vt 0.187883 0.018178
vt 0.250000 0.010000
vt 0.312117 0.018178
vt 0.370000 0.042154
vt 0.419706 0.080294
vt 0.457846 0.130000
vt 0.481822 0.187883
vt 0.490000 0.250000
vt 0.481822 0.312117
vt 0.457846 0.370000
vt 0.419706 0.419706
vt 0.370000 0.457846
vt 0.041666 1.000000
vt 0.041666 0.500000
vt -0.000000 1.000000
vt -0.000000 0.500000
vt 0.750000 0.490000
vt 0.812117 0.481822
vt 0.870000 0.457846
vt 0.919706 0.419706
vt 0.957846 0.370000
vt 0.981822 0.312117
vt 0.990000 0.250000
vt 0.981822 0.187883
vt 0.957846 0.130000
vt 0.919706 0.080294
vt 0.870000 0.042154
vt 0.812117 0.018178
vt 0.750000 0.010000
vt 0.687883 0.018178
vt 0.630000 0.042154
vt 0.580294 0.080294
vt 0.542154 0.130000
vt 0.518178 0.187883
vt 0.510000 0.250000
vt 0.518178 0.312117
vt 0.542154 0.370000
vt 0.580294 0.419706
vt 0.630000 0.457846
vt 0.687883 0.481822
s 0
usemtl Radiator_Metal
f 2033/2795/1859 2034/2796/1859 2036/2797/1859 2035/2798/1859
f 2035/2798/1860 2036/2797/1860 2038/2799/1860 2037/2800/1860
f 2037/2800/1861 2038/2799/1861 2040/2801/1861 2039/2802/1861
f 2039/2802/1862 2040/2801/1862 2042/2803/1862 2041/2804/1862
f 2041/2804/1863 2042/2803/1863 2044/2805/1863 2043/2806/1863
f 2043/2806/1864 2044/2805/1864 2046/2807/1864 2045/2808/1864
f 2045/2808/1865 2046/2807/1865 2048/2809/1865 2047/2810/1865
f 2047/2810/1866 2048/2809/1866 2050/2811/1866 2049/2812/1866
f 2049/2812/1867 2050/2811/1867 2052/2813/1867 2051/2814/1867
f 2051/2814/1868 2052/2813/1868 2054/2815/1868 2053/2816/1868
f 2053/2816/1869 2054/2815/1869 2056/2817/1869 2055/2818/1869
f 2055/2818/1870 2056/2817/1870 2058/2819/1870 2057/2820/1870
f 2057/2820/1871 2058/2819/1871 2060/2821/1871 2059/2822/1871
f 2059/2822/1872 2060/2821/1872 2062/2823/1872 2061/2824/1872
f 2061/2824/1873 2062/2823/1873 2064/2825/1873 2063/2826/1873
f 2063/2826/1874 2064/2825/1874 2066/2827/1874 2065/2828/1874
f 2065/2828/1875 2066/2827/1875 2068/2829/1875 2067/2830/1875
f 2067/2830/1876 2068/2829/1876 2070/2831/1876 2069/2832/1876
f 2069/2832/1877 2070/2831/1877 2072/2833/1877 2071/2834/1877
f 2071/2834/1878 2072/2833/1878 2074/2835/1878 2073/2836/1878
f 2073/2836/1879 2074/2835/1879 2076/2837/1879 2075/2838/1879
f 2075/2838/1880 2076/2837/1880 2078/2839/1880 2077/2840/1880
f 2036/2841/1881 2034/2842/1881 2080/2843/1881 2078/2844/1881 2076/2845/1881 2074/2846/1881 2072/2847/1881 2070/2848/1881 2068/2849/1881 2066/2850/1881 2064/2851/1881 2062/2852/1881 2060/2853/1881 2058/2854/1881 2056/2855/1881 2054/2856/1881 2052/2857/1881 2050/2858/1881 2048/2859/1881 2046/2860/1881 2044/2861/1881 2042/2862/1881 2040/2863/1881 2038/2864/1881
f 2077/2840/1882 2078/2839/1882 2080/2865/1882 2079/2866/1882
f 2079/2866/1883 2080/2865/1883 2034/2867/1883 2033/2868/1883
f 2033/2869/1884 2035/2870/1884 2037/2871/1884 2039/2872/1884 2041/2873/1884 2043/2874/1884 2045/2875/1884 2047/2876/1884 2049/2877/1884 2051/2878/1884 2053/2879/1884 2055/2880/1884 2057/2881/1884 2059/2882/1884 2061/2883/1884 2063/2884/1884 2065/2885/1884 2067/2886/1884 2069/2887/1884 2071/2888/1884 2073/2889/1884 2075/2890/1884 2077/2891/1884 2079/2892/1884
o Shelf_1_2_Bottom
v 1.035000 0.120000 -2.575000
v 1.035000 0.135000 -2.560000
v 1.020000 0.135000 -2.575000
v 1.035000 0.124393 -2.564393
v 1.026340 0.126340 -2.566340
v 1.024393 0.135000 -2.564393
v 1.024393 0.124393 -2.575000
v 1.035000 0.165000 -2.560000
v 1.035000 0.180000 -2.575000
v 1.020000 0.165000 -2.575000
v 1.035000 0.175607 -2.564393
v 1.026340 0.173660 -2.566340
v 1.024393 0.175607 -2.575000
v 1.024393 0.165000 -2.564393
v 1.035000 0.120000 -3.525000
v 1.020000 0.135000 -3.525000
v 1.035000 0.135000 -3.540000
v 1.024393 0.124393 -3.525000
v 1.026340 0.126340 -3.533660
v 1.024393 0.135000 -3.535607
v 1.035000 0.124393 -3.535607
v 1.035000 0.180000 -3.525000
v 1.035000 0.165000 -3.540000
v 1.020000 0.165000 -3.525000
v 1.035000 0.175607 -3.535607
v 1.026340 0.173660 -3.533660
v 1.024393 0.165000 -3.535607
v 1.024393 0.175607 -3.525000
v 1.545000 0.120000 -2.575000
v 1.560000 0.135000 -2.575000
v 1.545000 0.135000 -2.560000
v 1.555607 0.124393 -2.575000
v 1.553660 0.126340 -2.566340
v 1.555607 0.135000 -2.564393
v 1.545000 0.124393 -2.564393
v 1.545000 0.180000 -2.575000
v 1.545000 0.165000 -2.560000
v 1.560000 0.165000 -2.575000
v 1.545000 0.175607 -2.564393
v 1.553660 0.173660 -2.566340
v 1.555607 0.165000 -2.564393
v 1.555607 0.175607 -2.575000
v 1.545000 0.120000 -3.525000
v 1.545000 0.135000 -3.540000
v 1.560000 0.135000 -3.525000
v 1.545000 0.124393 -3.535607
v 1.553660 0.126340 -3.533660
v 1.555607 0.135000 -3.535607
v 1.555607 0.124393 -3.525000
v 1.545000 0.180000 -3.525000
v 1.560000 0.165000 -3.525000
v 1.545000 0.165000 -3.540000
v 1.555607 0.175607 -3.525000
v 1.553660 0.173660 -3.533660
v 1.555607 0.165000 -3.535607
v 1.545000 0.175607 -3.535607
vn -0.3251 -0.8881 0.3251
vn -0.3251 -0.3251 0.8881
vn -0.8881 -0.3251 0.3251
vn -0.3251 0.3251 0.8881
vn -0.3251 0.8881 0.3251
vn -0.8881 0.3251 0.3251
vn -0.3251 -0.8881 -0.3251
vn -0.8881 -0.3251 -0.3251
vn -0.3251 -0.3251 -0.8881
vn -0.3251 0.8881 -0.3251
vn -0.3251 0.3251 -0.8881
vn -0.8881 0.3251 -0.3251
vn 0.3251 -0.8881 0.3251
vn 0.8881 -0.3251 0.3251
vn 0.3251 -0.3251 0.8881
vn 0.3251 0.8881 0.3251
vn 0.3251 0.3251 0.8881
vn 0.8881 0.3251 0.3251
vn 0.3251 -0.8881 -0.3251
vn 0.3251 -0.3251 -0.8881
vn 0.8881 -0.3251 -0.3251
vn 0.3251 0.8881 -0.3251
vn 0.8881 0.3251 -0.3251
vn 0.3251 0.3251 -0.8881
vn -0.3827 -0.9239 -0.0000
vn -0.9239 -0.3827 -0.0000
vn -0.3827 -0.0000 0.9239
vn -0.9239 -0.0000 0.3827
vn -0.3827 0.9239 -0.0000
vn -0.9239 0.3827 -0.0000
vn -0.3827 -0.0000 -0.9239
vn -0.9239 -0.0000 -0.3827
vn -0.0000 -0.9239 -0.3827
vn -0.0000 -0.3827 -0.9239
vn -0.0000 0.9239 -0.3827
vn -0.0000 0.3827 -0.9239
vn 0.9239 -0.0000 -0.3827
vn 0.3827 -0.0000 -0.9239
vn 0.3827 -0.9239 -0.0000
vn 0.9239 -0.3827 -0.0000
vn 0.3827 0.9239 -0.0000
vn 0.9239 0.3827 -0.0000
vn 0.3827 -0.0000 0.9239
vn 0.9239 -0.0000 0.3827
vn -0.0000 -0.9239 0.3827
vn -0.0000 -0.3827 0.9239
vn -0.0000 0.9239 0.3827
vn -0.0000 0.3827 0.9239
vn -0.0000 -1.0000 -0.0000
vn -1.0000 -0.0000 -0.0000
vn -0.0000 -0.0000 1.0000
vn -0.0000 1.0000 -0.0000
vn -0.0000 -0.0000 -1.0000
vn 1.0000 -0.0000 -0.0000
vt 0.131944 0.746173
vt 0.131944 0.750000
vt 0.127935 0.750000
vt 0.125000 0.746173
vt 0.437500 0.993056
vt 0.437500 1.000000
vt 0.401416 1.000000
vt 0.375000 0.993056
vt 0.437500 0.003827
vt 0.375000 0.003827
vt 0.375000 0.001617
vt 0.437500 0.000000
vt 0.562500 0.993056
vt 0.625000 0.993056
vt 0.625000 0.997065
vt 0.562500 1.000000
vt 0.868056 0.746173
vt 0.875000 0.746173
vt 0.875000 0.748383
vt 0.868056 0.750000
vt 0.562500 0.003827
vt 0.562500 0.000000
vt 0.598584 0.000000
vt 0.625000 0.003827
vt 0.131944 0.503827
vt 0.125000 0.503826
vt 0.125000 0.501617
vt 0.131944 0.500000
vt 0.437500 0.246173
vt 0.437500 0.250000
vt 0.388208 0.251468
vt 0.375000 0.246173
vt 0.437500 0.256944
vt 0.375000 0.256944
vt 0.868056 0.503827
vt 0.868056 0.500000
vt 0.872065 0.500000
vt 0.875000 0.503826
vt 0.562500 0.256944
vt 0.562500 0.250000
vt 0.611792 0.249191
vt 0.625000 0.256944
vt 0.562500 0.246173
vt 0.625000 0.246173
vt 0.368056 0.746174
vt 0.375000 0.746173
vt 0.383805 0.750439
vt 0.371528 0.753472
vt 0.437500 0.746174
vt 0.437500 0.750000
vt 0.437500 0.756944
vt 0.631944 0.746173
vt 0.628472 0.753472
vt 0.617173 0.749461
vt 0.625000 0.746173
vt 0.562500 0.756944
vt 0.562500 0.750000
vt 0.562500 0.746174
vt 0.368056 0.503826
vt 0.371528 0.496528
vt 0.382827 0.500539
vt 0.375000 0.503826
vt 0.437500 0.493056
vt 0.437500 0.500000
vt 0.437500 0.503827
vt 0.631945 0.503827
vt 0.625000 0.503826
vt 0.616195 0.499561
vt 0.628472 0.496528
vt 0.562500 0.503827
vt 0.562500 0.500000
vt 0.562500 0.493056
s 0
usemtl Cream_Cabinets
f 2081/2893/1885 2084/2894/1885 2085/2895/1885 2087/2896/1885
f 2082/2897/1886 2086/2898/1886 2085/2899/1886 2084/2900/1886
f 2083/2901/1887 2087/2902/1887 2085/2903/1887 2086/2904/1887
f 2088/2905/1888 2091/2906/1888 2092/2907/1888 2094/2908/1888
f 2089/2909/1889 2093/2910/1889 2092/2911/1889 2091/2912/1889
f 2090/2913/1890 2094/2914/1890 2092/2915/1890 2093/2916/1890
f 2095/2917/1891 2098/2918/1891 2099/2919/1891 2101/2920/1891
f 2096/2921/1892 2100/2922/1892 2099/2923/1892 2098/2924/1892
f 2097/2925/1893 2101/2926/1893 2099/2923/1893 2100/2922/1893
f 2102/2927/1894 2105/2928/1894 2106/2929/1894 2108/2930/1894
f 2103/2931/1895 2107/2932/1895 2106/2933/1895 2105/2934/1895
f 2104/2935/1896 2108/2936/1896 2106/2933/1896 2107/2932/1896
f 2109/2937/1897 2112/2938/1897 2113/2939/1897 2115/2940/1897
f 2110/2941/1898 2114/2942/1898 2113/2939/1898 2112/2938/1898
f 2111/2943/1899 2115/2940/1899 2113/2939/1899 2114/2942/1899
f 2116/2944/1900 2119/2945/1900 2120/2946/1900 2122/2947/1900
f 2117/2948/1901 2121/2949/1901 2120/2946/1901 2119/2945/1901
f 2118/2950/1902 2122/2947/1902 2120/2946/1902 2121/2949/1902
f 2123/2951/1903 2126/2952/1903 2127/2953/1903 2129/2954/1903
f 2124/2955/1904 2128/2956/1904 2127/2953/1904 2126/2952/1904
f 2125/2957/1905 2129/2954/1905 2127/2953/1905 2128/2956/1905
f 2130/2958/1906 2133/2959/1906 2134/2960/1906 2136/2961/1906
f 2131/2962/1907 2135/2963/1907 2134/2960/1907 2133/2959/1907
f 2132/2964/1908 2136/2961/1908 2134/2960/1908 2135/2963/1908
f 2095/2917/1909 2081/2893/1909 2087/2896/1909 2098/2918/1909
f 2098/2924/1910 2087/2902/1910 2083/2901/1910 2096/2921/1910
f 2082/2897/1911 2088/2905/1911 2094/2908/1911 2086/2898/1911
f 2086/2904/1912 2094/2914/1912 2090/2913/1912 2083/2901/1912
f 2089/2909/1913 2102/2927/1913 2108/2930/1913 2093/2910/1913
f 2093/2916/1914 2108/2936/1914 2104/2935/1914 2090/2913/1914
f 2103/2931/1915 2097/2925/1915 2100/2922/1915 2107/2932/1915
f 2107/2932/1916 2100/2922/1916 2096/2921/1916 2104/2935/1916
f 2123/2951/1917 2095/2917/1917 2101/2920/1917 2126/2952/1917
f 2126/2952/1918 2101/2926/1918 2097/2925/1918 2124/2955/1918
f 2102/2927/1919 2130/2958/1919 2136/2961/1919 2105/2928/1919
f 2105/2934/1920 2136/2961/1920 2132/2964/1920 2103/2931/1920
f 2131/2962/1921 2125/2957/1921 2128/2956/1921 2135/2963/1921
f 2135/2963/1922 2128/2956/1922 2124/2955/1922 2132/2964/1922
f 2109/2937/1923 2123/2951/1923 2129/2954/1923 2112/2938/1923
f 2112/2938/1924 2129/2954/1924 2125/2957/1924 2110/2941/1924
f 2130/2958/1925 2116/2944/1925 2122/2947/1925 2133/2959/1925
f 2133/2959/1926 2122/2947/1926 2118/2950/1926 2131/2962/1926
f 2117/2948/1927 2111/2943/1927 2114/2942/1927 2121/2949/1927
f 2121/2949/1928 2114/2942/1928 2110/2941/1928 2118/2950/1928
f 2081/2893/1929 2109/2937/1929 2115/2940/1929 2084/2894/1929
f 2084/2900/1930 2115/2940/1930 2111/2943/1930 2082/2897/1930
f 2116/2944/1931 2089/2909/1931 2091/2912/1931 2119/2945/1931
f 2119/2945/1932 2091/2906/1932 2088/2905/1932 2117/2948/1932
f 2095/2917/1933 2123/2951/1933 2109/2937/1933 2081/2893/1933
f 2083/2901/1934 2090/2913/1934 2104/2935/1934 2096/2921/1934
f 2111/2943/1935 2117/2948/1935 2088/2905/1935 2082/2897/1935
f 2130/2958/1936 2102/2927/1936 2089/2909/1936 2116/2944/1936
f 2097/2925/1937 2103/2931/1937 2132/2964/1937 2124/2955/1937
f 2125/2957/1938 2131/2962/1938 2118/2950/1938 2110/2941/1938
o Shelf_1_2_0.8
v 1.035000 0.775000 -2.575000
v 1.035000 0.790000 -2.560000
v 1.020000 0.790000 -2.575000
v 1.035000 0.779393 -2.564393
v 1.026340 0.781340 -2.566340
v 1.024393 0.790000 -2.564393
v 1.024393 0.779393 -2.575000
v 1.035000 0.810000 -2.560000
v 1.035000 0.825000 -2.575000
v 1.020000 0.810000 -2.575000
v 1.035000 0.820607 -2.564393
v 1.026340 0.818660 -2.566340
v 1.024393 0.820607 -2.575000
v 1.024393 0.810000 -2.564393
v 1.035000 0.775000 -3.525000
v 1.020000 0.790000 -3.525000
v 1.035000 0.790000 -3.540000
v 1.024393 0.779393 -3.525000
v 1.026340 0.781340 -3.533660
v 1.024393 0.790000 -3.535607
v 1.035000 0.779393 -3.535607
v 1.035000 0.825000 -3.525000
v 1.035000 0.810000 -3.540000
v 1.020000 0.810000 -3.525000
v 1.035000 0.820607 -3.535607
v 1.026340 0.818660 -3.533660
v 1.024393 0.810000 -3.535607
v 1.024393 0.820607 -3.525000
v 1.545000 0.775000 -2.575000
v 1.560000 0.790000 -2.575000
v 1.545000 0.790000 -2.560000
v 1.555607 0.779393 -2.575000
v 1.553660 0.781340 -2.566340
v 1.555607 0.790000 -2.564393
v 1.545000 0.779393 -2.564393
v 1.545000 0.825000 -2.575000
v 1.545000 0.810000 -2.560000
v 1.560000 0.810000 -2.575000
v 1.545000 0.820607 -2.564393
v 1.553660 0.818660 -2.566340
v 1.555607 0.810000 -2.564393
v 1.555607 0.820607 -2.575000
v 1.545000 0.775000 -3.525000
v 1.545000 0.790000 -3.540000
v 1.560000 0.790000 -3.525000
v 1.545000 0.779393 -3.535607
v 1.553660 0.781340 -3.533660
v 1.555607 0.790000 -3.535607
v 1.555607 0.779393 -3.525000
v 1.545000 0.825000 -3.525000
v 1.560000 0.810000 -3.525000
v 1.545000 0.810000 -3.540000
v 1.555607 0.820607 -3.525000
v 1.553660 0.818660 -3.533660
v 1.555607 0.810000 -3.535607
v 1.545000 0.820607 -3.535607
vn -0.3251 -0.8881 0.3251
vn -0.3251 -0.3251 0.8881
vn -0.8881 -0.3251 0.3251
vn -0.3251 0.3251 0.8881
vn -0.3251 0.8881 0.3251
vn -0.8881 0.3251 0.3251
vn -0.3251 -0.8881 -0.3251
vn -0.8881 -0.3251 -0.3251
vn -0.3251 -0.3251 -0.8881
vn -0.3251 0.8881 -0.3251
vn -0.3251 0.3251 -0.8881
vn -0.8881 0.3251 -0.3251
vn 0.3251 -0.8881 0.3251
vn 0.8881 -0.3251 0.3251
vn 0.3251 -0.3251 0.8881
vn 0.3251 0.8881 0.3251
vn 0.3251 0.3251 0.8881
vn 0.8881 0.3251 0.3251
vn 0.3251 -0.8881 -0.3251
vn 0.3251 -0.3251 -0.8881
vn 0.8881 -0.3251 -0.3251
vn 0.3251 0.8881 -0.3251
vn 0.8881 0.3251 -0.3251
vn 0.3251 0.3251 -0.8881
vn -0.3827 -0.9239 -0.0000
vn -0.9239 -0.3827 -0.0000
vn -0.3827 -0.0000 0.9239
vn -0.9239 -0.0000 0.3827
vn -0.3827 0.9239 -0.0000
vn -0.9239 0.3827 -0.0000
vn -0.3827 -0.0000 -0.9239
vn -0.9239 -0.0000 -0.3827
vn -0.0000 -0.9239 -0.3827
vn -0.0000 -0.3827 -0.9239
vn -0.0000 0.9239 -0.3827
vn -0.0000 0.3827 -0.9239
vn 0.9239 -0.0000 -0.3827
vn 0.3827 -0.0000 -0.9239
vn 0.3827 -0.9239 -0.0000
vn 0.9239 -0.3827 -0.0000
vn 0.3827 0.9239 -0.0000
vn 0.9239 0.3827 -0.0000
vn 0.3827 -0.0000 0.9239
vn 0.9239 -0.0000 0.3827
vn -0.0000 -0.9239 0.3827
vn -0.0000 -0.3827 0.9239
vn -0.0000 0.9239 0.3827
vn -0.0000 0.3827 0.9239
vn -0.0000 -1.0000 -0.0000
vn -1.0000 -0.0000 -0.0000
vn -0.0000 -0.0000 1.0000
vn -0.0000 1.0000 -0.0000
vn -0.0000 -0.0000 -1.0000
vn 1.0000 -0.0000 -0.0000
vt 0.131944 0.746173
vt 0.131944 0.750000
vt 0.127935 0.750000
vt 0.125000 0.746173
vt 0.450000 0.993056
vt 0.450000 1.000000
vt 0.406699 1.000000
vt 0.375000 0.993056
vt 0.450000 0.003827
vt 0.375000 0.003827
vt 0.375000 0.001617
vt 0.450000 0.000000
vt 0.550000 0.993056
vt 0.625000 0.993056
vt 0.625000 0.997065
vt 0.550000 1.000000
vt 0.868056 0.746173
vt 0.875000 0.746173
vt 0.875000 0.748383
vt 0.868056 0.750000
vt 0.550000 0.003827
vt 0.550000 0.000000
vt 0.593301 0.000000
vt 0.625000 0.003827
vt 0.131944 0.503827
vt 0.125000 0.503826
vt 0.125000 0.501617
vt 0.131944 0.500000
vt 0.450000 0.246173
vt 0.450000 0.250000
vt 0.390849 0.251468
vt 0.375000 0.246173
vt 0.450000 0.256944
vt 0.375000 0.256944
vt 0.868056 0.503827
vt 0.868056 0.500000
vt 0.872065 0.500000
vt 0.875000 0.503826
vt 0.550000 0.256944
vt 0.550000 0.250000
vt 0.609151 0.249191
vt 0.625000 0.256944
vt 0.550000 0.246173
vt 0.625000 0.246173
vt 0.368056 0.746174
vt 0.375000 0.746174
vt 0.385566 0.750439
vt 0.371528 0.753472
vt 0.450000 0.746174
vt 0.450000 0.750000
vt 0.450000 0.756944
vt 0.631944 0.746173
vt 0.628472 0.753472
vt 0.615412 0.749461
vt 0.625000 0.746174
vt 0.550000 0.756944
vt 0.550000 0.750000
vt 0.550000 0.746173
vt 0.368056 0.503826
vt 0.371528 0.496528
vt 0.384588 0.500539
vt 0.375000 0.503826
vt 0.450000 0.493056
vt 0.450000 0.500000
vt 0.450000 0.503826
vt 0.631945 0.503827
vt 0.625000 0.503826
vt 0.614434 0.499561
vt 0.628472 0.496528
vt 0.550000 0.503826
vt 0.550000 0.500000
vt 0.550000 0.493056
s 0
usemtl Cream_Cabinets
f 2137/2965/1939 2140/2966/1939 2141/2967/1939 2143/2968/1939
f 2138/2969/1940 2142/2970/1940 2141/2971/1940 2140/2972/1940
f 2139/2973/1941 2143/2974/1941 2141/2975/1941 2142/2976/1941
f 2144/2977/1942 2147/2978/1942 2148/2979/1942 2150/2980/1942
f 2145/2981/1943 2149/2982/1943 2148/2983/1943 2147/2984/1943
f 2146/2985/1944 2150/2986/1944 2148/2987/1944 2149/2988/1944
f 2151/2989/1945 2154/2990/1945 2155/2991/1945 2157/2992/1945
f 2152/2993/1946 2156/2994/1946 2155/2995/1946 2154/2996/1946
f 2153/2997/1947 2157/2998/1947 2155/2995/1947 2156/2994/1947
f 2158/2999/1948 2161/3000/1948 2162/3001/1948 2164/3002/1948
f 2159/3003/1949 2163/3004/1949 2162/3005/1949 2161/3006/1949
f 2160/3007/1950 2164/3008/1950 2162/3005/1950 2163/3004/1950
f 2165/3009/1951 2168/3010/1951 2169/3011/1951 2171/3012/1951
f 2166/3013/1952 2170/3014/1952 2169/3011/1952 2168/3010/1952
f 2167/3015/1953 2171/3012/1953 2169/3011/1953 2170/3014/1953
f 2172/3016/1954 2175/3017/1954 2176/3018/1954 2178/3019/1954
f 2173/3020/1955 2177/3021/1955 2176/3018/1955 2175/3017/1955
f 2174/3022/1956 2178/3019/1956 2176/3018/1956 2177/3021/1956
f 2179/3023/1957 2182/3024/1957 2183/3025/1957 2185/3026/1957
f 2180/3027/1958 2184/3028/1958 2183/3025/1958 2182/3024/1958
f 2181/3029/1959 2185/3026/1959 2183/3025/1959 2184/3028/1959
f 2186/3030/1960 2189/3031/1960 2190/3032/1960 2192/3033/1960
f 2187/3034/1961 2191/3035/1961 2190/3032/1961 2189/3031/1961
f 2188/3036/1962 2192/3033/1962 2190/3032/1962 2191/3035/1962
f 2151/2989/1963 2137/2965/1963 2143/2968/1963 2154/2990/1963
f 2154/2996/1964 2143/2974/1964 2139/2973/1964 2152/2993/1964
f 2138/2969/1965 2144/2977/1965 2150/2980/1965 2142/2970/1965
f 2142/2976/1966 2150/2986/1966 2146/2985/1966 2139/2973/1966
f 2145/2981/1967 2158/2999/1967 2164/3002/1967 2149/2982/1967
f 2149/2988/1968 2164/3008/1968 2160/3007/1968 2146/2985/1968
f 2159/3003/1969 2153/2997/1969 2156/2994/1969 2163/3004/1969
f 2163/3004/1970 2156/2994/1970 2152/2993/1970 2160/3007/1970
f 2179/3023/1971 2151/2989/1971 2157/2992/1971 2182/3024/1971
f 2182/3024/1972 2157/2998/1972 2153/2997/1972 2180/3027/1972
f 2158/2999/1973 2186/3030/1973 2192/3033/1973 2161/3000/1973
f 2161/3006/1974 2192/3033/1974 2188/3036/1974 2159/3003/1974
f 2187/3034/1975 2181/3029/1975 2184/3028/1975 2191/3035/1975
f 2191/3035/1976 2184/3028/1976 2180/3027/1976 2188/3036/1976
f 2165/3009/1977 2179/3023/1977 2185/3026/1977 2168/3010/1977
f 2168/3010/1978 2185/3026/1978 2181/3029/1978 2166/3013/1978
f 2186/3030/1979 2172/3016/1979 2178/3019/1979 2189/3031/1979
f 2189/3031/1980 2178/3019/1980 2174/3022/1980 2187/3034/1980
f 2173/3020/1981 2167/3015/1981 2170/3014/1981 2177/3021/1981
f 2177/3021/1982 2170/3014/1982 2166/3013/1982 2174/3022/1982
f 2137/2965/1983 2165/3009/1983 2171/3012/1983 2140/2966/1983
f 2140/2972/1984 2171/3012/1984 2167/3015/1984 2138/2969/1984
f 2172/3016/1985 2145/2981/1985 2147/2984/1985 2175/3017/1985
f 2175/3017/1986 2147/2978/1986 2144/2977/1986 2173/3020/1986
f 2151/2989/1987 2179/3023/1987 2165/3009/1987 2137/2965/1987
f 2139/2973/1988 2146/2985/1988 2160/3007/1988 2152/2993/1988
f 2167/3015/1989 2173/3020/1989 2144/2977/1989 2138/2969/1989
f 2186/3030/1990 2158/2999/1990 2145/2981/1990 2172/3016/1990
f 2153/2997/1991 2159/3003/1991 2188/3036/1991 2180/3027/1991
f 2181/3029/1992 2187/3034/1992 2174/3022/1992 2166/3013/1992
o Shelf_1_2_1.4
v 1.035000 1.375000 -2.575000
v 1.035000 1.390000 -2.560000
v 1.020000 1.390000 -2.575000
v 1.035000 1.379393 -2.564393
v 1.026340 1.381340 -2.566340
v 1.024393 1.390000 -2.564393
v 1.024393 1.379393 -2.575000
v 1.035000 1.410000 -2.560000
v 1.035000 1.425000 -2.575000
v 1.020000 1.410000 -2.575000
v 1.035000 1.420607 -2.564393
v 1.026340 1.418660 -2.566340
v 1.024393 1.420607 -2.575000
v 1.024393 1.410000 -2.564393
v 1.035000 1.375000 -3.525000
v 1.020000 1.390000 -3.525000
v 1.035000 1.390000 -3.540000
v 1.024393 1.379393 -3.525000
v 1.026340 1.381340 -3.533660
v 1.024393 1.390000 -3.535607
v 1.035000 1.379393 -3.535607
v 1.035000 1.425000 -3.525000
v 1.035000 1.410000 -3.540000
v 1.020000 1.410000 -3.525000
v 1.035000 1.420607 -3.535607
v 1.026340 1.418660 -3.533660
v 1.024393 1.410000 -3.535607
v 1.024393 1.420607 -3.525000
v 1.545000 1.375000 -2.575000
v 1.560000 1.390000 -2.575000
v 1.545000 1.390000 -2.560000
v 1.555607 1.379393 -2.575000
v 1.553660 1.381340 -2.566340
v 1.555607 1.390000 -2.564393
v 1.545000 1.379393 -2.564393
v 1.545000 1.425000 -2.575000
v 1.545000 1.410000 -2.560000
v 1.560000 1.410000 -2.575000
v 1.545000 1.420607 -2.564393
v 1.553660 1.418660 -2.566340
v 1.555607 1.410000 -2.564393
v 1.555607 1.420607 -2.575000
v 1.545000 1.375000 -3.525000
v 1.545000 1.390000 -3.540000
v 1.560000 1.390000 -3.525000
v 1.545000 1.379393 -3.535607
v 1.553660 1.381340 -3.533660
v 1.555607 1.390000 -3.535607
v 1.555607 1.379393 -3.525000
v 1.545000 1.425000 -3.525000
v 1.560000 1.410000 -3.525000
v 1.545000 1.410000 -3.540000
v 1.555607 1.420607 -3.525000
v 1.553660 1.418660 -3.533660
v 1.555607 1.410000 -3.535607
v 1.545000 1.420607 -3.535607
vn -0.3251 -0.8881 0.3251
vn -0.3251 -0.3251 0.8881
vn -0.8881 -0.3251 0.3251
vn -0.3251 0.3251 0.8881
vn -0.3251 0.8881 0.3251
vn -0.8881 0.3251 0.3251
vn -0.3251 -0.8881 -0.3251
vn -0.8881 -0.3251 -0.3251
vn -0.3251 -0.3251 -0.8881
vn -0.3251 0.8881 -0.3251
vn -0.3251 0.3251 -0.8881
vn -0.8881 0.3251 -0.3251
vn 0.3251 -0.8881 0.3251
vn 0.8881 -0.3251 0.3251
vn 0.3251 -0.3251 0.8881
vn 0.3251 0.8881 0.3251
vn 0.3251 0.3251 0.8881
vn 0.8881 0.3251 0.3251
vn 0.3251 -0.8881 -0.3251
vn 0.3251 -0.3251 -0.8881
vn 0.8881 -0.3251 -0.3251
vn 0.3251 0.8881 -0.3251
vn 0.8881 0.3251 -0.3251
vn 0.3251 0.3251 -0.8881
vn -0.3827 -0.9239 -0.0000
vn -0.9239 -0.3827 -0.0000
vn -0.3827 -0.0000 0.9239
vn -0.9239 -0.0000 0.3827
vn -0.3827 0.9239 -0.0000
vn -0.9239 0.3827 -0.0000
vn -0.3827 -0.0000 -0.9239
vn -0.9239 -0.0000 -0.3827
vn -0.0000 -0.9239 -0.3827
vn -0.0000 -0.3827 -0.9239
vn -0.0000 0.9239 -0.3827
vn -0.0000 0.3827 -0.9239
vn 0.9239 -0.0000 -0.3827
vn 0.3827 -0.0000 -0.9239
vn 0.3827 -0.9239 -0.0000
vn 0.9239 -0.3827 -0.0000
vn 0.3827 0.9239 -0.0000
vn 0.9239 0.3827 -0.0000
vn 0.3827 -0.0000 0.9239
vn 0.9239 -0.0000 0.3827
vn -0.0000 -0.9239 0.3827
vn -0.0000 -0.3827 0.9239
vn -0.0000 0.9239 0.3827
vn -0.0000 0.3827 0.9239
vn -0.0000 -1.0000 -0.0000
vn -1.0000 -0.0000 -0.0000
vn -0.0000 -0.0000 1.0000
vn -0.0000 1.0000 -0.0000
vn -0.0000 -0.0000 -1.0000
vn 1.0000 -0.0000 -0.0000
vt 0.131944 0.746173
vt 0.131944 0.750000
vt 0.127935 0.750000
vt 0.125000 0.746173
vt 0.450000 0.993056
vt 0.450000 1.000000
vt 0.406699 1.000000
vt 0.375000 0.993056
vt 0.450000 0.003827
vt 0.375000 0.003827
vt 0.375000 0.001617
vt 0.450000 0.000000
vt 0.550000 0.993056
vt 0.625000 0.993056
vt 0.625000 0.997065
vt 0.550000 1.000000
vt 0.868056 0.746173
vt 0.875000 0.746173
vt 0.875000 0.748383
vt 0.868056 0.750000
vt 0.550000 0.003827
vt 0.550000 0.000000
vt 0.593301 0.000000
vt 0.625000 0.003827
vt 0.131944 0.503827
vt 0.125000 0.503826
vt 0.125000 0.501617
vt 0.131944 0.500000
vt 0.450000 0.246173
vt 0.450000 0.250000
vt 0.390849 0.251468
vt 0.375000 0.246173
vt 0.450000 0.256944
vt 0.375000 0.256944
vt 0.868056 0.503827
vt 0.868056 0.500000
vt 0.872065 0.500000
vt 0.875000 0.503826
vt 0.550000 0.256944
vt 0.550000 0.250000
vt 0.609151 0.249191
vt 0.625000 0.256944
vt 0.550000 0.246173
vt 0.625000 0.246173
vt 0.368056 0.746174
vt 0.375000 0.746174
vt 0.385566 0.750439
vt 0.371528 0.753472
vt 0.450000 0.746174
vt 0.450000 0.750000
vt 0.450000 0.756944
vt 0.631944 0.746173
vt 0.628472 0.753472
vt 0.615412 0.749461
vt 0.625000 0.746174
vt 0.550000 0.756944
vt 0.550000 0.750000
vt 0.550000 0.746173
vt 0.368056 0.503826
vt 0.371528 0.496528
vt 0.384588 0.500539
vt 0.375000 0.503826
vt 0.450000 0.493056
vt 0.450000 0.500000
vt 0.450000 0.503826
vt 0.631945 0.503827
vt 0.625000 0.503826
vt 0.614434 0.499561
vt 0.628472 0.496528
vt 0.550000 0.503826
vt 0.550000 0.500000
vt 0.550000 0.493056
s 0
usemtl Cream_Cabinets
f 2193/3037/1993 2196/3038/1993 2197/3039/1993 2199/3040/1993
f 2194/3041/1994 2198/3042/1994 2197/3043/1994 2196/3044/1994
f 2195/3045/1995 2199/3046/1995 2197/3047/1995 2198/3048/1995
f 2200/3049/1996 2203/3050/1996 2204/3051/1996 2206/3052/1996
f 2201/3053/1997 2205/3054/1997 2204/3055/1997 2203/3056/1997
f 2202/3057/1998 2206/3058/1998 2204/3059/1998 2205/3060/1998
f 2207/3061/1999 2210/3062/1999 2211/3063/1999 2213/3064/1999
f 2208/3065/2000 2212/3066/2000 2211/3067/2000 2210/3068/2000
f 2209/3069/2001 2213/3070/2001 2211/3067/2001 2212/3066/2001
f 2214/3071/2002 2217/3072/2002 2218/3073/2002 2220/3074/2002
f 2215/3075/2003 2219/3076/2003 2218/3077/2003 2217/3078/2003
f 2216/3079/2004 2220/3080/2004 2218/3077/2004 2219/3076/2004
f 2221/3081/2005 2224/3082/2005 2225/3083/2005 2227/3084/2005
f 2222/3085/2006 2226/3086/2006 2225/3083/2006 2224/3082/2006
f 2223/3087/2007 2227/3084/2007 2225/3083/2007 2226/3086/2007
f 2228/3088/2008 2231/3089/2008 2232/3090/2008 2234/3091/2008
f 2229/3092/2009 2233/3093/2009 2232/3090/2009 2231/3089/2009
f 2230/3094/2010 2234/3091/2010 2232/3090/2010 2233/3093/2010
f 2235/3095/2011 2238/3096/2011 2239/3097/2011 2241/3098/2011
f 2236/3099/2012 2240/3100/2012 2239/3097/2012 2238/3096/2012
f 2237/3101/2013 2241/3098/2013 2239/3097/2013 2240/3100/2013
f 2242/3102/2014 2245/3103/2014 2246/3104/2014 2248/3105/2014
f 2243/3106/2015 2247/3107/2015 2246/3104/2015 2245/3103/2015
f 2244/3108/2016 2248/3105/2016 2246/3104/2016 2247/3107/2016
f 2207/3061/2017 2193/3037/2017 2199/3040/2017 2210/3062/2017
f 2210/3068/2018 2199/3046/2018 2195/3045/2018 2208/3065/2018
f 2194/3041/2019 2200/3049/2019 2206/3052/2019 2198/3042/2019
f 2198/3048/2020 2206/3058/2020 2202/3057/2020 2195/3045/2020
f 2201/3053/2021 2214/3071/2021 2220/3074/2021 2205/3054/2021
f 2205/3060/2022 2220/3080/2022 2216/3079/2022 2202/3057/2022
f 2215/3075/2023 2209/3069/2023 2212/3066/2023 2219/3076/2023
f 2219/3076/2024 2212/3066/2024 2208/3065/2024 2216/3079/2024
f 2235/3095/2025 2207/3061/2025 2213/3064/2025 2238/3096/2025
f 2238/3096/2026 2213/3070/2026 2209/3069/2026 2236/3099/2026
f 2214/3071/2027 2242/3102/2027 2248/3105/2027 2217/3072/2027
f 2217/3078/2028 2248/3105/2028 2244/3108/2028 2215/3075/2028
f 2243/3106/2029 2237/3101/2029 2240/3100/2029 2247/3107/2029
f 2247/3107/2030 2240/3100/2030 2236/3099/2030 2244/3108/2030
f 2221/3081/2031 2235/3095/2031 2241/3098/2031 2224/3082/2031
f 2224/3082/2032 2241/3098/2032 2237/3101/2032 2222/3085/2032
f 2242/3102/2033 2228/3088/2033 2234/3091/2033 2245/3103/2033
f 2245/3103/2034 2234/3091/2034 2230/3094/2034 2243/3106/2034
f 2229/3092/2035 2223/3087/2035 2226/3086/2035 2233/3093/2035
f 2233/3093/2036 2226/3086/2036 2222/3085/2036 2230/3094/2036
f 2193/3037/2037 2221/3081/2037 2227/3084/2037 2196/3038/2037
f 2196/3044/2038 2227/3084/2038 2223/3087/2038 2194/3041/2038
f 2228/3088/2039 2201/3053/2039 2203/3056/2039 2231/3089/2039
f 2231/3089/2040 2203/3050/2040 2200/3049/2040 2229/3092/2040
f 2207/3061/2041 2235/3095/2041 2221/3081/2041 2193/3037/2041
f 2195/3045/2042 2202/3057/2042 2216/3079/2042 2208/3065/2042
f 2223/3087/2043 2229/3092/2043 2200/3049/2043 2194/3041/2043
f 2242/3102/2044 2214/3071/2044 2201/3053/2044 2228/3088/2044
f 2209/3069/2045 2215/3075/2045 2244/3108/2045 2236/3099/2045
f 2237/3101/2046 2243/3106/2046 2230/3094/2046 2222/3085/2046
o Shelf_1_2_2.0
v 1.035000 1.975000 -2.575000
v 1.035000 1.990000 -2.560000
v 1.020000 1.990000 -2.575000
v 1.035000 1.979393 -2.564393
v 1.026340 1.981340 -2.566340
v 1.024393 1.990000 -2.564393
v 1.024393 1.979393 -2.575000
v 1.035000 2.010000 -2.560000
v 1.035000 2.025000 -2.575000
v 1.020000 2.010000 -2.575000
v 1.035000 2.020607 -2.564393
v 1.026340 2.018660 -2.566340
v 1.024393 2.020607 -2.575000
v 1.024393 2.010000 -2.564393
v 1.035000 1.975000 -3.525000
v 1.020000 1.990000 -3.525000
v 1.035000 1.990000 -3.540000
v 1.024393 1.979393 -3.525000
v 1.026340 1.981340 -3.533660
v 1.024393 1.990000 -3.535607
v 1.035000 1.979393 -3.535607
v 1.035000 2.025000 -3.525000
v 1.035000 2.010000 -3.540000
v 1.020000 2.010000 -3.525000
v 1.035000 2.020607 -3.535607
v 1.026340 2.018660 -3.533660
v 1.024393 2.010000 -3.535607
v 1.024393 2.020607 -3.525000
v 1.545000 1.975000 -2.575000
v 1.560000 1.990000 -2.575000
v 1.545000 1.990000 -2.560000
v 1.555607 1.979393 -2.575000
v 1.553660 1.981340 -2.566340
v 1.555607 1.990000 -2.564393
v 1.545000 1.979393 -2.564393
v 1.545000 2.025000 -2.575000
v 1.545000 2.010000 -2.560000
v 1.560000 2.010000 -2.575000
v 1.545000 2.020607 -2.564393
v 1.553660 2.018660 -2.566340
v 1.555607 2.010000 -2.564393
v 1.555607 2.020607 -2.575000
v 1.545000 1.975000 -3.525000
v 1.545000 1.990000 -3.540000
v 1.560000 1.990000 -3.525000
v 1.545000 1.979393 -3.535607
v 1.553660 1.981340 -3.533660
v 1.555607 1.990000 -3.535607
v 1.555607 1.979393 -3.525000
v 1.545000 2.025000 -3.525000
v 1.560000 2.010000 -3.525000
v 1.545000 2.010000 -3.540000
v 1.555607 2.020607 -3.525000
v 1.553660 2.018660 -3.533660
v 1.555607 2.010000 -3.535607
v 1.545000 2.020607 -3.535607
vn -0.3251 -0.8881 0.3251
vn -0.3251 -0.3251 0.8881
vn -0.8881 -0.3251 0.3251
vn -0.3251 0.3251 0.8881
vn -0.3251 0.8881 0.3251
vn -0.8881 0.3251 0.3251
vn -0.3251 -0.8881 -0.3251
vn -0.8881 -0.3251 -0.3251
vn -0.3251 -0.3251 -0.8881
vn -0.3251 0.8881 -0.3251
vn -0.3251 0.3251 -0.8881
vn -0.8881 0.3251 -0.3251
vn 0.3251 -0.8881 0.3251
vn 0.8881 -0.3251 0.3251
vn 0.3251 -0.3251 0.8881
vn 0.3251 0.8881 0.3251
vn 0.3251 0.3251 0.8881
vn 0.8881 0.3251 0.3251
vn 0.3251 -0.8881 -0.3251
vn 0.3251 -0.3251 -0.8881
vn 0.8881 -0.3251 -0.3251
vn 0.3251 0.8881 -0.3251
vn 0.8881 0.3251 -0.3251
vn 0.3251 0.3251 -0.8881
vn -0.3827 -0.9239 -0.0000
vn -0.9239 -0.3827 -0.0000
vn -0.3827 -0.0000 0.9239
vn -0.9239 -0.0000 0.3827
vn -0.3827 0.9239 -0.0000
vn -0.9239 0.3827 -0.0000
vn -0.3827 -0.0000 -0.9239
vn -0.9239 -0.0000 -0.3827
vn -0.0000 -0.9239 -0.3827
vn -0.0000 -0.3827 -0.9239
vn -0.0000 0.9239 -0.3827
vn -0.0000 0.3827 -0.9239
vn 0.9239 -0.0000 -0.3827
vn 0.3827 -0.0000 -0.9239
vn 0.3827 -0.9239 -0.0000
vn 0.9239 -0.3827 -0.0000
vn 0.3827 0.9239 -0.0000
vn 0.9239 0.3827 -0.0000
vn 0.3827 -0.0000 0.9239
vn 0.9239 -0.0000 0.3827
vn -0.0000 -0.9239 0.3827
vn -0.0000 -0.3827 0.9239
vn -0.0000 0.9239 0.3827
vn -0.0000 0.3827 0.9239
vn -0.0000 -1.0000 -0.0000
vn -1.0000 -0.0000 -0.0000
vn -0.0000 -0.0000 1.0000
vn -0.0000 1.0000 -0.0000
vn -0.0000 -0.0000 -1.0000
vn 1.0000 -0.0000 -0.0000
vt 0.131944 0.746173
vt 0.131944 0.750000
vt 0.127935 0.750000
vt 0.125000 0.746173
vt 0.450000 0.993056
vt 0.450000 1.000000
vt 0.406699 1.000000
vt 0.375000 0.993056
vt 0.450000 0.003827
vt 0.375000 0.003827
vt 0.375000 0.001617
vt 0.450000 0.000000
vt 0.550000 0.993056
vt 0.625000 0.993056
vt 0.625000 0.997065
vt 0.550000 1.000000
vt 0.868056 0.746173
vt 0.875000 0.746173
vt 0.875000 0.748383
vt 0.868056 0.750000
vt 0.550000 0.003827
vt 0.550000 0.000000
vt 0.593301 0.000000
vt 0.625000 0.003827
vt 0.131944 0.503827
vt 0.125000 0.503826
vt 0.125000 0.501617
vt 0.131944 0.500000
vt 0.450000 0.246173
vt 0.450000 0.250000
vt 0.390849 0.251468
vt 0.375000 0.246173
vt 0.450000 0.256944
vt 0.375000 0.256944
vt 0.868056 0.503827
vt 0.868056 0.500000
vt 0.872065 0.500000
vt 0.875000 0.503826
vt 0.550000 0.256944
vt 0.550000 0.250000
vt 0.609151 0.249191
vt 0.625000 0.256944
vt 0.550000 0.246173
vt 0.625000 0.246173
vt 0.368056 0.746174
vt 0.375000 0.746174
vt 0.385566 0.750439
vt 0.371528 0.753472
vt 0.450000 0.746174
vt 0.450000 0.750000
vt 0.450000 0.756944
vt 0.631944 0.746173
vt 0.628472 0.753472
vt 0.615412 0.749461
vt 0.625000 0.746174
vt 0.550000 0.756944
vt 0.550000 0.750000
vt 0.550000 0.746173
vt 0.368056 0.503826
vt 0.371528 0.496528
vt 0.384588 0.500539
vt 0.375000 0.503826
vt 0.450000 0.493056
vt 0.450000 0.500000
vt 0.450000 0.503826
vt 0.631945 0.503827
vt 0.625000 0.503826
vt 0.614434 0.499561
vt 0.628472 0.496528
vt 0.550000 0.503826
vt 0.550000 0.500000
vt 0.550000 0.493056
s 0
usemtl Cream_Cabinets
f 2249/3109/2047 2252/3110/2047 2253/3111/2047 2255/3112/2047
f 2250/3113/2048 2254/3114/2048 2253/3115/2048 2252/3116/2048
f 2251/3117/2049 2255/3118/2049 2253/3119/2049 2254/3120/2049
f 2256/3121/2050 2259/3122/2050 2260/3123/2050 2262/3124/2050
f 2257/3125/2051 2261/3126/2051 2260/3127/2051 2259/3128/2051
f 2258/3129/2052 2262/3130/2052 2260/3131/2052 2261/3132/2052
f 2263/3133/2053 2266/3134/2053 2267/3135/2053 2269/3136/2053
f 2264/3137/2054 2268/3138/2054 2267/3139/2054 2266/3140/2054
f 2265/3141/2055 2269/3142/2055 2267/3139/2055 2268/3138/2055
f 2270/3143/2056 2273/3144/2056 2274/3145/2056 2276/3146/2056
f 2271/3147/2057 2275/3148/2057 2274/3149/2057 2273/3150/2057
f 2272/3151/2058 2276/3152/2058 2274/3149/2058 2275/3148/2058
f 2277/3153/2059 2280/3154/2059 2281/3155/2059 2283/3156/2059
f 2278/3157/2060 2282/3158/2060 2281/3155/2060 2280/3154/2060
f 2279/3159/2061 2283/3156/2061 2281/3155/2061 2282/3158/2061
f 2284/3160/2062 2287/3161/2062 2288/3162/2062 2290/3163/2062
f 2285/3164/2063 2289/3165/2063 2288/3162/2063 2287/3161/2063
f 2286/3166/2064 2290/3163/2064 2288/3162/2064 2289/3165/2064
f 2291/3167/2065 2294/3168/2065 2295/3169/2065 2297/3170/2065
f 2292/3171/2066 2296/3172/2066 2295/3169/2066 2294/3168/2066
f 2293/3173/2067 2297/3170/2067 2295/3169/2067 2296/3172/2067
f 2298/3174/2068 2301/3175/2068 2302/3176/2068 2304/3177/2068
f 2299/3178/2069 2303/3179/2069 2302/3176/2069 2301/3175/2069
f 2300/3180/2070 2304/3177/2070 2302/3176/2070 2303/3179/2070
f 2263/3133/2071 2249/3109/2071 2255/3112/2071 2266/3134/2071
f 2266/3140/2072 2255/3118/2072 2251/3117/2072 2264/3137/2072
f 2250/3113/2073 2256/3121/2073 2262/3124/2073 2254/3114/2073
f 2254/3120/2074 2262/3130/2074 2258/3129/2074 2251/3117/2074
f 2257/3125/2075 2270/3143/2075 2276/3146/2075 2261/3126/2075
f 2261/3132/2076 2276/3152/2076 2272/3151/2076 2258/3129/2076
f 2271/3147/2077 2265/3141/2077 2268/3138/2077 2275/3148/2077
f 2275/3148/2078 2268/3138/2078 2264/3137/2078 2272/3151/2078
f 2291/3167/2079 2263/3133/2079 2269/3136/2079 2294/3168/2079
f 2294/3168/2080 2269/3142/2080 2265/3141/2080 2292/3171/2080
f 2270/3143/2081 2298/3174/2081 2304/3177/2081 2273/3144/2081
f 2273/3150/2082 2304/3177/2082 2300/3180/2082 2271/3147/2082
f 2299/3178/2083 2293/3173/2083 2296/3172/2083 2303/3179/2083
f 2303/3179/2084 2296/3172/2084 2292/3171/2084 2300/3180/2084
f 2277/3153/2085 2291/3167/2085 2297/3170/2085 2280/3154/2085
f 2280/3154/2086 2297/3170/2086 2293/3173/2086 2278/3157/2086
f 2298/3174/2087 2284/3160/2087 2290/3163/2087 2301/3175/2087
f 2301/3175/2088 2290/3163/2088 2286/3166/2088 2299/3178/2088
f 2285/3164/2089 2279/3159/2089 2282/3158/2089 2289/3165/2089
f 2289/3165/2090 2282/3158/2090 2278/3157/2090 2286/3166/2090
f 2249/3109/2091 2277/3153/2091 2283/3156/2091 2252/3110/2091
f 2252/3116/2092 2283/3156/2092 2279/3159/2092 2250/3113/2092
f 2284/3160/2093 2257/3125/2093 2259/3128/2093 2287/3161/2093
f 2287/3161/2094 2259/3122/2094 2256/3121/2094 2285/3164/2094
f 2263/3133/2095 2291/3167/2095 2277/3153/2095 2249/3109/2095
f 2251/3117/2096 2258/3129/2096 2272/3151/2096 2264/3137/2096
f 2279/3159/2097 2285/3164/2097 2256/3121/2097 2250/3113/2097
f 2298/3174/2098 2270/3143/2098 2257/3125/2098 2284/3160/2098
f 2265/3141/2099 2271/3147/2099 2300/3180/2099 2292/3171/2099
f 2293/3173/2100 2299/3178/2100 2286/3166/2100 2278/3157/2100
o Hanging_Rod_1_2
v 1.290000 1.742000 -3.480000
v 1.290000 1.742000 -2.620000
v 1.295694 1.741250 -3.480000
v 1.295694 1.741250 -2.620000
v 1.301000 1.739053 -3.480000
v 1.301000 1.739053 -2.620000
v 1.305556 1.735556 -3.480000
v 1.305556 1.735556 -2.620000
v 1.309052 1.731000 -3.480000
v 1.309052 1.731000 -2.620000
v 1.311250 1.725694 -3.480000
v 1.311250 1.725694 -2.620000
v 1.312000 1.720000 -3.480000
v 1.312000 1.720000 -2.620000
v 1.311250 1.714306 -3.480000
v 1.311250 1.714306 -2.620000
v 1.309052 1.709000 -3.480000
v 1.309052 1.709000 -2.620000
v 1.305556 1.704444 -3.480000
v 1.305556 1.704444 -2.620000
v 1.301000 1.700948 -3.480000
v 1.301000 1.700947 -2.620000
v 1.295694 1.698750 -3.480000
v 1.295694 1.698750 -2.620000
v 1.290000 1.698000 -3.480000
v 1.290000 1.698000 -2.620000
v 1.284306 1.698750 -3.480000
v 1.284306 1.698750 -2.620000
v 1.279000 1.700948 -3.480000
v 1.279000 1.700947 -2.620000
v 1.274444 1.704444 -3.480000
v 1.274444 1.704444 -2.620000
v 1.270947 1.709000 -3.480000
v 1.270947 1.709000 -2.620000
v 1.268750 1.714306 -3.480000
v 1.268750 1.714306 -2.620000
v 1.268000 1.720000 -3.480000
v 1.268000 1.720000 -2.620000
v 1.268750 1.725694 -3.480000
v 1.268750 1.725694 -2.620000
v 1.270947 1.731000 -3.480000
v 1.270947 1.731000 -2.620000
v 1.274444 1.735556 -3.480000
v 1.274444 1.735556 -2.620000
v 1.279000 1.739053 -3.480000
v 1.279000 1.739053 -2.620000
v 1.284306 1.741250 -3.480000
v 1.284306 1.741250 -2.620000
vn 0.1305 0.9914 -0.0000
vn 0.3827 0.9239 -0.0000
vn 0.6088 0.7934 -0.0000
vn 0.7934 0.6088 -0.0000
vn 0.9239 0.3827 -0.0000
vn 0.9914 0.1305 -0.0000
vn 0.9914 -0.1305 -0.0000
vn 0.9239 -0.3827 -0.0000
vn 0.7934 -0.6088 -0.0000
vn 0.6088 -0.7934 -0.0000
vn 0.3827 -0.9239 -0.0000
vn 0.1305 -0.9914 -0.0000
vn -0.1305 -0.9914 -0.0000
vn -0.3827 -0.9239 -0.0000
vn -0.6088 -0.7934 -0.0000
vn -0.7934 -0.6088 -0.0000
vn -0.9239 -0.3827 -0.0000
vn -0.9914 -0.1305 -0.0000
vn -0.9914 0.1305 -0.0000
vn -0.9239 0.3827 -0.0000
vn -0.7934 0.6088 -0.0000
vn -0.6088 0.7934 -0.0000
vn -0.0000 -0.0000 1.0000
vn -0.3827 0.9239 -0.0000
vn -0.1305 0.9914 -0.0000
vn -0.0000 -0.0000 -1.0000
vt 1.000000 0.500000
vt 1.000000 1.000000
vt 0.958333 1.000000
vt 0.958333 0.500000
vt 0.916667 1.000000
vt 0.916667 0.500000
vt 0.875000 1.000000
vt 0.875000 0.500000
vt 0.833333 1.000000
vt 0.833333 0.500000
vt 0.791667 1.000000
vt 0.791667 0.500000
vt 0.750000 1.000000
vt 0.750000 0.500000
vt 0.708333 1.000000
vt 0.708333 0.500000
vt 0.666667 1.000000
vt 0.666667 0.500000
vt 0.625000 1.000000
vt 0.625000 0.500000
vt 0.583333 1.000000
vt 0.583333 0.500000
vt 0.541666 1.000000
vt 0.541666 0.500000
vt 0.500000 1.000000
vt 0.500000 0.500000
vt 0.458333 1.000000
vt 0.458333 0.500000
vt 0.416666 1.000000
vt 0.416666 0.500000
vt 0.375000 1.000000
vt 0.375000 0.500000
vt 0.333333 1.000000
vt 0.333333 0.500000
vt 0.291667 1.000000
vt 0.291667 0.500000
vt 0.250000 1.000000
vt 0.250000 0.500000
vt 0.208333 1.000000
vt 0.208333 0.500000
vt 0.166666 1.000000
vt 0.166666 0.500000
vt 0.125000 1.000000
vt 0.125000 0.500000
vt 0.083333 1.000000
vt 0.083333 0.500000
vt 0.312117 0.481822
vt 0.250000 0.490000
vt 0.187883 0.481822
vt 0.130000 0.457846
vt 0.080294 0.419706
vt 0.042154 0.370000
vt 0.018178 0.312117
vt 0.010000 0.250000
vt 0.018178 0.187883
vt 0.042154 0.130000
vt 0.080294 0.080294
vt 0.130000 0.042154
vt 0.187883 0.018178
vt 0.250000 0.010000
vt 0.312117 0.018178
vt 0.370000 0.042154
vt 0.419706 0.080294
vt 0.457846 0.130000
vt 0.481822 0.187883
vt 0.490000 0.250000
vt 0.481822 0.312117
vt 0.457846 0.370000
vt 0.419706 0.419706
vt 0.370000 0.457846
vt 0.041666 1.000000
vt 0.041666 0.500000
vt -0.000000 1.000000
vt -0.000000 0.500000
vt 0.750000 0.490000
vt 0.812117 0.481822
vt 0.870000 0.457846
vt 0.919706 0.419706
vt 0.957846 0.370000
vt 0.981822 0.312117
vt 0.990000 0.250000
vt 0.981822 0.187883
vt 0.957846 0.130000
vt 0.919706 0.080294
vt 0.870000 0.042154
vt 0.812117 0.018178
vt 0.750000 0.010000
vt 0.687883 0.018178
vt 0.630000 0.042154
vt 0.580294 0.080294
vt 0.542154 0.130000
vt 0.518178 0.187883
vt 0.510000 0.250000
vt 0.518178 0.312117
vt 0.542154 0.370000
vt 0.580294 0.419706
vt 0.630000 0.457846
vt 0.687883 0.481822
s 0
usemtl Radiator_Metal
f 2305/3181/2101 2306/3182/2101 2308/3183/2101 2307/3184/2101
f 2307/3184/2102 2308/3183/2102 2310/3185/2102 2309/3186/2102
f 2309/3186/2103 2310/3185/2103 2312/3187/2103 2311/3188/2103
f 2311/3188/2104 2312/3187/2104 2314/3189/2104 2313/3190/2104
f 2313/3190/2105 2314/3189/2105 2316/3191/2105 2315/3192/2105
f 2315/3192/2106 2316/3191/2106 2318/3193/2106 2317/3194/2106
f 2317/3194/2107 2318/3193/2107 2320/3195/2107 2319/3196/2107
f 2319/3196/2108 2320/3195/2108 2322/3197/2108 2321/3198/2108
f 2321/3198/2109 2322/3197/2109 2324/3199/2109 2323/3200/2109
f 2323/3200/2110 2324/3199/2110 2326/3201/2110 2325/3202/2110
f 2325/3202/2111 2326/3201/2111 2328/3203/2111 2327/3204/2111
f 2327/3204/2112 2328/3203/2112 2330/3205/2112 2329/3206/2112
f 2329/3206/2113 2330/3205/2113 2332/3207/2113 2331/3208/2113
f 2331/3208/2114 2332/3207/2114 2334/3209/2114 2333/3210/2114
f 2333/3210/2115 2334/3209/2115 2336/3211/2115 2335/3212/2115
f 2335/3212/2116 2336/3211/2116 2338/3213/2116 2337/3214/2116
f 2337/3214/2117 2338/3213/2117 2340/3215/2117 2339/3216/2117
f 2339/3216/2118 2340/3215/2118 2342/3217/2118 2341/3218/2118
f 2341/3218/2119 2342/3217/2119 2344/3219/2119 2343/3220/2119
f 2343/3220/2120 2344/3219/2120 2346/3221/2120 2345/3222/2120
f 2345/3222/2121 2346/3221/2121 2348/3223/2121 2347/3224/2121
f 2347/3224/2122 2348/3223/2122 2350/3225/2122 2349/3226/2122
f 2308/3227/2123 2306/3228/2123 2352/3229/2123 2350/3230/2123 2348/3231/2123 2346/3232/2123 2344/3233/2123 2342/3234/2123 2340/3235/2123 2338/3236/2123 2336/3237/2123 2334/3238/2123 2332/3239/2123 2330/3240/2123 2328/3241/2123 2326/3242/2123 2324/3243/2123 2322/3244/2123 2320/3245/2123 2318/3246/2123 2316/3247/2123 2314/3248/2123 2312/3249/2123 2310/3250/2123
f 2349/3226/2124 2350/3225/2124 2352/3251/2124 2351/3252/2124
f 2351/3252/2125 2352/3251/2125 2306/3253/2125 2305/3254/2125
f 2305/3255/2126 2307/3256/2126 2309/3257/2126 2311/3258/2126 2313/3259/2126 2315/3260/2126 2317/3261/2126 2319/3262/2126 2321/3263/2126 2323/3264/2126 2325/3265/2126 2327/3266/2126 2329/3267/2126 2331/3268/2126 2333/3269/2126 2335/3270/2126 2337/3271/2126 2339/3272/2126 2341/3273/2126 2343/3274/2126 2345/3275/2126 2347/3276/2126 2349/3277/2126 2351/3278/2126
o Shelf_1_3_Bottom
v 1.035000 0.120000 -3.725000
v 1.035000 0.135000 -3.710000
v 1.020000 0.135000 -3.725000
v 1.035000 0.124393 -3.714393
v 1.026340 0.126340 -3.716340
v 1.024393 0.135000 -3.714393
v 1.024393 0.124393 -3.725000
v 1.035000 0.165000 -3.710000
v 1.035000 0.180000 -3.725000
v 1.020000 0.165000 -3.725000
v 1.035000 0.175607 -3.714393
v 1.026340 0.173660 -3.716340
v 1.024393 0.175607 -3.725000
v 1.024393 0.165000 -3.714393
v 1.035000 0.120000 -4.675000
v 1.020000 0.135000 -4.675000
v 1.035000 0.135000 -4.690000
v 1.024393 0.124393 -4.675000
v 1.026340 0.126340 -4.683660
v 1.024393 0.135000 -4.685606
v 1.035000 0.124393 -4.685606
v 1.035000 0.180000 -4.675000
v 1.035000 0.165000 -4.690000
v 1.020000 0.165000 -4.675000
v 1.035000 0.175607 -4.685606
v 1.026340 0.173660 -4.683660
v 1.024393 0.165000 -4.685606
v 1.024393 0.175607 -4.675000
v 1.545000 0.120000 -3.725000
v 1.560000 0.135000 -3.725000
v 1.545000 0.135000 -3.710000
v 1.555607 0.124393 -3.725000
v 1.553660 0.126340 -3.716340
v 1.555607 0.135000 -3.714393
v 1.545000 0.124393 -3.714393
v 1.545000 0.180000 -3.725000
v 1.545000 0.165000 -3.710000
v 1.560000 0.165000 -3.725000
v 1.545000 0.175607 -3.714393
v 1.553660 0.173660 -3.716340
v 1.555607 0.165000 -3.714393
v 1.555607 0.175607 -3.725000
v 1.545000 0.120000 -4.675000
v 1.545000 0.135000 -4.690000
v 1.560000 0.135000 -4.675000
v 1.545000 0.124393 -4.685606
v 1.553660 0.126340 -4.683660
v 1.555607 0.135000 -4.685606
v 1.555607 0.124393 -4.675000
v 1.545000 0.180000 -4.675000
v 1.560000 0.165000 -4.675000
v 1.545000 0.165000 -4.690000
v 1.555607 0.175607 -4.675000
v 1.553660 0.173660 -4.683660
v 1.555607 0.165000 -4.685606
v 1.545000 0.175607 -4.685606
vn -0.3251 -0.8881 0.3251
vn -0.3251 -0.3251 0.8881
vn -0.8881 -0.3251 0.3251
vn -0.3251 0.3251 0.8881
vn -0.3251 0.8881 0.3251
vn -0.8881 0.3251 0.3251
vn -0.3251 -0.8881 -0.3251
vn -0.8881 -0.3251 -0.3251
vn -0.3251 -0.3251 -0.8881
vn -0.3251 0.8881 -0.3251
vn -0.3251 0.3251 -0.8881
vn -0.8881 0.3251 -0.3251
vn 0.3251 -0.8881 0.3251
vn 0.8881 -0.3251 0.3251
vn 0.3251 -0.3251 0.8881
vn 0.3251 0.8881 0.3251
vn 0.3251 0.3251 0.8881
vn 0.8881 0.3251 0.3251
vn 0.3251 -0.8881 -0.3251
vn 0.3251 -0.3251 -0.8881
vn 0.8881 -0.3251 -0.3251
vn 0.3251 0.8881 -0.3251
vn 0.8881 0.3251 -0.3251
vn 0.3251 0.3251 -0.8881
vn -0.3827 -0.9239 -0.0000
vn -0.9239 -0.3827 -0.0000
vn -0.3827 -0.0000 0.9239
vn -0.9239 -0.0000 0.3827
vn -0.3827 0.9239 -0.0000
vn -0.9239 0.3827 -0.0000
vn -0.3827 -0.0000 -0.9239
vn -0.9239 -0.0000 -0.3827
vn -0.0000 -0.9239 -0.3827
vn -0.0000 -0.3827 -0.9239
vn -0.0000 0.9239 -0.3827
vn -0.0000 0.3827 -0.9239
vn 0.9239 -0.0000 -0.3827
vn 0.3827 -0.0000 -0.9239
vn 0.3827 -0.9239 -0.0000
vn 0.9239 -0.3827 -0.0000
vn 0.3827 0.9239 -0.0000
vn 0.9239 0.3827 -0.0000
vn 0.3827 -0.0000 0.9239
vn 0.9239 -0.0000 0.3827
vn -0.0000 -0.9239 0.3827
vn -0.0000 -0.3827 0.9239
vn -0.0000 0.9239 0.3827
vn -0.0000 0.3827 0.9239
vn -0.0000 -1.0000 -0.0000
vn -1.0000 -0.0000 -0.0000
vn -0.0000 -0.0000 1.0000
vn -0.0000 1.0000 -0.0000
vn -0.0000 -0.0000 -1.0000
vn 1.0000 -0.0000 -0.0000
vt 0.131944 0.746173
vt 0.131944 0.750000
vt 0.127935 0.750000
vt 0.125000 0.746173
vt 0.437500 0.993056
vt 0.437500 1.000000
vt 0.401416 1.000000
vt 0.375000 0.993056
vt 0.437500 0.003827
vt 0.375000 0.003827
vt 0.375000 0.001617
vt 0.437500 0.000000
vt 0.562500 0.993056
vt 0.625000 0.993056
vt 0.625000 0.997065
vt 0.562500 1.000000
vt 0.868056 0.746173
vt 0.875000 0.746173
vt 0.875000 0.748383
vt 0.868056 0.750000
vt 0.562500 0.003827
vt 0.562500 0.000000
vt 0.598584 0.000000
vt 0.625000 0.003827
vt 0.131944 0.503827
vt 0.125000 0.503826
vt 0.125000 0.501617
vt 0.131944 0.500000
vt 0.437500 0.246173
vt 0.437500 0.250000
vt 0.388208 0.251468
vt 0.375000 0.246173
vt 0.437500 0.256944
vt 0.375000 0.256944
vt 0.868056 0.503827
vt 0.868056 0.500000
vt 0.872065 0.500000
vt 0.875000 0.503826
vt 0.562500 0.256944
vt 0.562500 0.250000
vt 0.611792 0.249191
vt 0.625000 0.256944
vt 0.562500 0.246173
vt 0.625000 0.246173
vt 0.368056 0.746174
vt 0.375000 0.746173
vt 0.383805 0.750439
vt 0.371528 0.753472
vt 0.437500 0.746174
vt 0.437500 0.750000
vt 0.437500 0.756944
vt 0.631944 0.746173
vt 0.628472 0.753472
vt 0.617173 0.749461
vt 0.625000 0.746173
vt 0.562500 0.756944
vt 0.562500 0.750000
vt 0.562500 0.746174
vt 0.368056 0.503826
vt 0.371528 0.496528
vt 0.382827 0.500539
vt 0.375000 0.503826
vt 0.437500 0.493056
vt 0.437500 0.500000
vt 0.437500 0.503827
vt 0.631945 0.503827
vt 0.625000 0.503826
vt 0.616195 0.499561
vt 0.628472 0.496528
vt 0.562500 0.503827
vt 0.562500 0.500000
vt 0.562500 0.493056
s 0
usemtl Cream_Cabinets
f 2353/3279/2127 2356/3280/2127 2357/3281/2127 2359/3282/2127
f 2354/3283/2128 2358/3284/2128 2357/3285/2128 2356/3286/2128
f 2355/3287/2129 2359/3288/2129 2357/3289/2129 2358/3290/2129
f 2360/3291/2130 2363/3292/2130 2364/3293/2130 2366/3294/2130
f 2361/3295/2131 2365/3296/2131 2364/3297/2131 2363/3298/2131
f 2362/3299/2132 2366/3300/2132 2364/3301/2132 2365/3302/2132
f 2367/3303/2133 2370/3304/2133 2371/3305/2133 2373/3306/2133
f 2368/3307/2134 2372/3308/2134 2371/3309/2134 2370/3310/2134
f 2369/3311/2135 2373/3312/2135 2371/3309/2135 2372/3308/2135
f 2374/3313/2136 2377/3314/2136 2378/3315/2136 2380/3316/2136
f 2375/3317/2137 2379/3318/2137 2378/3319/2137 2377/3320/2137
f 2376/3321/2138 2380/3322/2138 2378/3319/2138 2379/3318/2138
f 2381/3323/2139 2384/3324/2139 2385/3325/2139 2387/3326/2139
f 2382/3327/2140 2386/3328/2140 2385/3325/2140 2384/3324/2140
f 2383/3329/2141 2387/3326/2141 2385/3325/2141 2386/3328/2141
f 2388/3330/2142 2391/3331/2142 2392/3332/2142 2394/3333/2142
f 2389/3334/2143 2393/3335/2143 2392/3332/2143 2391/3331/2143
f 2390/3336/2144 2394/3333/2144 2392/3332/2144 2393/3335/2144
f 2395/3337/2145 2398/3338/2145 2399/3339/2145 2401/3340/2145
f 2396/3341/2146 2400/3342/2146 2399/3339/2146 2398/3338/2146
f 2397/3343/2147 2401/3340/2147 2399/3339/2147 2400/3342/2147
f 2402/3344/2148 2405/3345/2148 2406/3346/2148 2408/3347/2148
f 2403/3348/2149 2407/3349/2149 2406/3346/2149 2405/3345/2149
f 2404/3350/2150 2408/3347/2150 2406/3346/2150 2407/3349/2150
f 2367/3303/2151 2353/3279/2151 2359/3282/2151 2370/3304/2151
f 2370/3310/2152 2359/3288/2152 2355/3287/2152 2368/3307/2152
f 2354/3283/2153 2360/3291/2153 2366/3294/2153 2358/3284/2153
f 2358/3290/2154 2366/3300/2154 2362/3299/2154 2355/3287/2154
f 2361/3295/2155 2374/3313/2155 2380/3316/2155 2365/3296/2155
f 2365/3302/2156 2380/3322/2156 2376/3321/2156 2362/3299/2156
f 2375/3317/2157 2369/3311/2157 2372/3308/2157 2379/3318/2157
f 2379/3318/2158 2372/3308/2158 2368/3307/2158 2376/3321/2158
f 2395/3337/2159 2367/3303/2159 2373/3306/2159 2398/3338/2159
f 2398/3338/2160 2373/3312/2160 2369/3311/2160 2396/3341/2160
f 2374/3313/2161 2402/3344/2161 2408/3347/2161 2377/3314/2161
f 2377/3320/2162 2408/3347/2162 2404/3350/2162 2375/3317/2162
f 2403/3348/2163 2397/3343/2163 2400/3342/2163 2407/3349/2163
f 2407/3349/2164 2400/3342/2164 2396/3341/2164 2404/3350/2164
f 2381/3323/2165 2395/3337/2165 2401/3340/2165 2384/3324/2165
f 2384/3324/2166 2401/3340/2166 2397/3343/2166 2382/3327/2166
f 2402/3344/2167 2388/3330/2167 2394/3333/2167 2405/3345/2167
f 2405/3345/2168 2394/3333/2168 2390/3336/2168 2403/3348/2168
f 2389/3334/2169 2383/3329/2169 2386/3328/2169 2393/3335/2169
f 2393/3335/2170 2386/3328/2170 2382/3327/2170 2390/3336/2170
f 2353/3279/2171 2381/3323/2171 2387/3326/2171 2356/3280/2171
f 2356/3286/2172 2387/3326/2172 2383/3329/2172 2354/3283/2172
f 2388/3330/2173 2361/3295/2173 2363/3298/2173 2391/3331/2173
f 2391/3331/2174 2363/3292/2174 2360/3291/2174 2389/3334/2174
f 2367/3303/2175 2395/3337/2175 2381/3323/2175 2353/3279/2175
f 2355/3287/2176 2362/3299/2176 2376/3321/2176 2368/3307/2176
f 2383/3329/2177 2389/3334/2177 2360/3291/2177 2354/3283/2177
f 2402/3344/2178 2374/3313/2178 2361/3295/2178 2388/3330/2178
f 2369/3311/2179 2375/3317/2179 2404/3350/2179 2396/3341/2179
f 2397/3343/2180 2403/3348/2180 2390/3336/2180 2382/3327/2180
o Shelf_1_3_0.8
v 1.035000 0.775000 -3.725000
v 1.035000 0.790000 -3.710000
v 1.020000 0.790000 -3.725000
v 1.035000 0.779393 -3.714393
v 1.026340 0.781340 -3.716340
v 1.024393 0.790000 -3.714393
v 1.024393 0.779393 -3.725000
v 1.035000 0.810000 -3.710000
v 1.035000 0.825000 -3.725000
v 1.020000 0.810000 -3.725000
v 1.035000 0.820607 -3.714393
v 1.026340 0.818660 -3.716340
v 1.024393 0.820607 -3.725000
v 1.024393 0.810000 -3.714393
v 1.035000 0.775000 -4.675000
v 1.020000 0.790000 -4.675000
v 1.035000 0.790000 -4.690000
v 1.024393 0.779393 -4.675000
v 1.026340 0.781340 -4.683660
v 1.024393 0.790000 -4.685606
v 1.035000 0.779393 -4.685606
v 1.035000 0.825000 -4.675000
v 1.035000 0.810000 -4.690000
v 1.020000 0.810000 -4.675000
v 1.035000 0.820607 -4.685606
v 1.026340 0.818660 -4.683660
v 1.024393 0.810000 -4.685606
v 1.024393 0.820607 -4.675000
v 1.545000 0.775000 -3.725000
v 1.560000 0.790000 -3.725000
v 1.545000 0.790000 -3.710000
v 1.555607 0.779393 -3.725000
v 1.553660 0.781340 -3.716340
v 1.555607 0.790000 -3.714393
v 1.545000 0.779393 -3.714393
v 1.545000 0.825000 -3.725000
v 1.545000 0.810000 -3.710000
v 1.560000 0.810000 -3.725000
v 1.545000 0.820607 -3.714393
v 1.553660 0.818660 -3.716340
v 1.555607 0.810000 -3.714393
v 1.555607 0.820607 -3.725000
v 1.545000 0.775000 -4.675000
v 1.545000 0.790000 -4.690000
v 1.560000 0.790000 -4.675000
v 1.545000 0.779393 -4.685606
v 1.553660 0.781340 -4.683660
v 1.555607 0.790000 -4.685606
v 1.555607 0.779393 -4.675000
v 1.545000 0.825000 -4.675000
v 1.560000 0.810000 -4.675000
v 1.545000 0.810000 -4.690000
v 1.555607 0.820607 -4.675000
v 1.553660 0.818660 -4.683660
v 1.555607 0.810000 -4.685606
v 1.545000 0.820607 -4.685606
vn -0.3251 -0.8881 0.3251
vn -0.3251 -0.3251 0.8881
vn -0.8881 -0.3251 0.3251
vn -0.3251 0.3251 0.8881
vn -0.3251 0.8881 0.3251
vn -0.8881 0.3251 0.3251
vn -0.3251 -0.8881 -0.3251
vn -0.8881 -0.3251 -0.3251
vn -0.3251 -0.3251 -0.8881
vn -0.3251 0.8881 -0.3251
vn -0.3251 0.3251 -0.8881
vn -0.8881 0.3251 -0.3251
vn 0.3251 -0.8881 0.3251
vn 0.8881 -0.3251 0.3251
vn 0.3251 -0.3251 0.8881
vn 0.3251 0.8881 0.3251
vn 0.3251 0.3251 0.8881
vn 0.8881 0.3251 0.3251
vn 0.3251 -0.8881 -0.3251
vn 0.3251 -0.3251 -0.8881
vn 0.8881 -0.3251 -0.3251
vn 0.3251 0.8881 -0.3251
vn 0.8881 0.3251 -0.3251
vn 0.3251 0.3251 -0.8881
vn -0.3827 -0.9239 -0.0000
vn -0.9239 -0.3827 -0.0000
vn -0.3827 -0.0000 0.9239
vn -0.9239 -0.0000 0.3827
vn -0.3827 0.9239 -0.0000
vn -0.9239 0.3827 -0.0000
vn -0.3827 -0.0000 -0.9239
vn -0.9239 -0.0000 -0.3827
vn -0.0000 -0.9239 -0.3827
vn -0.0000 -0.3827 -0.9239
vn -0.0000 0.9239 -0.3827
vn -0.0000 0.3827 -0.9239
vn 0.9239 -0.0000 -0.3827
vn 0.3827 -0.0000 -0.9239
vn 0.3827 -0.9239 -0.0000
vn 0.9239 -0.3827 -0.0000
vn 0.3827 0.9239 -0.0000
vn 0.9239 0.3827 -0.0000
vn 0.3827 -0.0000 0.9239
vn 0.9239 -0.0000 0.3827
vn -0.0000 -0.9239 0.3827
vn -0.0000 -0.3827 0.9239
vn -0.0000 0.9239 0.3827
vn -0.0000 0.3827 0.9239
vn -0.0000 -1.0000 -0.0000
vn -1.0000 -0.0000 -0.0000
vn -0.0000 -0.0000 1.0000
vn -0.0000 1.0000 -0.0000
vn -0.0000 -0.0000 -1.0000
vn 1.0000 -0.0000 -0.0000
vt 0.131944 0.746173
vt 0.131944 0.750000
vt 0.127935 0.750000
vt 0.125000 0.746173
vt 0.450000 0.993056
vt 0.450000 1.000000
vt 0.406699 1.000000
vt 0.375000 0.993056
vt 0.450000 0.003827
vt 0.375000 0.003827
vt 0.375000 0.001617
vt 0.450000 0.000000
vt 0.550000 0.993056
vt 0.625000 0.993056
vt 0.625000 0.997065
vt 0.550000 1.000000
vt 0.868056 0.746173
vt 0.875000 0.746173
vt 0.875000 0.748383
vt 0.868056 0.750000
vt 0.550000 0.003827
vt 0.550000 0.000000
vt 0.593301 0.000000
vt 0.625000 0.003827
vt 0.131944 0.503827
vt 0.125000 0.503826
vt 0.125000 0.501617
vt 0.131944 0.500000
vt 0.450000 0.246173
vt 0.450000 0.250000
vt 0.390849 0.251468
vt 0.375000 0.246173
vt 0.450000 0.256944
vt 0.375000 0.256944
vt 0.868056 0.503827
vt 0.868056 0.500000
vt 0.872065 0.500000
vt 0.875000 0.503826
vt 0.550000 0.256944
vt 0.550000 0.250000
vt 0.609151 0.249191
vt 0.625000 0.256944
vt 0.550000 0.246173
vt 0.625000 0.246173
vt 0.368056 0.746174
vt 0.375000 0.746174
vt 0.385566 0.750439
vt 0.371528 0.753472
vt 0.450000 0.746174
vt 0.450000 0.750000
vt 0.450000 0.756944
vt 0.631944 0.746173
vt 0.628472 0.753472
vt 0.615412 0.749461
vt 0.625000 0.746174
vt 0.550000 0.756944
vt 0.550000 0.750000
vt 0.550000 0.746173
vt 0.368056 0.503826
vt 0.371528 0.496528
vt 0.384588 0.500539
vt 0.375000 0.503826
vt 0.450000 0.493056
vt 0.450000 0.500000
vt 0.450000 0.503826
vt 0.631945 0.503827
vt 0.625000 0.503826
vt 0.614434 0.499561
vt 0.628472 0.496528
vt 0.550000 0.503826
vt 0.550000 0.500000
vt 0.550000 0.493056
s 0
usemtl Cream_Cabinets
f 2409/3351/2181 2412/3352/2181 2413/3353/2181 2415/3354/2181
f 2410/3355/2182 2414/3356/2182 2413/3357/2182 2412/3358/2182
f 2411/3359/2183 2415/3360/2183 2413/3361/2183 2414/3362/2183
f 2416/3363/2184 2419/3364/2184 2420/3365/2184 2422/3366/2184
f 2417/3367/2185 2421/3368/2185 2420/3369/2185 2419/3370/2185
f 2418/3371/2186 2422/3372/2186 2420/3373/2186 2421/3374/2186
f 2423/3375/2187 2426/3376/2187 2427/3377/2187 2429/3378/2187
f 2424/3379/2188 2428/3380/2188 2427/3381/2188 2426/3382/2188
f 2425/3383/2189 2429/3384/2189 2427/3381/2189 2428/3380/2189
f 2430/3385/2190 2433/3386/2190 2434/3387/2190 2436/3388/2190
f 2431/3389/2191 2435/3390/2191 2434/3391/2191 2433/3392/2191
f 2432/3393/2192 2436/3394/2192 2434/3391/2192 2435/3390/2192
f 2437/3395/2193 2440/3396/2193 2441/3397/2193 2443/3398/2193
f 2438/3399/2194 2442/3400/2194 2441/3397/2194 2440/3396/2194
f 2439/3401/2195 2443/3398/2195 2441/3397/2195 2442/3400/2195
f 2444/3402/2196 2447/3403/2196 2448/3404/2196 2450/3405/2196
f 2445/3406/2197 2449/3407/2197 2448/3404/2197 2447/3403/2197
f 2446/3408/2198 2450/3405/2198 2448/3404/2198 2449/3407/2198
f 2451/3409/2199 2454/3410/2199 2455/3411/2199 2457/3412/2199
f 2452/3413/2200 2456/3414/2200 2455/3411/2200 2454/3410/2200
f 2453/3415/2201 2457/3412/2201 2455/3411/2201 2456/3414/2201
f 2458/3416/2202 2461/3417/2202 2462/3418/2202 2464/3419/2202
f 2459/3420/2203 2463/3421/2203 2462/3418/2203 2461/3417/2203
f 2460/3422/2204 2464/3419/2204 2462/3418/2204 2463/3421/2204
f 2423/3375/2205 2409/3351/2205 2415/3354/2205 2426/3376/2205
f 2426/3382/2206 2415/3360/2206 2411/3359/2206 2424/3379/2206
f 2410/3355/2207 2416/3363/2207 2422/3366/2207 2414/3356/2207
f 2414/3362/2208 2422/3372/2208 2418/3371/2208 2411/3359/2208
f 2417/3367/2209 2430/3385/2209 2436/3388/2209 2421/3368/2209
f 2421/3374/2210 2436/3394/2210 2432/3393/2210 2418/3371/2210
f 2431/3389/2211 2425/3383/2211 2428/3380/2211 2435/3390/2211
f 2435/3390/2212 2428/3380/2212 2424/3379/2212 2432/3393/2212
f 2451/3409/2213 2423/3375/2213 2429/3378/2213 2454/3410/2213
f 2454/3410/2214 2429/3384/2214 2425/3383/2214 2452/3413/2214
f 2430/3385/2215 2458/3416/2215 2464/3419/2215 2433/3386/2215
f 2433/3392/2216 2464/3419/2216 2460/3422/2216 2431/3389/2216
f 2459/3420/2217 2453/3415/2217 2456/3414/2217 2463/3421/2217
f 2463/3421/2218 2456/3414/2218 2452/3413/2218 2460/3422/2218
f 2437/3395/2219 2451/3409/2219 2457/3412/2219 2440/3396/2219
f 2440/3396/2220 2457/3412/2220 2453/3415/2220 2438/3399/2220
f 2458/3416/2221 2444/3402/2221 2450/3405/2221 2461/3417/2221
f 2461/3417/2222 2450/3405/2222 2446/3408/2222 2459/3420/2222
f 2445/3406/2223 2439/3401/2223 2442/3400/2223 2449/3407/2223
f 2449/3407/2224 2442/3400/2224 2438/3399/2224 2446/3408/2224
f 2409/3351/2225 2437/3395/2225 2443/3398/2225 2412/3352/2225
f 2412/3358/2226 2443/3398/2226 2439/3401/2226 2410/3355/2226
f 2444/3402/2227 2417/3367/2227 2419/3370/2227 2447/3403/2227
f 2447/3403/2228 2419/3364/2228 2416/3363/2228 2445/3406/2228
f 2423/3375/2229 2451/3409/2229 2437/3395/2229 2409/3351/2229
f 2411/3359/2230 2418/3371/2230 2432/3393/2230 2424/3379/2230
f 2439/3401/2231 2445/3406/2231 2416/3363/2231 2410/3355/2231
f 2458/3416/2232 2430/3385/2232 2417/3367/2232 2444/3402/2232
f 2425/3383/2233 2431/3389/2233 2460/3422/2233 2452/3413/2233
f 2453/3415/2234 2459/3420/2234 2446/3408/2234 2438/3399/2234
o Shelf_1_3_1.4
v 1.035000 1.375000 -3.725000
v 1.035000 1.390000 -3.710000
v 1.020000 1.390000 -3.725000
v 1.035000 1.379393 -3.714393
v 1.026340 1.381340 -3.716340
v 1.024393 1.390000 -3.714393
v 1.024393 1.379393 -3.725000
v 1.035000 1.410000 -3.710000
v 1.035000 1.425000 -3.725000
v 1.020000 1.410000 -3.725000
v 1.035000 1.420607 -3.714393
v 1.026340 1.418660 -3.716340
v 1.024393 1.420607 -3.725000
v 1.024393 1.410000 -3.714393
v 1.035000 1.375000 -4.675000
v 1.020000 1.390000 -4.675000
v 1.035000 1.390000 -4.690000
v 1.024393 1.379393 -4.675000
v 1.026340 1.381340 -4.683660
v 1.024393 1.390000 -4.685606
v 1.035000 1.379393 -4.685606
v 1.035000 1.425000 -4.675000
v 1.035000 1.410000 -4.690000
v 1.020000 1.410000 -4.675000
v 1.035000 1.420607 -4.685606
v 1.026340 1.418660 -4.683660
v 1.024393 1.410000 -4.685606
v 1.024393 1.420607 -4.675000
v 1.545000 1.375000 -3.725000
v 1.560000 1.390000 -3.725000
v 1.545000 1.390000 -3.710000
v 1.555607 1.379393 -3.725000
v 1.553660 1.381340 -3.716340
v 1.555607 1.390000 -3.714393
v 1.545000 1.379393 -3.714393
v 1.545000 1.425000 -3.725000
v 1.545000 1.410000 -3.710000
v 1.560000 1.410000 -3.725000
v 1.545000 1.420607 -3.714393
v 1.553660 1.418660 -3.716340
v 1.555607 1.410000 -3.714393
v 1.555607 1.420607 -3.725000
v 1.545000 1.375000 -4.675000
v 1.545000 1.390000 -4.690000
v 1.560000 1.390000 -4.675000
v 1.545000 1.379393 -4.685606
v 1.553660 1.381340 -4.683660
v 1.555607 1.390000 -4.685606
v 1.555607 1.379393 -4.675000
v 1.545000 1.425000 -4.675000
v 1.560000 1.410000 -4.675000
v 1.545000 1.410000 -4.690000
v 1.555607 1.420607 -4.675000
v 1.553660 1.418660 -4.683660
v 1.555607 1.410000 -4.685606
v 1.545000 1.420607 -4.685606
vn -0.3251 -0.8881 0.3251
vn -0.3251 -0.3251 0.8881
vn -0.8881 -0.3251 0.3251
vn -0.3251 0.3251 0.8881
vn -0.3251 0.8881 0.3251
vn -0.8881 0.3251 0.3251
vn -0.3251 -0.8881 -0.3251
vn -0.8881 -0.3251 -0.3251
vn -0.3251 -0.3251 -0.8881
vn -0.3251 0.8881 -0.3251
vn -0.3251 0.3251 -0.8881
vn -0.8881 0.3251 -0.3251
vn 0.3251 -0.8881 0.3251
vn 0.8881 -0.3251 0.3251
vn 0.3251 -0.3251 0.8881
vn 0.3251 0.8881 0.3251
vn 0.3251 0.3251 0.8881
vn 0.8881 0.3251 0.3251
vn 0.3251 -0.8881 -0.3251
vn 0.3251 -0.3251 -0.8881
vn 0.8881 -0.3251 -0.3251
vn 0.3251 0.8881 -0.3251
vn 0.8881 0.3251 -0.3251
vn 0.3251 0.3251 -0.8881
vn -0.3827 -0.9239 -0.0000
vn -0.9239 -0.3827 -0.0000
vn -0.3827 -0.0000 0.9239
vn -0.9239 -0.0000 0.3827
vn -0.3827 0.9239 -0.0000
vn -0.9239 0.3827 -0.0000
vn -0.3827 -0.0000 -0.9239
vn -0.9239 -0.0000 -0.3827
vn -0.0000 -0.9239 -0.3827
vn -0.0000 -0.3827 -0.9239
vn -0.0000 0.9239 -0.3827
vn -0.0000 0.3827 -0.9239
vn 0.9239 -0.0000 -0.3827
vn 0.3827 -0.0000 -0.9239
vn 0.3827 -0.9239 -0.0000
vn 0.9239 -0.3827 -0.0000
vn 0.3827 0.9239 -0.0000
vn 0.9239 0.3827 -0.0000
vn 0.3827 -0.0000 0.9239
vn 0.9239 -0.0000 0.3827
vn -0.0000 -0.9239 0.3827
vn -0.0000 -0.3827 0.9239
vn -0.0000 0.9239 0.3827
vn -0.0000 0.3827 0.9239
vn -0.0000 -1.0000 -0.0000
vn -1.0000 -0.0000 -0.0000
vn -0.0000 -0.0000 1.0000
vn -0.0000 1.0000 -0.0000
vn -0.0000 -0.0000 -1.0000
vn 1.0000 -0.0000 -0.0000
vt 0.131944 0.746173
vt 0.131944 0.750000
vt 0.127935 0.750000
vt 0.125000 0.746173
vt 0.450000 0.993056
vt 0.450000 1.000000
vt 0.406699 1.000000
vt 0.375000 0.993056
vt 0.450000 0.003827
vt 0.375000 0.003827
vt 0.375000 0.001617
vt 0.450000 0.000000
vt 0.550000 0.993056
vt 0.625000 0.993056
vt 0.625000 0.997065
vt 0.550000 1.000000
vt 0.868056 0.746173
vt 0.875000 0.746173
vt 0.875000 0.748383
vt 0.868056 0.750000
vt 0.550000 0.003827
vt 0.550000 0.000000
vt 0.593301 0.000000
vt 0.625000 0.003827
vt 0.131944 0.503827
vt 0.125000 0.503826
vt 0.125000 0.501617
vt 0.131944 0.500000
vt 0.450000 0.246173
vt 0.450000 0.250000
vt 0.390849 0.251468
vt 0.375000 0.246173
vt 0.450000 0.256944
vt 0.375000 0.256944
vt 0.868056 0.503827
vt 0.868056 0.500000
vt 0.872065 0.500000
vt 0.875000 0.503826
vt 0.550000 0.256944
vt 0.550000 0.250000
vt 0.609151 0.249191
vt 0.625000 0.256944
vt 0.550000 0.246173
vt 0.625000 0.246173
vt 0.368056 0.746174
vt 0.375000 0.746174
vt 0.385566 0.750439
vt 0.371528 0.753472
vt 0.450000 0.746174
vt 0.450000 0.750000
vt 0.450000 0.756944
vt 0.631944 0.746173
vt 0.628472 0.753472
vt 0.615412 0.749461
vt 0.625000 0.746174
vt 0.550000 0.756944
vt 0.550000 0.750000
vt 0.550000 0.746173
vt 0.368056 0.503826
vt 0.371528 0.496528
vt 0.384588 0.500539
vt 0.375000 0.503826
vt 0.450000 0.493056
vt 0.450000 0.500000
vt 0.450000 0.503826
vt 0.631945 0.503827
vt 0.625000 0.503826
vt 0.614434 0.499561
vt 0.628472 0.496528
vt 0.550000 0.503826
vt 0.550000 0.500000
vt 0.550000 0.493056
s 0
usemtl Cream_Cabinets
f 2465/3423/2235 2468/3424/2235 2469/3425/2235 2471/3426/2235
f 2466/3427/2236 2470/3428/2236 2469/3429/2236 2468/3430/2236
f 2467/3431/2237 2471/3432/2237 2469/3433/2237 2470/3434/2237
f 2472/3435/2238 2475/3436/2238 2476/3437/2238 2478/3438/2238
f 2473/3439/2239 2477/3440/2239 2476/3441/2239 2475/3442/2239
f 2474/3443/2240 2478/3444/2240 2476/3445/2240 2477/3446/2240
f 2479/3447/2241 2482/3448/2241 2483/3449/2241 2485/3450/2241
f 2480/3451/2242 2484/3452/2242 2483/3453/2242 2482/3454/2242
f 2481/3455/2243 2485/3456/2243 2483/3453/2243 2484/3452/2243
f 2486/3457/2244 2489/3458/2244 2490/3459/2244 2492/3460/2244
f 2487/3461/2245 2491/3462/2245 2490/3463/2245 2489/3464/2245
f 2488/3465/2246 2492/3466/2246 2490/3463/2246 2491/3462/2246
f 2493/3467/2247 2496/3468/2247 2497/3469/2247 2499/3470/2247
f 2494/3471/2248 2498/3472/2248 2497/3469/2248 2496/3468/2248
f 2495/3473/2249 2499/3470/2249 2497/3469/2249 2498/3472/2249
f 2500/3474/2250 2503/3475/2250 2504/3476/2250 2506/3477/2250
f 2501/3478/2251 2505/3479/2251 2504/3476/2251 2503/3475/2251
f 2502/3480/2252 2506/3477/2252 2504/3476/2252 2505/3479/2252
f 2507/3481/2253 2510/3482/2253 2511/3483/2253 2513/3484/2253
f 2508/3485/2254 2512/3486/2254 2511/3483/2254 2510/3482/2254
f 2509/3487/2255 2513/3484/2255 2511/3483/2255 2512/3486/2255
f 2514/3488/2256 2517/3489/2256 2518/3490/2256 2520/3491/2256
f 2515/3492/2257 2519/3493/2257 2518/3490/2257 2517/3489/2257
f 2516/3494/2258 2520/3491/2258 2518/3490/2258 2519/3493/2258
f 2479/3447/2259 2465/3423/2259 2471/3426/2259 2482/3448/2259
f 2482/3454/2260 2471/3432/2260 2467/3431/2260 2480/3451/2260
f 2466/3427/2261 2472/3435/2261 2478/3438/2261 2470/3428/2261
f 2470/3434/2262 2478/3444/2262 2474/3443/2262 2467/3431/2262
f 2473/3439/2263 2486/3457/2263 2492/3460/2263 2477/3440/2263
f 2477/3446/2264 2492/3466/2264 2488/3465/2264 2474/3443/2264
f 2487/3461/2265 2481/3455/2265 2484/3452/2265 2491/3462/2265
f 2491/3462/2266 2484/3452/2266 2480/3451/2266 2488/3465/2266
f 2507/3481/2267 2479/3447/2267 2485/3450/2267 2510/3482/2267
f 2510/3482/2268 2485/3456/2268 2481/3455/2268 2508/3485/2268
f 2486/3457/2269 2514/3488/2269 2520/3491/2269 2489/3458/2269
f 2489/3464/2270 2520/3491/2270 2516/3494/2270 2487/3461/2270
f 2515/3492/2271 2509/3487/2271 2512/3486/2271 2519/3493/2271
f 2519/3493/2272 2512/3486/2272 2508/3485/2272 2516/3494/2272
f 2493/3467/2273 2507/3481/2273 2513/3484/2273 2496/3468/2273
f 2496/3468/2274 2513/3484/2274 2509/3487/2274 2494/3471/2274
f 2514/3488/2275 2500/3474/2275 2506/3477/2275 2517/3489/2275
f 2517/3489/2276 2506/3477/2276 2502/3480/2276 2515/3492/2276
f 2501/3478/2277 2495/3473/2277 2498/3472/2277 2505/3479/2277
f 2505/3479/2278 2498/3472/2278 2494/3471/2278 2502/3480/2278
f 2465/3423/2279 2493/3467/2279 2499/3470/2279 2468/3424/2279
f 2468/3430/2280 2499/3470/2280 2495/3473/2280 2466/3427/2280
f 2500/3474/2281 2473/3439/2281 2475/3442/2281 2503/3475/2281
f 2503/3475/2282 2475/3436/2282 2472/3435/2282 2501/3478/2282
f 2479/3447/2283 2507/3481/2283 2493/3467/2283 2465/3423/2283
f 2467/3431/2284 2474/3443/2284 2488/3465/2284 2480/3451/2284
f 2495/3473/2285 2501/3478/2285 2472/3435/2285 2466/3427/2285
f 2514/3488/2286 2486/3457/2286 2473/3439/2286 2500/3474/2286
f 2481/3455/2287 2487/3461/2287 2516/3494/2287 2508/3485/2287
f 2509/3487/2288 2515/3492/2288 2502/3480/2288 2494/3471/2288
o Shelf_1_3_2.0
v 1.035000 1.975000 -3.725000
v 1.035000 1.990000 -3.710000
v 1.020000 1.990000 -3.725000
v 1.035000 1.979393 -3.714393
v 1.026340 1.981340 -3.716340
v 1.024393 1.990000 -3.714393
v 1.024393 1.979393 -3.725000
v 1.035000 2.010000 -3.710000
v 1.035000 2.025000 -3.725000
v 1.020000 2.010000 -3.725000
v 1.035000 2.020607 -3.714393
v 1.026340 2.018660 -3.716340
v 1.024393 2.020607 -3.725000
v 1.024393 2.010000 -3.714393
v 1.035000 1.975000 -4.675000
v 1.020000 1.990000 -4.675000
v 1.035000 1.990000 -4.690000
v 1.024393 1.979393 -4.675000
v 1.026340 1.981340 -4.683660
v 1.024393 1.990000 -4.685606
v 1.035000 1.979393 -4.685606
v 1.035000 2.025000 -4.675000
v 1.035000 2.010000 -4.690000
v 1.020000 2.010000 -4.675000
v 1.035000 2.020607 -4.685606
v 1.026340 2.018660 -4.683660
v 1.024393 2.010000 -4.685606
v 1.024393 2.020607 -4.675000
v 1.545000 1.975000 -3.725000
v 1.560000 1.990000 -3.725000
v 1.545000 1.990000 -3.710000
v 1.555607 1.979393 -3.725000
v 1.553660 1.981340 -3.716340
v 1.555607 1.990000 -3.714393
v 1.545000 1.979393 -3.714393
v 1.545000 2.025000 -3.725000
v 1.545000 2.010000 -3.710000
v 1.560000 2.010000 -3.725000
v 1.545000 2.020607 -3.714393
v 1.553660 2.018660 -3.716340
v 1.555607 2.010000 -3.714393
v 1.555607 2.020607 -3.725000
v 1.545000 1.975000 -4.675000
v 1.545000 1.990000 -4.690000
v 1.560000 1.990000 -4.675000
v 1.545000 1.979393 -4.685606
v 1.553660 1.981340 -4.683660
v 1.555607 1.990000 -4.685606
v 1.555607 1.979393 -4.675000
v 1.545000 2.025000 -4.675000
v 1.560000 2.010000 -4.675000
v 1.545000 2.010000 -4.690000
v 1.555607 2.020607 -4.675000
v 1.553660 2.018660 -4.683660
v 1.555607 2.010000 -4.685606
v 1.545000 2.020607 -4.685606
vn -0.3251 -0.8881 0.3251
vn -0.3251 -0.3251 0.8881
vn -0.8881 -0.3251 0.3251
vn -0.3251 0.3251 0.8881
vn -0.3251 0.8881 0.3251
vn -0.8881 0.3251 0.3251
vn -0.3251 -0.8881 -0.3251
vn -0.8881 -0.3251 -0.3251
vn -0.3251 -0.3251 -0.8881
vn -0.3251 0.8881 -0.3251
vn -0.3251 0.3251 -0.8881
vn -0.8881 0.3251 -0.3251
vn 0.3251 -0.8881 0.3251
vn 0.8881 -0.3251 0.3251
vn 0.3251 -0.3251 0.8881
vn 0.3251 0.8881 0.3251
vn 0.3251 0.3251 0.8881
vn 0.8881 0.3251 0.3251
vn 0.3251 -0.8881 -0.3251
vn 0.3251 -0.3251 -0.8881
vn 0.8881 -0.3251 -0.3251
vn 0.3251 0.8881 -0.3251
vn 0.8881 0.3251 -0.3251
vn 0.3251 0.3251 -0.8881
vn -0.3827 -0.9239 -0.0000
vn -0.9239 -0.3827 -0.0000
vn -0.3827 -0.0000 0.9239
vn -0.9239 -0.0000 0.3827
vn -0.3827 0.9239 -0.0000
vn -0.9239 0.3827 -0.0000
vn -0.3827 -0.0000 -0.9239
vn -0.9239 -0.0000 -0.3827
vn -0.0000 -0.9239 -0.3827
vn -0.0000 -0.3827 -0.9239
vn -0.0000 0.9239 -0.3827
vn -0.0000 0.3827 -0.9239
vn 0.9239 -0.0000 -0.3827
vn 0.3827 -0.0000 -0.9239
vn 0.3827 -0.9239 -0.0000
vn 0.9239 -0.3827 -0.0000
vn 0.3827 0.9239 -0.0000
vn 0.9239 0.3827 -0.0000
vn 0.3827 -0.0000 0.9239
vn 0.9239 -0.0000 0.3827
vn -0.0000 -0.9239 0.3827
vn -0.0000 -0.3827 0.9239
vn -0.0000 0.9239 0.3827
vn -0.0000 0.3827 0.9239
vn -0.0000 -1.0000 -0.0000
vn -1.0000 -0.0000 -0.0000
vn -0.0000 -0.0000 1.0000
vn -0.0000 1.0000 -0.0000
vn -0.0000 -0.0000 -1.0000
vn 1.0000 -0.0000 -0.0000
vt 0.131944 0.746173
vt 0.131944 0.750000
vt 0.127935 0.750000
vt 0.125000 0.746173
vt 0.450000 0.993056
vt 0.450000 1.000000
vt 0.406699 1.000000
vt 0.375000 0.993056
vt 0.450000 0.003827
vt 0.375000 0.003827
vt 0.375000 0.001617
vt 0.450000 0.000000
vt 0.550000 0.993056
vt 0.625000 0.993056
vt 0.625000 0.997065
vt 0.550000 1.000000
vt 0.868056 0.746173
vt 0.875000 0.746173
vt 0.875000 0.748383
vt 0.868056 0.750000
vt 0.550000 0.003827
vt 0.550000 0.000000
vt 0.593301 0.000000
vt 0.625000 0.003827
vt 0.131944 0.503827
vt 0.125000 0.503826
vt 0.125000 0.501617
vt 0.131944 0.500000
vt 0.450000 0.246173
vt 0.450000 0.250000
vt 0.390849 0.251468
vt 0.375000 0.246173
vt 0.450000 0.256944
vt 0.375000 0.256944
vt 0.868056 0.503827
vt 0.868056 0.500000
vt 0.872065 0.500000
vt 0.875000 0.503826
vt 0.550000 0.256944
vt 0.550000 0.250000
vt 0.609151 0.249191
vt 0.625000 0.256944
vt 0.550000 0.246173
vt 0.625000 0.246173
vt 0.368056 0.746174
vt 0.375000 0.746174
vt 0.385566 0.750439
vt 0.371528 0.753472
vt 0.450000 0.746174
vt 0.450000 0.750000
vt 0.450000 0.756944
vt 0.631944 0.746173
vt 0.628472 0.753472
vt 0.615412 0.749461
vt 0.625000 0.746174
vt 0.550000 0.756944
vt 0.550000 0.750000
vt 0.550000 0.746173
vt 0.368056 0.503826
vt 0.371528 0.496528
vt 0.384588 0.500539
vt 0.375000 0.503826
vt 0.450000 0.493056
vt 0.450000 0.500000
vt 0.450000 0.503826
vt 0.631945 0.503827
vt 0.625000 0.503826
vt 0.614434 0.499561
vt 0.628472 0.496528
vt 0.550000 0.503826
vt 0.550000 0.500000
vt 0.550000 0.493056
s 0
usemtl Cream_Cabinets
f 2521/3495/2289 2524/3496/2289 2525/3497/2289 2527/3498/2289
f 2522/3499/2290 2526/3500/2290 2525/3501/2290 2524/3502/2290
f 2523/3503/2291 2527/3504/2291 2525/3505/2291 2526/3506/2291
f 2528/3507/2292 2531/3508/2292 2532/3509/2292 2534/3510/2292
f 2529/3511/2293 2533/3512/2293 2532/3513/2293 2531/3514/2293
f 2530/3515/2294 2534/3516/2294 2532/3517/2294 2533/3518/2294
f 2535/3519/2295 2538/3520/2295 2539/3521/2295 2541/3522/2295
f 2536/3523/2296 2540/3524/2296 2539/3525/2296 2538/3526/2296
f 2537/3527/2297 2541/3528/2297 2539/3525/2297 2540/3524/2297
f 2542/3529/2298 2545/3530/2298 2546/3531/2298 2548/3532/2298
f 2543/3533/2299 2547/3534/2299 2546/3535/2299 2545/3536/2299
f 2544/3537/2300 2548/3538/2300 2546/3535/2300 2547/3534/2300
f 2549/3539/2301 2552/3540/2301 2553/3541/2301 2555/3542/2301
f 2550/3543/2302 2554/3544/2302 2553/3541/2302 2552/3540/2302
f 2551/3545/2303 2555/3542/2303 2553/3541/2303 2554/3544/2303
f 2556/3546/2304 2559/3547/2304 2560/3548/2304 2562/3549/2304
f 2557/3550/2305 2561/3551/2305 2560/3548/2305 2559/3547/2305
f 2558/3552/2306 2562/3549/2306 2560/3548/2306 2561/3551/2306
f 2563/3553/2307 2566/3554/2307 2567/3555/2307 2569/3556/2307
f 2564/3557/2308 2568/3558/2308 2567/3555/2308 2566/3554/2308
f 2565/3559/2309 2569/3556/2309 2567/3555/2309 2568/3558/2309
f 2570/3560/2310 2573/3561/2310 2574/3562/2310 2576/3563/2310
f 2571/3564/2311 2575/3565/2311 2574/3562/2311 2573/3561/2311
f 2572/3566/2312 2576/3563/2312 2574/3562/2312 2575/3565/2312
f 2535/3519/2313 2521/3495/2313 2527/3498/2313 2538/3520/2313
f 2538/3526/2314 2527/3504/2314 2523/3503/2314 2536/3523/2314
f 2522/3499/2315 2528/3507/2315 2534/3510/2315 2526/3500/2315
f 2526/3506/2316 2534/3516/2316 2530/3515/2316 2523/3503/2316
f 2529/3511/2317 2542/3529/2317 2548/3532/2317 2533/3512/2317
f 2533/3518/2318 2548/3538/2318 2544/3537/2318 2530/3515/2318
f 2543/3533/2319 2537/3527/2319 2540/3524/2319 2547/3534/2319
f 2547/3534/2320 2540/3524/2320 2536/3523/2320 2544/3537/2320
f 2563/3553/2321 2535/3519/2321 2541/3522/2321 2566/3554/2321
f 2566/3554/2322 2541/3528/2322 2537/3527/2322 2564/3557/2322
f 2542/3529/2323 2570/3560/2323 2576/3563/2323 2545/3530/2323
f 2545/3536/2324 2576/3563/2324 2572/3566/2324 2543/3533/2324
f 2571/3564/2325 2565/3559/2325 2568/3558/2325 2575/3565/2325
f 2575/3565/2326 2568/3558/2326 2564/3557/2326 2572/3566/2326
f 2549/3539/2327 2563/3553/2327 2569/3556/2327 2552/3540/2327
f 2552/3540/2328 2569/3556/2328 2565/3559/2328 2550/3543/2328
f 2570/3560/2329 2556/3546/2329 2562/3549/2329 2573/3561/2329
f 2573/3561/2330 2562/3549/2330 2558/3552/2330 2571/3564/2330
f 2557/3550/2331 2551/3545/2331 2554/3544/2331 2561/3551/2331
f 2561/3551/2332 2554/3544/2332 2550/3543/2332 2558/3552/2332
f 2521/3495/2333 2549/3539/2333 2555/3542/2333 2524/3496/2333
f 2524/3502/2334 2555/3542/2334 2551/3545/2334 2522/3499/2334
f 2556/3546/2335 2529/3511/2335 2531/3514/2335 2559/3547/2335
f 2559/3547/2336 2531/3508/2336 2528/3507/2336 2557/3550/2336
f 2535/3519/2337 2563/3553/2337 2549/3539/2337 2521/3495/2337
f 2523/3503/2338 2530/3515/2338 2544/3537/2338 2536/3523/2338
f 2551/3545/2339 2557/3550/2339 2528/3507/2339 2522/3499/2339
f 2570/3560/2340 2542/3529/2340 2529/3511/2340 2556/3546/2340
f 2537/3527/2341 2543/3533/2341 2572/3566/2341 2564/3557/2341
f 2565/3559/2342 2571/3564/2342 2558/3552/2342 2550/3543/2342
o Hanging_Rod_1_3
v 1.290000 1.742000 -4.630000
v 1.290000 1.742000 -3.770000
v 1.295694 1.741250 -4.630000
v 1.295694 1.741250 -3.770000
v 1.301000 1.739053 -4.630000
v 1.301000 1.739053 -3.770000
v 1.305556 1.735556 -4.630000
v 1.305556 1.735556 -3.770000
v 1.309052 1.731000 -4.630000
v 1.309052 1.731000 -3.770000
v 1.311250 1.725694 -4.630000
v 1.311250 1.725694 -3.770000
v 1.312000 1.720000 -4.630000
v 1.312000 1.720000 -3.770000
v 1.311250 1.714306 -4.630000
v 1.311250 1.714306 -3.770000
v 1.309052 1.709000 -4.630000
v 1.309052 1.709000 -3.770000
v 1.305556 1.704444 -4.630000
v 1.305556 1.704444 -3.770000
v 1.301000 1.700948 -4.630000
v 1.301000 1.700947 -3.770000
v 1.295694 1.698750 -4.630000
v 1.295694 1.698750 -3.770000
v 1.290000 1.698000 -4.630000
v 1.290000 1.698000 -3.770000
v 1.284306 1.698750 -4.630000
v 1.284306 1.698750 -3.770000
v 1.279000 1.700948 -4.630000
v 1.279000 1.700947 -3.770000
v 1.274444 1.704444 -4.630000
v 1.274444 1.704444 -3.770000
v 1.270947 1.709000 -4.630000
v 1.270947 1.709000 -3.770000
v 1.268750 1.714306 -4.630000
v 1.268750 1.714306 -3.770000
v 1.268000 1.720000 -4.630000
v 1.268000 1.720000 -3.770000
v 1.268750 1.725694 -4.630000
v 1.268750 1.725694 -3.770000
v 1.270947 1.731000 -4.630000
v 1.270947 1.731000 -3.770000
v 1.274444 1.735556 -4.630000
v 1.274444 1.735556 -3.770000
v 1.279000 1.739053 -4.630000
v 1.279000 1.739053 -3.770000
v 1.284306 1.741250 -4.630000
v 1.284306 1.741250 -3.770000
vn 0.1305 0.9914 -0.0000
vn 0.3827 0.9239 -0.0000
vn 0.6088 0.7934 -0.0000
vn 0.7934 0.6088 -0.0000
vn 0.9239 0.3827 -0.0000
vn 0.9914 0.1305 -0.0000
vn 0.9914 -0.1305 -0.0000
vn 0.9239 -0.3827 -0.0000
vn 0.7934 -0.6088 -0.0000
vn 0.6088 -0.7934 -0.0000
vn 0.3827 -0.9239 -0.0000
vn 0.1305 -0.9914 -0.0000
vn -0.1305 -0.9914 -0.0000
vn -0.3827 -0.9239 -0.0000
vn -0.6088 -0.7934 -0.0000
vn -0.7934 -0.6088 -0.0000
vn -0.9239 -0.3827 -0.0000
vn -0.9914 -0.1305 -0.0000
vn -0.9914 0.1305 -0.0000
vn -0.9239 0.3827 -0.0000
vn -0.7934 0.6088 -0.0000
vn -0.6088 0.7934 -0.0000
vn -0.0000 -0.0000 1.0000
vn -0.3827 0.9239 -0.0000
vn -0.1305 0.9914 -0.0000
vn -0.0000 -0.0000 -1.0000
vt 1.000000 0.500000
vt 1.000000 1.000000
vt 0.958333 1.000000
vt 0.958333 0.500000
vt 0.916667 1.000000
vt 0.916667 0.500000
vt 0.875000 1.000000
vt 0.875000 0.500000
vt 0.833333 1.000000
vt 0.833333 0.500000
vt 0.791667 1.000000
vt 0.791667 0.500000
vt 0.750000 1.000000
vt 0.750000 0.500000
vt 0.708333 1.000000
vt 0.708333 0.500000
vt 0.666667 1.000000
vt 0.666667 0.500000
vt 0.625000 1.000000
vt 0.625000 0.500000
vt 0.583333 1.000000
vt 0.583333 0.500000
vt 0.541666 1.000000
vt 0.541666 0.500000
vt 0.500000 1.000000
vt 0.500000 0.500000
vt 0.458333 1.000000
vt 0.458333 0.500000
vt 0.416666 1.000000
vt 0.416666 0.500000
vt 0.375000 1.000000
vt 0.375000 0.500000
vt 0.333333 1.000000
vt 0.333333 0.500000
vt 0.291667 1.000000
vt 0.291667 0.500000
vt 0.250000 1.000000
vt 0.250000 0.500000
vt 0.208333 1.000000
vt 0.208333 0.500000
vt 0.166666 1.000000
vt 0.166666 0.500000
vt 0.125000 1.000000
vt 0.125000 0.500000
vt 0.083333 1.000000
vt 0.083333 0.500000
vt 0.312117 0.481822
vt 0.250000 0.490000
vt 0.187883 0.481822
vt 0.130000 0.457846
vt 0.080294 0.419706
vt 0.042154 0.370000
vt 0.018178 0.312117
vt 0.010000 0.250000
vt 0.018178 0.187883
vt 0.042154 0.130000
vt 0.080294 0.080294
vt 0.130000 0.042154
vt 0.187883 0.018178
vt 0.250000 0.010000
vt 0.312117 0.018178
vt 0.370000 0.042154
vt 0.419706 0.080294
vt 0.457846 0.130000
vt 0.481822 0.187883
vt 0.490000 0.250000
vt 0.481822 0.312117
vt 0.457846 0.370000
vt 0.419706 0.419706
vt 0.370000 0.457846
vt 0.041666 1.000000
vt 0.041666 0.500000
vt -0.000000 1.000000
vt -0.000000 0.500000
vt 0.750000 0.490000
vt 0.812117 0.481822
vt 0.870000 0.457846
vt 0.919706 0.419706
vt 0.957846 0.370000
vt 0.981822 0.312117
vt 0.990000 0.250000
vt 0.981822 0.187883
vt 0.957846 0.130000
vt 0.919706 0.080294
vt 0.870000 0.042154
vt 0.812117 0.018178
vt 0.750000 0.010000
vt 0.687883 0.018178
vt 0.630000 0.042154
vt 0.580294 0.080294
vt 0.542154 0.130000
vt 0.518178 0.187883
vt 0.510000 0.250000
vt 0.518178 0.312117
vt 0.542154 0.370000
vt 0.580294 0.419706
vt 0.630000 0.457846
vt 0.687883 0.481822
s 0
usemtl Radiator_Metal
f 2577/3567/2343 2578/3568/2343 2580/3569/2343 2579/3570/2343
f 2579/3570/2344 2580/3569/2344 2582/3571/2344 2581/3572/2344
f 2581/3572/2345 2582/3571/2345 2584/3573/2345 2583/3574/2345
f 2583/3574/2346 2584/3573/2346 2586/3575/2346 2585/3576/2346
f 2585/3576/2347 2586/3575/2347 2588/3577/2347 2587/3578/2347
f 2587/3578/2348 2588/3577/2348 2590/3579/2348 2589/3580/2348
f 2589/3580/2349 2590/3579/2349 2592/3581/2349 2591/3582/2349
f 2591/3582/2350 2592/3581/2350 2594/3583/2350 2593/3584/2350
f 2593/3584/2351 2594/3583/2351 2596/3585/2351 2595/3586/2351
f 2595/3586/2352 2596/3585/2352 2598/3587/2352 2597/3588/2352
f 2597/3588/2353 2598/3587/2353 2600/3589/2353 2599/3590/2353
f 2599/3590/2354 2600/3589/2354 2602/3591/2354 2601/3592/2354
f 2601/3592/2355 2602/3591/2355 2604/3593/2355 2603/3594/2355
f 2603/3594/2356 2604/3593/2356 2606/3595/2356 2605/3596/2356
f 2605/3596/2357 2606/3595/2357 2608/3597/2357 2607/3598/2357
f 2607/3598/2358 2608/3597/2358 2610/3599/2358 2609/3600/2358
f 2609/3600/2359 2610/3599/2359 2612/3601/2359 2611/3602/2359
f 2611/3602/2360 2612/3601/2360 2614/3603/2360 2613/3604/2360
f 2613/3604/2361 2614/3603/2361 2616/3605/2361 2615/3606/2361
f 2615/3606/2362 2616/3605/2362 2618/3607/2362 2617/3608/2362
f 2617/3608/2363 2618/3607/2363 2620/3609/2363 2619/3610/2363
f 2619/3610/2364 2620/3609/2364 2622/3611/2364 2621/3612/2364
f 2580/3613/2365 2578/3614/2365 2624/3615/2365 2622/3616/2365 2620/3617/2365 2618/3618/2365 2616/3619/2365 2614/3620/2365 2612/3621/2365 2610/3622/2365 2608/3623/2365 2606/3624/2365 2604/3625/2365 2602/3626/2365 2600/3627/2365 2598/3628/2365 2596/3629/2365 2594/3630/2365 2592/3631/2365 2590/3632/2365 2588/3633/2365 2586/3634/2365 2584/3635/2365 2582/3636/2365
f 2621/3612/2366 2622/3611/2366 2624/3637/2366 2623/3638/2366
f 2623/3638/2367 2624/3637/2367 2578/3639/2367 2577/3640/2367
f 2577/3641/2368 2579/3642/2368 2581/3643/2368 2583/3644/2368 2585/3645/2368 2587/3646/2368 2589/3647/2368 2591/3648/2368 2593/3649/2368 2595/3650/2368 2597/3651/2368 2599/3652/2368 2601/3653/2368 2603/3654/2368 2605/3655/2368 2607/3656/2368 2609/3657/2368 2611/3658/2368 2613/3659/2368 2615/3660/2368 2617/3661/2368 2619/3662/2368 2621/3663/2368 2623/3664/2368
o Tall_Right_Door
v 1.540000 0.045000 -0.105000
v 1.540000 0.060000 -0.090000
v 1.525000 0.060000 -0.105000
v 1.540000 0.049393 -0.094393
v 1.531340 0.051340 -0.096340
v 1.529393 0.060000 -0.094393
v 1.529393 0.049393 -0.105000
v 1.540000 2.380000 -0.090000
v 1.540000 2.395000 -0.105000
v 1.525000 2.380000 -0.105000
v 1.540000 2.390607 -0.094393
v 1.531340 2.388660 -0.096340
v 1.529393 2.390607 -0.105000
v 1.529393 2.380000 -0.094393
v 1.540000 0.045000 -0.795000
v 1.525000 0.060000 -0.795000
v 1.540000 0.060000 -0.810000
v 1.529393 0.049393 -0.795000
v 1.531340 0.051340 -0.803660
v 1.529393 0.060000 -0.805607
v 1.540000 0.049393 -0.805607
v 1.540000 2.395000 -0.795000
v 1.540000 2.380000 -0.810000
v 1.525000 2.380000 -0.795000
v 1.540000 2.390607 -0.805607
v 1.531340 2.388660 -0.803660
v 1.529393 2.380000 -0.805607
v 1.529393 2.390607 -0.795000
v 1.580000 0.045000 -0.105000
v 1.595000 0.060000 -0.105000
v 1.580000 0.060000 -0.090000
v 1.590607 0.049393 -0.105000
v 1.588660 0.051340 -0.096340
v 1.590607 0.060000 -0.094393
v 1.580000 0.049393 -0.094393
v 1.580000 2.395000 -0.105000
v 1.580000 2.380000 -0.090000
v 1.595000 2.380000 -0.105000
v 1.580000 2.390607 -0.094393
v 1.588660 2.388660 -0.096340
v 1.590607 2.380000 -0.094393
v 1.590607 2.390607 -0.105000
v 1.580000 0.045000 -0.795000
v 1.580000 0.060000 -0.810000
v 1.595000 0.060000 -0.795000
v 1.580000 0.049393 -0.805607
v 1.588660 0.051340 -0.803660
v 1.590607 0.060000 -0.805607
v 1.590607 0.049393 -0.795000
v 1.580000 2.395000 -0.795000
v 1.595000 2.380000 -0.795000
v 1.580000 2.380000 -0.810000
v 1.590607 2.390607 -0.795000
v 1.588660 2.388660 -0.803660
v 1.590607 2.380000 -0.805607
v 1.580000 2.390607 -0.805607
vn -0.3251 -0.8881 0.3251
vn -0.3251 -0.3251 0.8881
vn -0.8881 -0.3251 0.3251
vn -0.3251 0.3251 0.8881
vn -0.3251 0.8881 0.3251
vn -0.8881 0.3251 0.3251
vn -0.3251 -0.8881 -0.3251
vn -0.8881 -0.3251 -0.3251
vn -0.3251 -0.3251 -0.8881
vn -0.3251 0.8881 -0.3251
vn -0.3251 0.3251 -0.8881
vn -0.8881 0.3251 -0.3251
vn 0.3251 -0.8881 0.3251
vn 0.8881 -0.3251 0.3251
vn 0.3251 -0.3251 0.8881
vn 0.3251 0.8881 0.3251
vn 0.3251 0.3251 0.8881
vn 0.8881 0.3251 0.3251
vn 0.3251 -0.8881 -0.3251
vn 0.3251 -0.3251 -0.8881
vn 0.8881 -0.3251 -0.3251
vn 0.3251 0.8881 -0.3251
vn 0.8881 0.3251 -0.3251
vn 0.3251 0.3251 -0.8881
vn -0.3827 -0.9239 -0.0000
vn -0.9239 -0.3827 -0.0000
vn -0.3827 -0.0000 0.9239
vn -0.9239 -0.0000 0.3827
vn -0.3827 0.9239 -0.0000
vn -0.9239 0.3827 -0.0000
vn -0.3827 -0.0000 -0.9239
vn -0.9239 -0.0000 -0.3827
vn -0.0000 -0.9239 -0.3827
vn -0.0000 -0.3827 -0.9239
vn -0.0000 0.9239 -0.3827
vn -0.0000 0.3827 -0.9239
vn 0.9239 -0.0000 -0.3827
vn 0.3827 -0.0000 -0.9239
vn 0.3827 -0.9239 -0.0000
vn 0.9239 -0.3827 -0.0000
vn 0.3827 0.9239 -0.0000
vn 0.9239 0.3827 -0.0000
vn 0.3827 -0.0000 0.9239
vn 0.9239 -0.0000 0.3827
vn -0.0000 -0.9239 0.3827
vn -0.0000 -0.3827 0.9239
vn -0.0000 0.9239 0.3827
vn -0.0000 0.3827 0.9239
vn -0.0000 -1.0000 -0.0000
vn -1.0000 -0.0000 -0.0000
vn -0.0000 -0.0000 1.0000
vn -0.0000 1.0000 -0.0000
vn -0.0000 -0.0000 -1.0000
vn 1.0000 -0.0000 -0.0000
vt 0.178571 0.744792
vt 0.178571 0.750000
vt 0.147642 0.750000
vt 0.125000 0.744792
vt 0.376596 0.946429
vt 0.376596 1.000000
vt 0.375674 1.000000
vt 0.375000 0.946428
vt 0.376596 0.005208
vt 0.375000 0.005208
vt 0.375000 0.002201
vt 0.376596 0.000000
vt 0.623404 0.946429
vt 0.625000 0.946429
vt 0.625000 0.977358
vt 0.623404 1.000000
vt 0.821428 0.744792
vt 0.875000 0.744792
vt 0.875000 0.747799
vt 0.821429 0.750000
vt 0.623404 0.005208
vt 0.623404 0.000000
vt 0.624326 0.000000
vt 0.625000 0.005208
vt 0.178571 0.505208
vt 0.125000 0.505208
vt 0.125000 0.502201
vt 0.178571 0.500000
vt 0.376596 0.244792
vt 0.376596 0.250000
vt 0.375337 0.261321
vt 0.375000 0.244792
vt 0.376596 0.303571
vt 0.375000 0.303571
vt 0.821429 0.505208
vt 0.821429 0.500000
vt 0.852358 0.500000
vt 0.875000 0.505208
vt 0.623404 0.303571
vt 0.623404 0.250000
vt 0.624663 0.248899
vt 0.625000 0.303571
vt 0.623404 0.244792
vt 0.625000 0.244792
vt 0.321429 0.744792
vt 0.375000 0.744792
vt 0.375225 0.756814
vt 0.348214 0.776786
vt 0.376596 0.744792
vt 0.376596 0.750000
vt 0.376596 0.803571
vt 0.678571 0.744792
vt 0.651786 0.776786
vt 0.632323 0.749266
vt 0.625000 0.744792
vt 0.623404 0.803572
vt 0.623404 0.750000
vt 0.623404 0.744792
vt 0.321429 0.505208
vt 0.348214 0.473214
vt 0.367678 0.500734
vt 0.375000 0.505208
vt 0.376596 0.446429
vt 0.376596 0.500000
vt 0.376596 0.505208
vt 0.678571 0.505208
vt 0.625000 0.505208
vt 0.624775 0.493187
vt 0.651786 0.473214
vt 0.623404 0.505208
vt 0.623404 0.500000
vt 0.623404 0.446429
s 0
usemtl Cream_Cabinets
f 2625/3665/2369 2628/3666/2369 2629/3667/2369 2631/3668/2369
f 2626/3669/2370 2630/3670/2370 2629/3671/2370 2628/3672/2370
f 2627/3673/2371 2631/3674/2371 2629/3675/2371 2630/3676/2371
f 2632/3677/2372 2635/3678/2372 2636/3679/2372 2638/3680/2372
f 2633/3681/2373 2637/3682/2373 2636/3683/2373 2635/3684/2373
f 2634/3685/2374 2638/3686/2374 2636/3687/2374 2637/3688/2374
f 2639/3689/2375 2642/3690/2375 2643/3691/2375 2645/3692/2375
f 2640/3693/2376 2644/3694/2376 2643/3695/2376 2642/3696/2376
f 2641/3697/2377 2645/3698/2377 2643/3695/2377 2644/3694/2377
f 2646/3699/2378 2649/3700/2378 2650/3701/2378 2652/3702/2378
f 2647/3703/2379 2651/3704/2379 2650/3705/2379 2649/3706/2379
f 2648/3707/2380 2652/3708/2380 2650/3705/2380 2651/3704/2380
f 2653/3709/2381 2656/3710/2381 2657/3711/2381 2659/3712/2381
f 2654/3713/2382 2658/3714/2382 2657/3711/2382 2656/3710/2382
f 2655/3715/2383 2659/3712/2383 2657/3711/2383 2658/3714/2383
f 2660/3716/2384 2663/3717/2384 2664/3718/2384 2666/3719/2384
f 2661/3720/2385 2665/3721/2385 2664/3718/2385 2663/3717/2385
f 2662/3722/2386 2666/3719/2386 2664/3718/2386 2665/3721/2386
f 2667/3723/2387 2670/3724/2387 2671/3725/2387 2673/3726/2387
f 2668/3727/2388 2672/3728/2388 2671/3725/2388 2670/3724/2388
f 2669/3729/2389 2673/3726/2389 2671/3725/2389 2672/3728/2389
f 2674/3730/2390 2677/3731/2390 2678/3732/2390 2680/3733/2390
f 2675/3734/2391 2679/3735/2391 2678/3732/2391 2677/3731/2391
f 2676/3736/2392 2680/3733/2392 2678/3732/2392 2679/3735/2392
f 2639/3689/2393 2625/3665/2393 2631/3668/2393 2642/3690/2393
f 2642/3696/2394 2631/3674/2394 2627/3673/2394 2640/3693/2394
f 2626/3669/2395 2632/3677/2395 2638/3680/2395 2630/3670/2395
f 2630/3676/2396 2638/3686/2396 2634/3685/2396 2627/3673/2396
f 2633/3681/2397 2646/3699/2397 2652/3702/2397 2637/3682/2397
f 2637/3688/2398 2652/3708/2398 2648/3707/2398 2634/3685/2398
f 2647/3703/2399 2641/3697/2399 2644/3694/2399 2651/3704/2399
f 2651/3704/2400 2644/3694/2400 2640/3693/2400 2648/3707/2400
f 2667/3723/2401 2639/3689/2401 2645/3692/2401 2670/3724/2401
f 2670/3724/2402 2645/3698/2402 2641/3697/2402 2668/3727/2402
f 2646/3699/2403 2674/3730/2403 2680/3733/2403 2649/3700/2403
f 2649/3706/2404 2680/3733/2404 2676/3736/2404 2647/3703/2404
f 2675/3734/2405 2669/3729/2405 2672/3728/2405 2679/3735/2405
f 2679/3735/2406 2672/3728/2406 2668/3727/2406 2676/3736/2406
f 2653/3709/2407 2667/3723/2407 2673/3726/2407 2656/3710/2407
f 2656/3710/2408 2673/3726/2408 2669/3729/2408 2654/3713/2408
f 2674/3730/2409 2660/3716/2409 2666/3719/2409 2677/3731/2409
f 2677/3731/2410 2666/3719/2410 2662/3722/2410 2675/3734/2410
f 2661/3720/2411 2655/3715/2411 2658/3714/2411 2665/3721/2411
f 2665/3721/2412 2658/3714/2412 2654/3713/2412 2662/3722/2412
f 2625/3665/2413 2653/3709/2413 2659/3712/2413 2628/3666/2413
f 2628/3672/2414 2659/3712/2414 2655/3715/2414 2626/3669/2414
f 2660/3716/2415 2633/3681/2415 2635/3684/2415 2663/3717/2415
f 2663/3717/2416 2635/3678/2416 2632/3677/2416 2661/3720/2416
f 2639/3689/2417 2667/3723/2417 2653/3709/2417 2625/3665/2417
f 2627/3673/2418 2634/3685/2418 2648/3707/2418 2640/3693/2418
f 2655/3715/2419 2661/3720/2419 2632/3677/2419 2626/3669/2419
f 2674/3730/2420 2646/3699/2420 2633/3681/2420 2660/3716/2420
f 2641/3697/2421 2647/3703/2421 2676/3736/2421 2668/3727/2421
f 2669/3729/2422 2675/3734/2422 2662/3722/2422 2654/3713/2422
o Black_Handle
v 1.515000 1.040000 -0.432500
v 1.515000 1.052500 -0.420000
v 1.502500 1.052500 -0.432500
v 1.515000 1.043661 -0.423661
v 1.507783 1.045283 -0.425283
v 1.506161 1.052500 -0.423661
v 1.506161 1.043661 -0.432500
v 1.515000 1.447500 -0.420000
v 1.515000 1.460000 -0.432500
v 1.502500 1.447500 -0.432500
v 1.515000 1.456339 -0.423661
v 1.507783 1.454717 -0.425283
v 1.506161 1.456339 -0.432500
v 1.506161 1.447500 -0.423661
v 1.515000 1.040000 -0.467500
v 1.502500 1.052500 -0.467500
v 1.515000 1.052500 -0.480000
v 1.506161 1.043661 -0.467500
v 1.507783 1.045283 -0.474717
v 1.506161 1.052500 -0.476339
v 1.515000 1.043661 -0.476339
v 1.515000 1.460000 -0.467500
v 1.515000 1.447500 -0.480000
v 1.502500 1.447500 -0.467500
v 1.515000 1.456339 -0.476339
v 1.507783 1.454717 -0.474717
v 1.506161 1.447500 -0.476339
v 1.506161 1.456339 -0.467500
v 1.515000 1.040000 -0.432500
v 1.527500 1.052500 -0.432500
v 1.515000 1.052500 -0.420000
v 1.523839 1.043661 -0.432500
v 1.522217 1.045283 -0.425283
v 1.523839 1.052500 -0.423661
v 1.515000 1.043661 -0.423661
v 1.515000 1.460000 -0.432500
v 1.515000 1.447500 -0.420000
v 1.527500 1.447500 -0.432500
v 1.515000 1.456339 -0.423661
v 1.522217 1.454717 -0.425283
v 1.523839 1.447500 -0.423661
v 1.523839 1.456339 -0.432500
v 1.515000 1.040000 -0.467500
v 1.515000 1.052500 -0.480000
v 1.527500 1.052500 -0.467500
v 1.515000 1.043661 -0.476339
v 1.522217 1.045283 -0.474717
v 1.523839 1.052500 -0.476339
v 1.523839 1.043661 -0.467500
v 1.515000 1.460000 -0.467500
v 1.527500 1.447500 -0.467500
v 1.515000 1.447500 -0.480000
v 1.523839 1.456339 -0.467500
v 1.522217 1.454717 -0.474717
v 1.523839 1.447500 -0.476339
v 1.515000 1.456339 -0.476339
vn -0.3251 -0.8881 0.3251
vn -0.3251 -0.3251 0.8881
vn -0.8881 -0.3251 0.3251
vn -0.3251 0.3251 0.8881
vn -0.3251 0.8881 0.3251
vn -0.8881 0.3251 0.3251
vn -0.3251 -0.8881 -0.3251
vn -0.8881 -0.3251 -0.3251
vn -0.3251 -0.3251 -0.8881
vn -0.3251 0.8881 -0.3251
vn -0.3251 0.3251 -0.8881
vn -0.8881 0.3251 -0.3251
vn 0.3251 -0.8881 0.3251
vn 0.8881 -0.3251 0.3251
vn 0.3251 -0.3251 0.8881
vn 0.3251 0.8881 0.3251
vn 0.3251 0.3251 0.8881
vn 0.8881 0.3251 0.3251
vn 0.3251 -0.8881 -0.3251
vn 0.3251 -0.3251 -0.8881
vn 0.8881 -0.3251 -0.3251
vn 0.3251 0.8881 -0.3251
vn 0.8881 0.3251 -0.3251
vn 0.3251 0.3251 -0.8881
vn -0.3827 -0.9239 -0.0000
vn -0.9239 -0.3827 -0.0000
vn -0.3827 -0.0000 0.9239
vn -0.9239 -0.0000 0.3827
vn -0.3827 0.9239 -0.0000
vn -0.9239 0.3827 -0.0000
vn -0.3827 -0.0000 -0.9239
vn -0.9239 -0.0000 -0.3827
vn -0.0000 0.9239 0.3827
vn -0.0000 0.3827 0.9239
vn -0.0000 -0.9239 0.3827
vn -0.0000 -0.3827 0.9239
vn 0.9239 -0.0000 -0.3827
vn 0.3827 -0.0000 -0.9239
vn 0.3827 -0.9239 -0.0000
vn 0.9239 -0.3827 -0.0000
vn 0.3827 0.9239 -0.0000
vn 0.9239 0.3827 -0.0000
vn 0.3827 -0.0000 0.9239
vn 0.9239 -0.0000 0.3827
vn -0.0000 0.9239 -0.3827
vn -0.0000 0.3827 -0.9239
vn -0.0000 -0.9239 -0.3827
vn -0.0000 -0.3827 -0.9239
vn -0.0000 1.0000 -0.0000
vn -1.0000 -0.0000 -0.0000
vn -0.0000 -1.0000 -0.0000
vn 1.0000 -0.0000 -0.0000
vt 0.250000 0.697917
vt 0.250000 0.750000
vt 0.177831 0.750000
vt 0.125000 0.697917
vt 0.382441 0.875000
vt 0.382441 1.000000
vt 0.378145 1.000000
vt 0.375000 0.875000
vt 0.382441 0.052083
vt 0.375000 0.052083
vt 0.375000 0.022013
vt 0.382440 0.000000
vt 0.617560 0.875000
vt 0.625000 0.875000
vt 0.625000 0.947169
vt 0.617559 1.000000
vt 0.750000 0.697917
vt 0.875000 0.697917
vt 0.875000 0.727987
vt 0.750000 0.750000
vt 0.617559 0.052083
vt 0.617559 0.000000
vt 0.621855 0.000000
vt 0.625000 0.052083
vt 0.250000 0.552083
vt 0.125000 0.552083
vt 0.125000 0.522013
vt 0.250000 0.500000
vt 0.382441 0.197917
vt 0.382441 0.250000
vt 0.376572 0.276416
vt 0.375000 0.197917
vt 0.382441 0.375000
vt 0.375000 0.375000
vt 0.750000 0.552083
vt 0.750000 0.500000
vt 0.822169 0.500000
vt 0.875000 0.552083
vt 0.617560 0.375000
vt 0.617559 0.250000
vt 0.623428 0.238993
vt 0.625000 0.375000
vt 0.617559 0.197917
vt 0.625000 0.197917
vt 0.250000 0.697917
vt 0.375000 0.697917
vt 0.376048 0.760273
vt 0.312500 0.812500
vt 0.382440 0.697917
vt 0.382440 0.750000
vt 0.750000 0.697917
vt 0.687500 0.812500
vt 0.641562 0.742662
vt 0.625000 0.697917
vt 0.617559 0.750000
vt 0.617559 0.697917
vt 0.250000 0.552083
vt 0.312500 0.437500
vt 0.358438 0.507338
vt 0.375000 0.552083
vt 0.382441 0.500000
vt 0.382441 0.552083
vt 0.750000 0.552083
vt 0.625000 0.552083
vt 0.623952 0.489727
vt 0.687500 0.437500
vt 0.617559 0.552083
vt 0.617559 0.500000
s 0
usemtl Dark_Handle
f 2681/3737/2423 2684/3738/2423 2685/3739/2423 2687/3740/2423
f 2682/3741/2424 2686/3742/2424 2685/3743/2424 2684/3744/2424
f 2683/3745/2425 2687/3746/2425 2685/3747/2425 2686/3748/2425
f 2688/3749/2426 2691/3750/2426 2692/3751/2426 2694/3752/2426
f 2689/3753/2427 2693/3754/2427 2692/3755/2427 2691/3756/2427
f 2690/3757/2428 2694/3758/2428 2692/3759/2428 2693/3760/2428
f 2695/3761/2429 2698/3762/2429 2699/3763/2429 2701/3764/2429
f 2696/3765/2430 2700/3766/2430 2699/3767/2430 2698/3768/2430
f 2697/3769/2431 2701/3770/2431 2699/3767/2431 2700/3766/2431
f 2702/3771/2432 2705/3772/2432 2706/3773/2432 2708/3774/2432
f 2703/3775/2433 2707/3776/2433 2706/3777/2433 2705/3778/2433
f 2704/3779/2434 2708/3780/2434 2706/3777/2434 2707/3776/2434
f 2709/3781/2435 2712/3782/2435 2713/3783/2435 2715/3784/2435
f 2710/3785/2436 2714/3786/2436 2713/3783/2436 2712/3782/2436
f 2711/3741/2437 2715/3784/2437 2713/3783/2437 2714/3786/2437
f 2716/3787/2438 2719/3788/2438 2720/3789/2438 2722/3790/2438
f 2717/3749/2439 2721/3791/2439 2720/3789/2439 2719/3788/2439
f 2718/3792/2440 2722/3790/2440 2720/3789/2440 2721/3791/2440
f 2723/3793/2441 2726/3794/2441 2727/3795/2441 2729/3796/2441
f 2724/3769/2442 2728/3797/2442 2727/3795/2442 2726/3794/2442
f 2725/3798/2443 2729/3796/2443 2727/3795/2443 2728/3797/2443
f 2730/3799/2444 2733/3800/2444 2734/3801/2444 2736/3802/2444
f 2731/3803/2445 2735/3804/2445 2734/3801/2445 2733/3800/2445
f 2732/3775/2446 2736/3802/2446 2734/3801/2446 2735/3804/2446
f 2695/3761/2447 2681/3737/2447 2687/3740/2447 2698/3762/2447
f 2698/3768/2448 2687/3746/2448 2683/3745/2448 2696/3765/2448
f 2682/3741/2449 2688/3749/2449 2694/3752/2449 2686/3742/2449
f 2686/3748/2450 2694/3758/2450 2690/3757/2450 2683/3745/2450
f 2689/3753/2451 2702/3771/2451 2708/3774/2451 2693/3754/2451
f 2693/3760/2452 2708/3780/2452 2704/3779/2452 2690/3757/2452
f 2703/3775/2453 2697/3769/2453 2700/3766/2453 2707/3776/2453
f 2707/3776/2454 2700/3766/2454 2696/3765/2454 2704/3779/2454
f 2723/3793/2455 2695/3761/2455 2701/3764/2455 2726/3794/2455
f 2726/3794/2456 2701/3770/2456 2697/3769/2456 2724/3769/2456
f 2702/3771/2457 2730/3799/2457 2736/3802/2457 2705/3772/2457
f 2705/3778/2458 2736/3802/2458 2732/3775/2458 2703/3775/2458
f 2731/3803/2459 2725/3798/2459 2728/3797/2459 2735/3804/2459
f 2735/3804/2460 2728/3797/2460 2724/3769/2460 2732/3775/2460
f 2709/3781/2461 2723/3793/2461 2729/3796/2461 2712/3782/2461
f 2712/3782/2462 2729/3796/2462 2725/3798/2462 2710/3785/2462
f 2730/3799/2463 2716/3787/2463 2722/3790/2463 2733/3800/2463
f 2733/3800/2464 2722/3790/2464 2718/3792/2464 2731/3803/2464
f 2717/3749/2465 2711/3741/2465 2714/3786/2465 2721/3791/2465
f 2721/3791/2466 2714/3786/2466 2710/3785/2466 2718/3792/2466
f 2681/3737/2467 2709/3781/2467 2715/3784/2467 2684/3738/2467
f 2684/3744/2468 2715/3784/2468 2711/3741/2468 2682/3741/2468
f 2716/3787/2469 2689/3753/2469 2691/3756/2469 2719/3788/2469
f 2719/3788/2470 2691/3750/2470 2688/3749/2470 2717/3749/2470
f 2695/3761/2471 2723/3793/2471 2709/3781/2471 2681/3737/2471
f 2683/3745/2472 2690/3757/2472 2704/3779/2472 2696/3765/2472
f 2711/3741/2471 2717/3749/2471 2688/3749/2471 2682/3741/2471
f 2730/3799/2473 2702/3771/2473 2689/3753/2473 2716/3787/2473
f 2697/3769/2471 2703/3775/2471 2732/3775/2471 2724/3769/2471
f 2725/3798/2474 2731/3803/2474 2718/3792/2474 2710/3785/2474
o Window_Glass
v -0.760000 1.040000 -5.102500
v -0.760000 1.055000 -5.087500
v -0.775000 1.055000 -5.102500
v -0.760000 1.044393 -5.091893
v -0.768660 1.046340 -5.093840
v -0.770607 1.055000 -5.091893
v -0.770607 1.044393 -5.102500
v -0.760000 2.045000 -5.087500
v -0.760000 2.060000 -5.102500
v -0.775000 2.045000 -5.102500
v -0.760000 2.055607 -5.091893
v -0.768660 2.053660 -5.093840
v -0.770607 2.055607 -5.102500
v -0.770607 2.045000 -5.091893
v -0.760000 1.040000 -5.107500
v -0.775000 1.055000 -5.107500
v -0.760000 1.055000 -5.122500
v -0.770607 1.044393 -5.107500
v -0.768660 1.046340 -5.116160
v -0.770607 1.055000 -5.118107
v -0.760000 1.044393 -5.118107
v -0.760000 2.060000 -5.107500
v -0.760000 2.045000 -5.122500
v -0.775000 2.045000 -5.107500
v -0.760000 2.055607 -5.118107
v -0.768660 2.053660 -5.116160
v -0.770607 2.045000 -5.118107
v -0.770607 2.055607 -5.107500
v 0.760000 1.040000 -5.102500
v 0.775000 1.055000 -5.102500
v 0.760000 1.055000 -5.087500
v 0.770607 1.044393 -5.102500
v 0.768660 1.046340 -5.093840
v 0.770607 1.055000 -5.091893
v 0.760000 1.044393 -5.091893
v 0.760000 2.060000 -5.102500
v 0.760000 2.045000 -5.087500
v 0.775000 2.045000 -5.102500
v 0.760000 2.055607 -5.091893
v 0.768660 2.053660 -5.093840
v 0.770607 2.045000 -5.091893
v 0.770607 2.055607 -5.102500
v 0.760000 1.040000 -5.107500
v 0.760000 1.055000 -5.122500
v 0.775000 1.055000 -5.107500
v 0.760000 1.044393 -5.118107
v 0.768660 1.046340 -5.116160
v 0.770607 1.055000 -5.118107
v 0.770607 1.044393 -5.107500
v 0.760000 2.060000 -5.107500
v 0.775000 2.045000 -5.107500
v 0.760000 2.045000 -5.122500
v 0.770607 2.055607 -5.107500
v 0.768660 2.053660 -5.116160
v 0.770607 2.045000 -5.118107
v 0.760000 2.055607 -5.118107
vn -0.3251 -0.8881 0.3251
vn -0.3251 -0.3251 0.8881
vn -0.8881 -0.3251 0.3251
vn -0.3251 0.3251 0.8881
vn -0.3251 0.8881 0.3251
vn -0.8881 0.3251 0.3251
vn -0.3251 -0.8881 -0.3251
vn -0.8881 -0.3251 -0.3251
vn -0.3251 -0.3251 -0.8881
vn -0.3251 0.8881 -0.3251
vn -0.3251 0.3251 -0.8881
vn -0.8881 0.3251 -0.3251
vn 0.3251 -0.8881 0.3251
vn 0.8881 -0.3251 0.3251
vn 0.3251 -0.3251 0.8881
vn 0.3251 0.8881 0.3251
vn 0.3251 0.3251 0.8881
vn 0.8881 0.3251 0.3251
vn 0.3251 -0.8881 -0.3251
vn 0.3251 -0.3251 -0.8881
vn 0.8881 -0.3251 -0.3251
vn 0.3251 0.8881 -0.3251
vn 0.8881 0.3251 -0.3251
vn 0.3251 0.3251 -0.8881
vn -0.3827 -0.9239 -0.0000
vn -0.9239 -0.3827 -0.0000
vn -0.3827 -0.0000 0.9239
vn -0.9239 -0.0000 0.3827
vn -0.3827 0.9239 -0.0000
vn -0.9239 0.3827 -0.0000
vn -0.3827 -0.0000 -0.9239
vn -0.9239 -0.0000 -0.3827
vn -0.0000 -0.9239 -0.3827
vn -0.0000 -0.3827 -0.9239
vn -0.0000 0.9239 -0.3827
vn -0.0000 0.3827 -0.9239
vn 0.9239 -0.0000 -0.3827
vn 0.3827 -0.0000 -0.9239
vn 0.3827 -0.9239 -0.0000
vn 0.9239 -0.3827 -0.0000
vn 0.3827 0.9239 -0.0000
vn 0.9239 0.3827 -0.0000
vn 0.3827 -0.0000 0.9239
vn 0.9239 -0.0000 0.3827
vn -0.0000 -0.9239 0.3827
vn -0.0000 -0.3827 0.9239
vn -0.0000 0.9239 0.3827
vn -0.0000 0.3827 0.9239
vn -0.0000 -1.0000 -0.0000
vn -1.0000 -0.0000 -0.0000
vn -0.0000 -0.0000 1.0000
vn -0.0000 1.0000 -0.0000
vn -0.0000 -0.0000 -1.0000
vn 1.0000 -0.0000 -0.0000
vt 0.127419 0.642857
vt 0.127419 0.750000
vt 0.126023 0.750000
vt 0.125000 0.642857
vt 0.378676 0.997581
vt 0.378676 1.000000
vt 0.376554 1.000000
vt 0.375000 0.997581
vt 0.378676 0.107143
vt 0.375000 0.107143
vt 0.375000 0.045284
vt 0.378676 0.000000
vt 0.621324 0.997581
vt 0.625000 0.997581
vt 0.625000 0.998977
vt 0.621324 1.000000
vt 0.872581 0.642857
vt 0.875000 0.642857
vt 0.875000 0.704716
vt 0.872581 0.750000
vt 0.621324 0.107143
vt 0.621324 0.000000
vt 0.623446 0.000000
vt 0.625000 0.107143
vt 0.127419 0.607143
vt 0.125000 0.607143
vt 0.125000 0.545284
vt 0.127419 0.500000
vt 0.378676 0.142857
vt 0.378676 0.250000
vt 0.375777 0.250511
vt 0.375000 0.142857
vt 0.378676 0.252419
vt 0.375000 0.252419
vt 0.872581 0.607143
vt 0.872581 0.500000
vt 0.873977 0.500000
vt 0.875000 0.607143
vt 0.621324 0.252419
vt 0.621324 0.250000
vt 0.624223 0.227358
vt 0.625000 0.252419
vt 0.621323 0.142857
vt 0.625000 0.142857
vt 0.372581 0.642857
vt 0.375000 0.642857
vt 0.375518 0.735246
vt 0.373790 0.751210
vt 0.378677 0.642857
vt 0.378676 0.750000
vt 0.378676 0.752419
vt 0.627419 0.642857
vt 0.626210 0.751210
vt 0.624823 0.734906
vt 0.625000 0.642857
vt 0.621323 0.752419
vt 0.621324 0.750000
vt 0.621323 0.642857
vt 0.372581 0.607143
vt 0.373790 0.498790
vt 0.375177 0.515094
vt 0.375000 0.607143
vt 0.378676 0.497581
vt 0.378676 0.500000
vt 0.378677 0.607143
vt 0.627419 0.607143
vt 0.625000 0.607143
vt 0.624482 0.514754
vt 0.626210 0.498790
vt 0.621324 0.607143
vt 0.621324 0.500000
vt 0.621324 0.497581
s 0
usemtl Window_Glass
f 2737/3805/2475 2740/3806/2475 2741/3807/2475 2743/3808/2475
f 2738/3809/2476 2742/3810/2476 2741/3811/2476 2740/3812/2476
f 2739/3813/2477 2743/3814/2477 2741/3815/2477 2742/3816/2477
f 2744/3817/2478 2747/3818/2478 2748/3819/2478 2750/3820/2478
f 2745/3821/2479 2749/3822/2479 2748/3823/2479 2747/3824/2479
f 2746/3825/2480 2750/3826/2480 2748/3827/2480 2749/3828/2480
f 2751/3829/2481 2754/3830/2481 2755/3831/2481 2757/3832/2481
f 2752/3833/2482 2756/3834/2482 2755/3835/2482 2754/3836/2482
f 2753/3837/2483 2757/3838/2483 2755/3835/2483 2756/3834/2483
f 2758/3839/2484 2761/3840/2484 2762/3841/2484 2764/3842/2484
f 2759/3843/2485 2763/3844/2485 2762/3845/2485 2761/3846/2485
f 2760/3847/2486 2764/3848/2486 2762/3845/2486 2763/3844/2486
f 2765/3849/2487 2768/3850/2487 2769/3851/2487 2771/3852/2487
f 2766/3853/2488 2770/3854/2488 2769/3851/2488 2768/3850/2488
f 2767/3855/2489 2771/3852/2489 2769/3851/2489 2770/3854/2489
f 2772/3856/2490 2775/3857/2490 2776/3858/2490 2778/3859/2490
f 2773/3860/2491 2777/3861/2491 2776/3858/2491 2775/3857/2491
f 2774/3862/2492 2778/3859/2492 2776/3858/2492 2777/3861/2492
f 2779/3863/2493 2782/3864/2493 2783/3865/2493 2785/3866/2493
f 2780/3867/2494 2784/3868/2494 2783/3865/2494 2782/3864/2494
f 2781/3869/2495 2785/3866/2495 2783/3865/2495 2784/3868/2495
f 2786/3870/2496 2789/3871/2496 2790/3872/2496 2792/3873/2496
f 2787/3874/2497 2791/3875/2497 2790/3872/2497 2789/3871/2497
f 2788/3876/2498 2792/3873/2498 2790/3872/2498 2791/3875/2498
f 2751/3829/2499 2737/3805/2499 2743/3808/2499 2754/3830/2499
f 2754/3836/2500 2743/3814/2500 2739/3813/2500 2752/3833/2500
f 2738/3809/2501 2744/3817/2501 2750/3820/2501 2742/3810/2501
f 2742/3816/2502 2750/3826/2502 2746/3825/2502 2739/3813/2502
f 2745/3821/2503 2758/3839/2503 2764/3842/2503 2749/3822/2503
f 2749/3828/2504 2764/3848/2504 2760/3847/2504 2746/3825/2504
f 2759/3843/2505 2753/3837/2505 2756/3834/2505 2763/3844/2505
f 2763/3844/2506 2756/3834/2506 2752/3833/2506 2760/3847/2506
f 2779/3863/2507 2751/3829/2507 2757/3832/2507 2782/3864/2507
f 2782/3864/2508 2757/3838/2508 2753/3837/2508 2780/3867/2508
f 2758/3839/2509 2786/3870/2509 2792/3873/2509 2761/3840/2509
f 2761/3846/2510 2792/3873/2510 2788/3876/2510 2759/3843/2510
f 2787/3874/2511 2781/3869/2511 2784/3868/2511 2791/3875/2511
f 2791/3875/2512 2784/3868/2512 2780/3867/2512 2788/3876/2512
f 2765/3849/2513 2779/3863/2513 2785/3866/2513 2768/3850/2513
f 2768/3850/2514 2785/3866/2514 2781/3869/2514 2766/3853/2514
f 2786/3870/2515 2772/3856/2515 2778/3859/2515 2789/3871/2515
f 2789/3871/2516 2778/3859/2516 2774/3862/2516 2787/3874/2516
f 2773/3860/2517 2767/3855/2517 2770/3854/2517 2777/3861/2517
f 2777/3861/2518 2770/3854/2518 2766/3853/2518 2774/3862/2518
f 2737/3805/2519 2765/3849/2519 2771/3852/2519 2740/3806/2519
f 2740/3812/2520 2771/3852/2520 2767/3855/2520 2738/3809/2520
f 2772/3856/2521 2745/3821/2521 2747/3824/2521 2775/3857/2521
f 2775/3857/2522 2747/3818/2522 2744/3817/2522 2773/3860/2522
f 2751/3829/2523 2779/3863/2523 2765/3849/2523 2737/3805/2523
f 2739/3813/2524 2746/3825/2524 2760/3847/2524 2752/3833/2524
f 2767/3855/2525 2773/3860/2525 2744/3817/2525 2738/3809/2525
f 2786/3870/2526 2758/3839/2526 2745/3821/2526 2772/3856/2526
f 2753/3837/2527 2759/3843/2527 2788/3876/2527 2780/3867/2527
f 2781/3869/2528 2787/3874/2528 2774/3862/2528 2766/3853/2528
o Window_Frame_Left
v -0.795000 0.990000 -5.045000
v -0.795000 1.005000 -5.030000
v -0.810000 1.005000 -5.045000
v -0.795000 0.994393 -5.034394
v -0.803660 0.996340 -5.036340
v -0.805607 1.005000 -5.034394
v -0.805607 0.994393 -5.045000
v -0.795000 2.095000 -5.030000
v -0.795000 2.110000 -5.045000
v -0.810000 2.095000 -5.045000
v -0.795000 2.105607 -5.034394
v -0.803660 2.103660 -5.036340
v -0.805607 2.105607 -5.045000
v -0.805607 2.095000 -5.034394
v -0.795000 0.990000 -5.095000
v -0.810000 1.005000 -5.095000
v -0.795000 1.005000 -5.110000
v -0.805607 0.994393 -5.095000
v -0.803660 0.996340 -5.103661
v -0.805607 1.005000 -5.105607
v -0.795000 0.994393 -5.105607
v -0.795000 2.110000 -5.095000
v -0.795000 2.095000 -5.110000
v -0.810000 2.095000 -5.095000
v -0.795000 2.105607 -5.105607
v -0.803660 2.103660 -5.103661
v -0.805607 2.095000 -5.105607
v -0.805607 2.105607 -5.095000
v -0.755000 0.990000 -5.045000
v -0.740000 1.005000 -5.045000
v -0.755000 1.005000 -5.030000
v -0.744393 0.994393 -5.045000
v -0.746340 0.996340 -5.036340
v -0.744393 1.005000 -5.034394
v -0.755000 0.994393 -5.034394
v -0.755000 2.110000 -5.045000
v -0.755000 2.095000 -5.030000
v -0.740000 2.095000 -5.045000
v -0.755000 2.105607 -5.034394
v -0.746340 2.103660 -5.036340
v -0.744393 2.095000 -5.034394
v -0.744393 2.105607 -5.045000
v -0.755000 0.990000 -5.095000
v -0.755000 1.005000 -5.110000
v -0.740000 1.005000 -5.095000
v -0.755000 0.994393 -5.105607
v -0.746340 0.996340 -5.103661
v -0.744393 1.005000 -5.105607
v -0.744393 0.994393 -5.095000
v -0.755000 2.110000 -5.095000
v -0.740000 2.095000 -5.095000
v -0.755000 2.095000 -5.110000
v -0.744393 2.105607 -5.095000
v -0.746340 2.103660 -5.103661
v -0.744393 2.095000 -5.105607
v -0.755000 2.105607 -5.105607
vn -0.3251 -0.8881 0.3251
vn -0.3251 -0.3251 0.8881
vn -0.8881 -0.3251 0.3251
vn -0.3251 0.3251 0.8881
vn -0.3251 0.8881 0.3251
vn -0.8881 0.3251 0.3251
vn -0.3251 -0.8881 -0.3251
vn -0.8881 -0.3251 -0.3251
vn -0.3251 -0.3251 -0.8881
vn -0.3251 0.8881 -0.3251
vn -0.3251 0.3251 -0.8881
vn -0.8881 0.3251 -0.3251
vn 0.3251 -0.8881 0.3251
vn 0.8881 -0.3251 0.3251
vn 0.3251 -0.3251 0.8881
vn 0.3251 0.8881 0.3251
vn 0.3251 0.3251 0.8881
vn 0.8881 0.3251 0.3251
vn 0.3251 -0.8881 -0.3251
vn 0.3251 -0.3251 -0.8881
vn 0.8881 -0.3251 -0.3251
vn 0.3251 0.8881 -0.3251
vn 0.8881 0.3251 -0.3251
vn 0.3251 0.3251 -0.8881
vn -0.3827 -0.9239 -0.0000
vn -0.9239 -0.3827 -0.0000
vn -0.3827 -0.0000 0.9239
vn -0.9239 -0.0000 0.3827
vn -0.3827 0.9239 -0.0000
vn -0.9239 0.3827 -0.0000
vn -0.3827 -0.0000 -0.9239
vn -0.9239 -0.0000 -0.3827
vn -0.0000 -0.9239 -0.3827
vn -0.0000 -0.3827 -0.9239
vn -0.0000 0.9239 -0.3827
vn -0.0000 0.3827 -0.9239
vn 0.9239 -0.0000 -0.3827
vn 0.3827 -0.0000 -0.9239
vn 0.3827 -0.9239 -0.0000
vn 0.9239 -0.3827 -0.0000
vn 0.3827 0.9239 -0.0000
vn 0.9239 0.3827 -0.0000
vn 0.3827 -0.0000 0.9239
vn 0.9239 -0.0000 0.3827
vn -0.0000 -0.9239 0.3827
vn -0.0000 -0.3827 0.9239
vn -0.0000 0.9239 0.3827
vn -0.0000 0.3827 0.9239
vn -0.0000 -1.0000 -0.0000
vn -1.0000 -0.0000 -0.0000
vn -0.0000 -0.0000 1.0000
vn -0.0000 1.0000 -0.0000
vn -0.0000 -0.0000 -1.0000
vn 1.0000 -0.0000 -0.0000
vt 0.178571 0.703125
vt 0.178571 0.750000
vt 0.147642 0.750000
vt 0.125000 0.703125
vt 0.378348 0.946429
vt 0.378348 1.000000
vt 0.376415 1.000000
vt 0.375000 0.946429
vt 0.378348 0.046875
vt 0.375000 0.046875
vt 0.375000 0.019812
vt 0.378348 0.000000
vt 0.621652 0.946429
vt 0.625000 0.946429
vt 0.625000 0.977358
vt 0.621652 1.000000
vt 0.821429 0.703125
vt 0.875000 0.703125
vt 0.875000 0.730188
vt 0.821429 0.750000
vt 0.621652 0.046875
vt 0.621652 0.000000
vt 0.623585 0.000000
vt 0.625000 0.046875
vt 0.178571 0.546875
vt 0.125000 0.546875
vt 0.125000 0.519812
vt 0.178571 0.500000
vt 0.378348 0.203125
vt 0.378348 0.250000
vt 0.375708 0.261321
vt 0.375000 0.203125
vt 0.378348 0.303571
vt 0.375000 0.303571
vt 0.821429 0.546875
vt 0.821429 0.500000
vt 0.852358 0.500000
vt 0.875000 0.546875
vt 0.621652 0.303571
vt 0.621652 0.250000
vt 0.624292 0.240094
vt 0.625000 0.303571
vt 0.621652 0.203125
vt 0.625000 0.203125
vt 0.321429 0.703125
vt 0.375000 0.703125
vt 0.375472 0.750944
vt 0.348214 0.776786
vt 0.378348 0.703125
vt 0.378348 0.750000
vt 0.378348 0.803571
vt 0.678571 0.703125
vt 0.651786 0.776786
vt 0.632076 0.743396
vt 0.625000 0.703125
vt 0.621652 0.803572
vt 0.621652 0.750000
vt 0.621652 0.703125
vt 0.321429 0.546875
vt 0.348214 0.473214
vt 0.367924 0.506604
vt 0.375000 0.546875
vt 0.378348 0.446429
vt 0.378348 0.500000
vt 0.378348 0.546875
vt 0.678571 0.546875
vt 0.625000 0.546875
vt 0.624528 0.499057
vt 0.651786 0.473214
vt 0.621652 0.546875
vt 0.621652 0.500000
vt 0.621652 0.446429
s 0
usemtl Cream_Cabinets
f 2793/3877/2529 2796/3878/2529 2797/3879/2529 2799/3880/2529
f 2794/3881/2530 2798/3882/2530 2797/3883/2530 2796/3884/2530
f 2795/3885/2531 2799/3886/2531 2797/3887/2531 2798/3888/2531
f 2800/3889/2532 2803/3890/2532 2804/3891/2532 2806/3892/2532
f 2801/3893/2533 2805/3894/2533 2804/3895/2533 2803/3896/2533
f 2802/3897/2534 2806/3898/2534 2804/3899/2534 2805/3900/2534
f 2807/3901/2535 2810/3902/2535 2811/3903/2535 2813/3904/2535
f 2808/3905/2536 2812/3906/2536 2811/3907/2536 2810/3908/2536
f 2809/3909/2537 2813/3910/2537 2811/3907/2537 2812/3906/2537
f 2814/3911/2538 2817/3912/2538 2818/3913/2538 2820/3914/2538
f 2815/3915/2539 2819/3916/2539 2818/3917/2539 2817/3918/2539
f 2816/3919/2540 2820/3920/2540 2818/3917/2540 2819/3916/2540
f 2821/3921/2541 2824/3922/2541 2825/3923/2541 2827/3924/2541
f 2822/3925/2542 2826/3926/2542 2825/3923/2542 2824/3922/2542
f 2823/3927/2543 2827/3924/2543 2825/3923/2543 2826/3926/2543
f 2828/3928/2544 2831/3929/2544 2832/3930/2544 2834/3931/2544
f 2829/3932/2545 2833/3933/2545 2832/3930/2545 2831/3929/2545
f 2830/3934/2546 2834/3931/2546 2832/3930/2546 2833/3933/2546
f 2835/3935/2547 2838/3936/2547 2839/3937/2547 2841/3938/2547
f 2836/3939/2548 2840/3940/2548 2839/3937/2548 2838/3936/2548
f 2837/3941/2549 2841/3938/2549 2839/3937/2549 2840/3940/2549
f 2842/3942/2550 2845/3943/2550 2846/3944/2550 2848/3945/2550
f 2843/3946/2551 2847/3947/2551 2846/3944/2551 2845/3943/2551
f 2844/3948/2552 2848/3945/2552 2846/3944/2552 2847/3947/2552
f 2807/3901/2553 2793/3877/2553 2799/3880/2553 2810/3902/2553
f 2810/3908/2554 2799/3886/2554 2795/3885/2554 2808/3905/2554
f 2794/3881/2555 2800/3889/2555 2806/3892/2555 2798/3882/2555
f 2798/3888/2556 2806/3898/2556 2802/3897/2556 2795/3885/2556
f 2801/3893/2557 2814/3911/2557 2820/3914/2557 2805/3894/2557
f 2805/3900/2558 2820/3920/2558 2816/3919/2558 2802/3897/2558
f 2815/3915/2559 2809/3909/2559 2812/3906/2559 2819/3916/2559
f 2819/3916/2560 2812/3906/2560 2808/3905/2560 2816/3919/2560
f 2835/3935/2561 2807/3901/2561 2813/3904/2561 2838/3936/2561
f 2838/3936/2562 2813/3910/2562 2809/3909/2562 2836/3939/2562
f 2814/3911/2563 2842/3942/2563 2848/3945/2563 2817/3912/2563
f 2817/3918/2564 2848/3945/2564 2844/3948/2564 2815/3915/2564
f 2843/3946/2565 2837/3941/2565 2840/3940/2565 2847/3947/2565
f 2847/3947/2566 2840/3940/2566 2836/3939/2566 2844/3948/2566
f 2821/3921/2567 2835/3935/2567 2841/3938/2567 2824/3922/2567
f 2824/3922/2568 2841/3938/2568 2837/3941/2568 2822/3925/2568
f 2842/3942/2569 2828/3928/2569 2834/3931/2569 2845/3943/2569
f 2845/3943/2570 2834/3931/2570 2830/3934/2570 2843/3946/2570
f 2829/3932/2571 2823/3927/2571 2826/3926/2571 2833/3933/2571
f 2833/3933/2572 2826/3926/2572 2822/3925/2572 2830/3934/2572
f 2793/3877/2573 2821/3921/2573 2827/3924/2573 2796/3878/2573
f 2796/3884/2574 2827/3924/2574 2823/3927/2574 2794/3881/2574
f 2828/3928/2575 2801/3893/2575 2803/3896/2575 2831/3929/2575
f 2831/3929/2576 2803/3890/2576 2800/3889/2576 2829/3932/2576
f 2807/3901/2577 2835/3935/2577 2821/3921/2577 2793/3877/2577
f 2795/3885/2578 2802/3897/2578 2816/3919/2578 2808/3905/2578
f 2823/3927/2579 2829/3932/2579 2800/3889/2579 2794/3881/2579
f 2842/3942/2580 2814/3911/2580 2801/3893/2580 2828/3928/2580
f 2809/3909/2581 2815/3915/2581 2844/3948/2581 2836/3939/2581
f 2837/3941/2582 2843/3946/2582 2830/3934/2582 2822/3925/2582
o Window_Frame_Right
v 0.755000 0.990000 -5.045000
v 0.755000 1.005000 -5.030000
v 0.740000 1.005000 -5.045000
v 0.755000 0.994393 -5.034394
v 0.746340 0.996340 -5.036340
v 0.744393 1.005000 -5.034394
v 0.744393 0.994393 -5.045000
v 0.755000 2.095000 -5.030000
v 0.755000 2.110000 -5.045000
v 0.740000 2.095000 -5.045000
v 0.755000 2.105607 -5.034394
v 0.746340 2.103660 -5.036340
v 0.744393 2.105607 -5.045000
v 0.744393 2.095000 -5.034394
v 0.755000 0.990000 -5.095000
v 0.740000 1.005000 -5.095000
v 0.755000 1.005000 -5.110000
v 0.744393 0.994393 -5.095000
v 0.746340 0.996340 -5.103661
v 0.744393 1.005000 -5.105607
v 0.755000 0.994393 -5.105607
v 0.755000 2.110000 -5.095000
v 0.755000 2.095000 -5.110000
v 0.740000 2.095000 -5.095000
v 0.755000 2.105607 -5.105607
v 0.746340 2.103660 -5.103661
v 0.744393 2.095000 -5.105607
v 0.744393 2.105607 -5.095000
v 0.795000 0.990000 -5.045000
v 0.810000 1.005000 -5.045000
v 0.795000 1.005000 -5.030000
v 0.805607 0.994393 -5.045000
v 0.803660 0.996340 -5.036340
v 0.805607 1.005000 -5.034394
v 0.795000 0.994393 -5.034394
v 0.795000 2.110000 -5.045000
v 0.795000 2.095000 -5.030000
v 0.810000 2.095000 -5.045000
v 0.795000 2.105607 -5.034394
v 0.803660 2.103660 -5.036340
v 0.805607 2.095000 -5.034394
v 0.805607 2.105607 -5.045000
v 0.795000 0.990000 -5.095000
v 0.795000 1.005000 -5.110000
v 0.810000 1.005000 -5.095000
v 0.795000 0.994393 -5.105607
v 0.803660 0.996340 -5.103661
v 0.805607 1.005000 -5.105607
v 0.805607 0.994393 -5.095000
v 0.795000 2.110000 -5.095000
v 0.810000 2.095000 -5.095000
v 0.795000 2.095000 -5.110000
v 0.805607 2.105607 -5.095000
v 0.803660 2.103660 -5.103661
v 0.805607 2.095000 -5.105607
v 0.795000 2.105607 -5.105607
vn -0.3251 -0.8881 0.3251
vn -0.3251 -0.3251 0.8881
vn -0.8881 -0.3251 0.3251
vn -0.3251 0.3251 0.8881
vn -0.3251 0.8881 0.3251
vn -0.8881 0.3251 0.3251
vn -0.3251 -0.8881 -0.3251
vn -0.8881 -0.3251 -0.3251
vn -0.3251 -0.3251 -0.8881
vn -0.3251 0.8881 -0.3251
vn -0.3251 0.3251 -0.8881
vn -0.8881 0.3251 -0.3251
vn 0.3251 -0.8881 0.3251
vn 0.8881 -0.3251 0.3251
vn 0.3251 -0.3251 0.8881
vn 0.3251 0.8881 0.3251
vn 0.3251 0.3251 0.8881
vn 0.8881 0.3251 0.3251
vn 0.3251 -0.8881 -0.3251
vn 0.3251 -0.3251 -0.8881
vn 0.8881 -0.3251 -0.3251
vn 0.3251 0.8881 -0.3251
vn 0.8881 0.3251 -0.3251
vn 0.3251 0.3251 -0.8881
vn -0.3827 -0.9239 -0.0000
vn -0.9239 -0.3827 -0.0000
vn -0.3827 -0.0000 0.9239
vn -0.9239 -0.0000 0.3827
vn -0.3827 0.9239 -0.0000
vn -0.9239 0.3827 -0.0000
vn -0.3827 -0.0000 -0.9239
vn -0.9239 -0.0000 -0.3827
vn -0.0000 -0.9239 -0.3827
vn -0.0000 -0.3827 -0.9239
vn -0.0000 0.9239 -0.3827
vn -0.0000 0.3827 -0.9239
vn 0.9239 -0.0000 -0.3827
vn 0.3827 -0.0000 -0.9239
vn 0.3827 -0.9239 -0.0000
vn 0.9239 -0.3827 -0.0000
vn 0.3827 0.9239 -0.0000
vn 0.9239 0.3827 -0.0000
vn 0.3827 -0.0000 0.9239
vn 0.9239 -0.0000 0.3827
vn -0.0000 -0.9239 0.3827
vn -0.0000 -0.3827 0.9239
vn -0.0000 0.9239 0.3827
vn -0.0000 0.3827 0.9239
vn -0.0000 -1.0000 -0.0000
vn -1.0000 -0.0000 -0.0000
vn -0.0000 -0.0000 1.0000
vn -0.0000 1.0000 -0.0000
vn -0.0000 -0.0000 -1.0000
vn 1.0000 -0.0000 -0.0000
vt 0.178571 0.703125
vt 0.178571 0.750000
vt 0.147642 0.750000
vt 0.125000 0.703125
vt 0.378348 0.946429
vt 0.378348 1.000000
vt 0.376415 1.000000
vt 0.375000 0.946429
vt 0.378348 0.046875
vt 0.375000 0.046875
vt 0.375000 0.019812
vt 0.378348 0.000000
vt 0.621652 0.946429
vt 0.625000 0.946429
vt 0.625000 0.977358
vt 0.621652 1.000000
vt 0.821429 0.703125
vt 0.875000 0.703125
vt 0.875000 0.730188
vt 0.821429 0.750000
vt 0.621652 0.046875
vt 0.621652 0.000000
vt 0.623585 0.000000
vt 0.625000 0.046875
vt 0.178571 0.546875
vt 0.125000 0.546875
vt 0.125000 0.519812
vt 0.178571 0.500000
vt 0.378348 0.203125
vt 0.378348 0.250000
vt 0.375708 0.261321
vt 0.375000 0.203125
vt 0.378348 0.303571
vt 0.375000 0.303571
vt 0.821429 0.546875
vt 0.821429 0.500000
vt 0.852358 0.500000
vt 0.875000 0.546875
vt 0.621652 0.303571
vt 0.621652 0.250000
vt 0.624292 0.240094
vt 0.625000 0.303571
vt 0.621652 0.203125
vt 0.625000 0.203125
vt 0.321429 0.703125
vt 0.375000 0.703125
vt 0.375472 0.750944
vt 0.348214 0.776786
vt 0.378348 0.703125
vt 0.378348 0.750000
vt 0.378348 0.803571
vt 0.678571 0.703125
vt 0.651786 0.776786
vt 0.632076 0.743396
vt 0.625000 0.703125
vt 0.621652 0.803572
vt 0.621652 0.750000
vt 0.621652 0.703125
vt 0.321429 0.546875
vt 0.348214 0.473214
vt 0.367924 0.506604
vt 0.375000 0.546875
vt 0.378348 0.446429
vt 0.378348 0.500000
vt 0.378348 0.546875
vt 0.678571 0.546875
vt 0.625000 0.546875
vt 0.624528 0.499057
vt 0.651786 0.473214
vt 0.621652 0.546875
vt 0.621652 0.500000
vt 0.621652 0.446429
s 0
usemtl Cream_Cabinets
f 2849/3949/2583 2852/3950/2583 2853/3951/2583 2855/3952/2583
f 2850/3953/2584 2854/3954/2584 2853/3955/2584 2852/3956/2584
f 2851/3957/2585 2855/3958/2585 2853/3959/2585 2854/3960/2585
f 2856/3961/2586 2859/3962/2586 2860/3963/2586 2862/3964/2586
f 2857/3965/2587 2861/3966/2587 2860/3967/2587 2859/3968/2587
f 2858/3969/2588 2862/3970/2588 2860/3971/2588 2861/3972/2588
f 2863/3973/2589 2866/3974/2589 2867/3975/2589 2869/3976/2589
f 2864/3977/2590 2868/3978/2590 2867/3979/2590 2866/3980/2590
f 2865/3981/2591 2869/3982/2591 2867/3979/2591 2868/3978/2591
f 2870/3983/2592 2873/3984/2592 2874/3985/2592 2876/3986/2592
f 2871/3987/2593 2875/3988/2593 2874/3989/2593 2873/3990/2593
f 2872/3991/2594 2876/3992/2594 2874/3989/2594 2875/3988/2594
f 2877/3993/2595 2880/3994/2595 2881/3995/2595 2883/3996/2595
f 2878/3997/2596 2882/3998/2596 2881/3995/2596 2880/3994/2596
f 2879/3999/2597 2883/3996/2597 2881/3995/2597 2882/3998/2597
f 2884/4000/2598 2887/4001/2598 2888/4002/2598 2890/4003/2598
f 2885/4004/2599 2889/4005/2599 2888/4002/2599 2887/4001/2599
f 2886/4006/2600 2890/4003/2600 2888/4002/2600 2889/4005/2600
f 2891/4007/2601 2894/4008/2601 2895/4009/2601 2897/4010/2601
f 2892/4011/2602 2896/4012/2602 2895/4009/2602 2894/4008/2602
f 2893/4013/2603 2897/4010/2603 2895/4009/2603 2896/4012/2603
f 2898/4014/2604 2901/4015/2604 2902/4016/2604 2904/4017/2604
f 2899/4018/2605 2903/4019/2605 2902/4016/2605 2901/4015/2605
f 2900/4020/2606 2904/4017/2606 2902/4016/2606 2903/4019/2606
f 2863/3973/2607 2849/3949/2607 2855/3952/2607 2866/3974/2607
f 2866/3980/2608 2855/3958/2608 2851/3957/2608 2864/3977/2608
f 2850/3953/2609 2856/3961/2609 2862/3964/2609 2854/3954/2609
f 2854/3960/2610 2862/3970/2610 2858/3969/2610 2851/3957/2610
f 2857/3965/2611 2870/3983/2611 2876/3986/2611 2861/3966/2611
f 2861/3972/2612 2876/3992/2612 2872/3991/2612 2858/3969/2612
f 2871/3987/2613 2865/3981/2613 2868/3978/2613 2875/3988/2613
f 2875/3988/2614 2868/3978/2614 2864/3977/2614 2872/3991/2614
f 2891/4007/2615 2863/3973/2615 2869/3976/2615 2894/4008/2615
f 2894/4008/2616 2869/3982/2616 2865/3981/2616 2892/4011/2616
f 2870/3983/2617 2898/4014/2617 2904/4017/2617 2873/3984/2617
f 2873/3990/2618 2904/4017/2618 2900/4020/2618 2871/3987/2618
f 2899/4018/2619 2893/4013/2619 2896/4012/2619 2903/4019/2619
f 2903/4019/2620 2896/4012/2620 2892/4011/2620 2900/4020/2620
f 2877/3993/2621 2891/4007/2621 2897/4010/2621 2880/3994/2621
f 2880/3994/2622 2897/4010/2622 2893/4013/2622 2878/3997/2622
f 2898/4014/2623 2884/4000/2623 2890/4003/2623 2901/4015/2623
f 2901/4015/2624 2890/4003/2624 2886/4006/2624 2899/4018/2624
f 2885/4004/2625 2879/3999/2625 2882/3998/2625 2889/4005/2625
f 2889/4005/2626 2882/3998/2626 2878/3997/2626 2886/4006/2626
f 2849/3949/2627 2877/3993/2627 2883/3996/2627 2852/3950/2627
f 2852/3956/2628 2883/3996/2628 2879/3999/2628 2850/3953/2628
f 2884/4000/2629 2857/3965/2629 2859/3968/2629 2887/4001/2629
f 2887/4001/2630 2859/3962/2630 2856/3961/2630 2885/4004/2630
f 2863/3973/2631 2891/4007/2631 2877/3993/2631 2849/3949/2631
f 2851/3957/2632 2858/3969/2632 2872/3991/2632 2864/3977/2632
f 2879/3999/2633 2885/4004/2633 2856/3961/2633 2850/3953/2633
f 2898/4014/2634 2870/3983/2634 2857/3965/2634 2884/4000/2634
f 2865/3981/2635 2871/3987/2635 2900/4020/2635 2892/4011/2635
f 2893/4013/2636 2899/4018/2636 2886/4006/2636 2878/3997/2636
o Window_Frame_Top
v -0.760000 2.025000 -5.045000
v -0.760000 2.040000 -5.030000
v -0.775000 2.040000 -5.045000
v -0.760000 2.029393 -5.034394
v -0.768660 2.031340 -5.036340
v -0.770607 2.040000 -5.034394
v -0.770607 2.029393 -5.045000
v -0.760000 2.080000 -5.030000
v -0.760000 2.095000 -5.045000
v -0.775000 2.080000 -5.045000
v -0.760000 2.090606 -5.034394
v -0.768660 2.088660 -5.036340
v -0.770607 2.090606 -5.045000
v -0.770607 2.080000 -5.034394
v -0.760000 2.025000 -5.095000
v -0.775000 2.040000 -5.095000
v -0.760000 2.040000 -5.110000
v -0.770607 2.029393 -5.095000
v -0.768660 2.031340 -5.103661
v -0.770607 2.040000 -5.105607
v -0.760000 2.029393 -5.105607
v -0.760000 2.095000 -5.095000
v -0.760000 2.080000 -5.110000
v -0.775000 2.080000 -5.095000
v -0.760000 2.090606 -5.105607
v -0.768660 2.088660 -5.103661
v -0.770607 2.080000 -5.105607
v -0.770607 2.090606 -5.095000
v 0.760000 2.025000 -5.045000
v 0.775000 2.040000 -5.045000
v 0.760000 2.040000 -5.030000
v 0.770607 2.029393 -5.045000
v 0.768660 2.031340 -5.036340
v 0.770607 2.040000 -5.034394
v 0.760000 2.029393 -5.034394
v 0.760000 2.095000 -5.045000
v 0.760000 2.080000 -5.030000
v 0.775000 2.080000 -5.045000
v 0.760000 2.090606 -5.034394
v 0.768660 2.088660 -5.036340
v 0.770607 2.080000 -5.034394
v 0.770607 2.090606 -5.045000
v 0.760000 2.025000 -5.095000
v 0.760000 2.040000 -5.110000
v 0.775000 2.040000 -5.095000
v 0.760000 2.029393 -5.105607
v 0.768660 2.031340 -5.103661
v 0.770607 2.040000 -5.105607
v 0.770607 2.029393 -5.095000
v 0.760000 2.095000 -5.095000
v 0.775000 2.080000 -5.095000
v 0.760000 2.080000 -5.110000
v 0.770607 2.090606 -5.095000
v 0.768660 2.088660 -5.103661
v 0.770607 2.080000 -5.105607
v 0.760000 2.090606 -5.105607
vn -0.3251 -0.8881 0.3251
vn -0.3251 -0.3251 0.8881
vn -0.8881 -0.3251 0.3250
vn -0.3251 0.3251 0.8881
vn -0.3251 0.8881 0.3251
vn -0.8881 0.3251 0.3250
vn -0.3251 -0.8881 -0.3251
vn -0.8881 -0.3251 -0.3250
vn -0.3251 -0.3251 -0.8881
vn -0.3251 0.8881 -0.3251
vn -0.3251 0.3251 -0.8881
vn -0.8881 0.3251 -0.3250
vn 0.3251 -0.8881 0.3251
vn 0.8881 -0.3251 0.3250
vn 0.3251 -0.3251 0.8881
vn 0.3251 0.8881 0.3251
vn 0.3251 0.3251 0.8881
vn 0.8881 0.3251 0.3250
vn 0.3251 -0.8881 -0.3251
vn 0.3251 -0.3251 -0.8881
vn 0.8881 -0.3251 -0.3250
vn 0.3251 0.8881 -0.3251
vn 0.8881 0.3251 -0.3250
vn 0.3251 0.3251 -0.8881
vn -0.3827 -0.9239 -0.0000
vn -0.9239 -0.3827 -0.0000
vn -0.3827 -0.0000 0.9239
vn -0.9239 -0.0000 0.3827
vn -0.3827 0.9239 -0.0000
vn -0.9239 0.3827 -0.0000
vn -0.3827 -0.0000 -0.9239
vn -0.9239 -0.0000 -0.3827
vn -0.0000 -0.9239 -0.3827
vn -0.0000 -0.3827 -0.9239
vn -0.0000 0.9239 -0.3827
vn -0.0000 0.3827 -0.9239
vn 0.9239 -0.0000 -0.3827
vn 0.3827 -0.0000 -0.9239
vn 0.3827 -0.9239 -0.0000
vn 0.9239 -0.3827 -0.0000
vn 0.3827 0.9239 -0.0000
vn 0.9239 0.3827 -0.0000
vn 0.3827 -0.0000 0.9239
vn 0.9239 -0.0000 0.3827
vn -0.0000 -0.9239 0.3827
vn -0.0000 -0.3827 0.9239
vn -0.0000 0.9239 0.3827
vn -0.0000 0.3827 0.9239
vn -0.0000 -1.0000 -0.0000
vn -1.0000 -0.0000 -0.0000
vn -0.0000 -0.0000 1.0000
vn -0.0000 1.0000 -0.0000
vn -0.0000 -0.0000 -1.0000
vn 1.0000 -0.0000 -0.0000
vt 0.127419 0.703125
vt 0.127419 0.750000
vt 0.126023 0.750000
vt 0.125000 0.703125
vt 0.428571 0.997581
vt 0.428571 1.000000
vt 0.397642 1.000000
vt 0.375000 0.997581
vt 0.428571 0.046875
vt 0.375000 0.046875
vt 0.375000 0.019812
vt 0.428571 0.000000
vt 0.571429 0.997581
vt 0.625000 0.997581
vt 0.625000 0.998977
vt 0.571428 1.000000
vt 0.872581 0.703125
vt 0.875000 0.703125
vt 0.875000 0.730188
vt 0.872581 0.750000
vt 0.571429 0.046875
vt 0.571428 0.000000
vt 0.602358 0.000000
vt 0.625000 0.046875
vt 0.127419 0.546875
vt 0.125000 0.546875
vt 0.125000 0.519812
vt 0.127419 0.500000
vt 0.428571 0.203125
vt 0.428571 0.250000
vt 0.386321 0.250511
vt 0.375000 0.203125
vt 0.428571 0.252419
vt 0.375000 0.252419
vt 0.872581 0.546875
vt 0.872581 0.500000
vt 0.873977 0.500000
vt 0.875000 0.546875
vt 0.571429 0.252419
vt 0.571429 0.250000
vt 0.613679 0.240094
vt 0.625000 0.252419
vt 0.571429 0.203125
vt 0.625000 0.203125
vt 0.372581 0.703125
vt 0.375000 0.703125
vt 0.382547 0.743737
vt 0.373790 0.751210
vt 0.428571 0.703125
vt 0.428571 0.750000
vt 0.428571 0.752419
vt 0.627419 0.703125
vt 0.626210 0.751210
vt 0.617794 0.743396
vt 0.625000 0.703125
vt 0.571429 0.752419
vt 0.571429 0.750000
vt 0.571429 0.703125
vt 0.372581 0.546875
vt 0.373790 0.498790
vt 0.382207 0.506604
vt 0.375000 0.546875
vt 0.428571 0.497581
vt 0.428571 0.500000
vt 0.428571 0.546875
vt 0.627419 0.546875
vt 0.625000 0.546875
vt 0.617453 0.506263
vt 0.626210 0.498790
vt 0.571429 0.546875
vt 0.571429 0.500000
vt 0.571429 0.497581
s 0
usemtl Cream_Cabinets
f 2905/4021/2637 2908/4022/2637 2909/4023/2637 2911/4024/2637
f 2906/4025/2638 2910/4026/2638 2909/4027/2638 2908/4028/2638
f 2907/4029/2639 2911/4030/2639 2909/4031/2639 2910/4032/2639
f 2912/4033/2640 2915/4034/2640 2916/4035/2640 2918/4036/2640
f 2913/4037/2641 2917/4038/2641 2916/4039/2641 2915/4040/2641
f 2914/4041/2642 2918/4042/2642 2916/4043/2642 2917/4044/2642
f 2919/4045/2643 2922/4046/2643 2923/4047/2643 2925/4048/2643
f 2920/4049/2644 2924/4050/2644 2923/4051/2644 2922/4052/2644
f 2921/4053/2645 2925/4054/2645 2923/4051/2645 2924/4050/2645
f 2926/4055/2646 2929/4056/2646 2930/4057/2646 2932/4058/2646
f 2927/4059/2647 2931/4060/2647 2930/4061/2647 2929/4062/2647
f 2928/4063/2648 2932/4064/2648 2930/4061/2648 2931/4060/2648
f 2933/4065/2649 2936/4066/2649 2937/4067/2649 2939/4068/2649
f 2934/4069/2650 2938/4070/2650 2937/4067/2650 2936/4066/2650
f 2935/4071/2651 2939/4068/2651 2937/4067/2651 2938/4070/2651
f 2940/4072/2652 2943/4073/2652 2944/4074/2652 2946/4075/2652
f 2941/4076/2653 2945/4077/2653 2944/4074/2653 2943/4073/2653
f 2942/4078/2654 2946/4075/2654 2944/4074/2654 2945/4077/2654
f 2947/4079/2655 2950/4080/2655 2951/4081/2655 2953/4082/2655
f 2948/4083/2656 2952/4084/2656 2951/4081/2656 2950/4080/2656
f 2949/4085/2657 2953/4082/2657 2951/4081/2657 2952/4084/2657
f 2954/4086/2658 2957/4087/2658 2958/4088/2658 2960/4089/2658
f 2955/4090/2659 2959/4091/2659 2958/4088/2659 2957/4087/2659
f 2956/4092/2660 2960/4089/2660 2958/4088/2660 2959/4091/2660
f 2919/4045/2661 2905/4021/2661 2911/4024/2661 2922/4046/2661
f 2922/4052/2662 2911/4030/2662 2907/4029/2662 2920/4049/2662
f 2906/4025/2663 2912/4033/2663 2918/4036/2663 2910/4026/2663
f 2910/4032/2664 2918/4042/2664 2914/4041/2664 2907/4029/2664
f 2913/4037/2665 2926/4055/2665 2932/4058/2665 2917/4038/2665
f 2917/4044/2666 2932/4064/2666 2928/4063/2666 2914/4041/2666
f 2927/4059/2667 2921/4053/2667 2924/4050/2667 2931/4060/2667
f 2931/4060/2668 2924/4050/2668 2920/4049/2668 2928/4063/2668
f 2947/4079/2669 2919/4045/2669 2925/4048/2669 2950/4080/2669
f 2950/4080/2670 2925/4054/2670 2921/4053/2670 2948/4083/2670
f 2926/4055/2671 2954/4086/2671 2960/4089/2671 2929/4056/2671
f 2929/4062/2672 2960/4089/2672 2956/4092/2672 2927/4059/2672
f 2955/4090/2673 2949/4085/2673 2952/4084/2673 2959/4091/2673
f 2959/4091/2674 2952/4084/2674 2948/4083/2674 2956/4092/2674
f 2933/4065/2675 2947/4079/2675 2953/4082/2675 2936/4066/2675
f 2936/4066/2676 2953/4082/2676 2949/4085/2676 2934/4069/2676
f 2954/4086/2677 2940/4072/2677 2946/4075/2677 2957/4087/2677
f 2957/4087/2678 2946/4075/2678 2942/4078/2678 2955/4090/2678
f 2941/4076/2679 2935/4071/2679 2938/4070/2679 2945/4077/2679
f 2945/4077/2680 2938/4070/2680 2934/4069/2680 2942/4078/2680
f 2905/4021/2681 2933/4065/2681 2939/4068/2681 2908/4022/2681
f 2908/4028/2682 2939/4068/2682 2935/4071/2682 2906/4025/2682
f 2940/4072/2683 2913/4037/2683 2915/4040/2683 2943/4073/2683
f 2943/4073/2684 2915/4034/2684 2912/4033/2684 2941/4076/2684
f 2919/4045/2685 2947/4079/2685 2933/4065/2685 2905/4021/2685
f 2907/4029/2686 2914/4041/2686 2928/4063/2686 2920/4049/2686
f 2935/4071/2687 2941/4076/2687 2912/4033/2687 2906/4025/2687
f 2954/4086/2688 2926/4055/2688 2913/4037/2688 2940/4072/2688
f 2921/4053/2689 2927/4059/2689 2956/4092/2689 2948/4083/2689
f 2949/4085/2690 2955/4090/2690 2942/4078/2690 2934/4069/2690
o Window_Frame_Bottom
v -0.760000 1.005000 -5.045000
v -0.760000 1.020000 -5.030000
v -0.775000 1.020000 -5.045000
v -0.760000 1.009393 -5.034394
v -0.768660 1.011340 -5.036340
v -0.770607 1.020000 -5.034394
v -0.770607 1.009393 -5.045000
v -0.760000 1.060000 -5.030000
v -0.760000 1.075000 -5.045000
v -0.775000 1.060000 -5.045000
v -0.760000 1.070607 -5.034394
v -0.768660 1.068660 -5.036340
v -0.770607 1.070607 -5.045000
v -0.770607 1.060000 -5.034394
v -0.760000 1.005000 -5.095000
v -0.775000 1.020000 -5.095000
v -0.760000 1.020000 -5.110000
v -0.770607 1.009393 -5.095000
v -0.768660 1.011340 -5.103661
v -0.770607 1.020000 -5.105607
v -0.760000 1.009393 -5.105607
v -0.760000 1.075000 -5.095000
v -0.760000 1.060000 -5.110000
v -0.775000 1.060000 -5.095000
v -0.760000 1.070607 -5.105607
v -0.768660 1.068660 -5.103661
v -0.770607 1.060000 -5.105607
v -0.770607 1.070607 -5.095000
v 0.760000 1.005000 -5.045000
v 0.775000 1.020000 -5.045000
v 0.760000 1.020000 -5.030000
v 0.770607 1.009393 -5.045000
v 0.768660 1.011340 -5.036340
v 0.770607 1.020000 -5.034394
v 0.760000 1.009393 -5.034394
v 0.760000 1.075000 -5.045000
v 0.760000 1.060000 -5.030000
v 0.775000 1.060000 -5.045000
v 0.760000 1.070607 -5.034394
v 0.768660 1.068660 -5.036340
v 0.770607 1.060000 -5.034394
v 0.770607 1.070607 -5.045000
v 0.760000 1.005000 -5.095000
v 0.760000 1.020000 -5.110000
v 0.775000 1.020000 -5.095000
v 0.760000 1.009393 -5.105607
v 0.768660 1.011340 -5.103661
v 0.770607 1.020000 -5.105607
v 0.770607 1.009393 -5.095000
v 0.760000 1.075000 -5.095000
v 0.775000 1.060000 -5.095000
v 0.760000 1.060000 -5.110000
v 0.770607 1.070607 -5.095000
v 0.768660 1.068660 -5.103661
v 0.770607 1.060000 -5.105607
v 0.760000 1.070607 -5.105607
vn -0.3251 -0.8881 0.3251
vn -0.3251 -0.3251 0.8881
vn -0.8881 -0.3251 0.3250
vn -0.3251 0.3251 0.8881
vn -0.3251 0.8881 0.3251
vn -0.8881 0.3251 0.3250
vn -0.3251 -0.8881 -0.3251
vn -0.8881 -0.3251 -0.3250
vn -0.3251 -0.3251 -0.8881
vn -0.3251 0.8881 -0.3251
vn -0.3251 0.3251 -0.8881
vn -0.8881 0.3251 -0.3250
vn 0.3251 -0.8881 0.3251
vn 0.8881 -0.3251 0.3250
vn 0.3251 -0.3251 0.8881
vn 0.3251 0.8881 0.3251
vn 0.3251 0.3251 0.8881
vn 0.8881 0.3251 0.3250
vn 0.3251 -0.8881 -0.3251
vn 0.3251 -0.3251 -0.8881
vn 0.8881 -0.3251 -0.3250
vn 0.3251 0.8881 -0.3251
vn 0.8881 0.3251 -0.3250
vn 0.3251 0.3251 -0.8881
vn -0.3827 -0.9239 -0.0000
vn -0.9239 -0.3827 -0.0000
vn -0.3827 -0.0000 0.9239
vn -0.9239 -0.0000 0.3827
vn -0.3827 0.9239 -0.0000
vn -0.9239 0.3827 -0.0000
vn -0.3827 -0.0000 -0.9239
vn -0.9239 -0.0000 -0.3827
vn -0.0000 -0.9239 -0.3827
vn -0.0000 -0.3827 -0.9239
vn -0.0000 0.9239 -0.3827
vn -0.0000 0.3827 -0.9239
vn 0.9239 -0.0000 -0.3827
vn 0.3827 -0.0000 -0.9239
vn 0.3827 -0.9239 -0.0000
vn 0.9239 -0.3827 -0.0000
vn 0.3827 0.9239 -0.0000
vn 0.9239 0.3827 -0.0000
vn 0.3827 -0.0000 0.9239
vn 0.9239 -0.0000 0.3827
vn -0.0000 -0.9239 0.3827
vn -0.0000 -0.3827 0.9239
vn -0.0000 0.9239 0.3827
vn -0.0000 0.3827 0.9239
vn -0.0000 -1.0000 -0.0000
vn -1.0000 -0.0000 -0.0000
vn -0.0000 -0.0000 1.0000
vn -0.0000 1.0000 -0.0000
vn -0.0000 -0.0000 -1.0000
vn 1.0000 -0.0000 -0.0000
vt 0.127419 0.703125
vt 0.127419 0.750000
vt 0.126023 0.750000
vt 0.125000 0.703125
vt 0.428571 0.997581
vt 0.428571 1.000000
vt 0.397642 1.000000
vt 0.375000 0.997581
vt 0.428571 0.046875
vt 0.375000 0.046875
vt 0.375000 0.019812
vt 0.428571 0.000000
vt 0.571429 0.997581
vt 0.625000 0.997581
vt 0.625000 0.998977
vt 0.571428 1.000000
vt 0.872581 0.703125
vt 0.875000 0.703125
vt 0.875000 0.730188
vt 0.872581 0.750000
vt 0.571429 0.046875
vt 0.571428 0.000000
vt 0.602358 0.000000
vt 0.625000 0.046875
vt 0.127419 0.546875
vt 0.125000 0.546875
vt 0.125000 0.519812
vt 0.127419 0.500000
vt 0.428571 0.203125
vt 0.428571 0.250000
vt 0.386321 0.250511
vt 0.375000 0.203125
vt 0.428571 0.252419
vt 0.375000 0.252419
vt 0.872581 0.546875
vt 0.872581 0.500000
vt 0.873977 0.500000
vt 0.875000 0.546875
vt 0.571429 0.252419
vt 0.571429 0.250000
vt 0.613679 0.240094
vt 0.625000 0.252419
vt 0.571429 0.203125
vt 0.625000 0.203125
vt 0.372581 0.703125
vt 0.375000 0.703125
vt 0.382547 0.743737
vt 0.373790 0.751210
vt 0.428571 0.703125
vt 0.428571 0.750000
vt 0.428571 0.752419
vt 0.627419 0.703125
vt 0.626210 0.751210
vt 0.617794 0.743396
vt 0.625000 0.703125
vt 0.571429 0.752419
vt 0.571429 0.750000
vt 0.571429 0.703125
vt 0.372581 0.546875
vt 0.373790 0.498790
vt 0.382207 0.506604
vt 0.375000 0.546875
vt 0.428571 0.497581
vt 0.428571 0.500000
vt 0.428571 0.546875
vt 0.627419 0.546875
vt 0.625000 0.546875
vt 0.617453 0.506263
vt 0.626210 0.498790
vt 0.571429 0.546875
vt 0.571429 0.500000
vt 0.571429 0.497581
s 0
usemtl Cream_Cabinets
f 2961/4093/2691 2964/4094/2691 2965/4095/2691 2967/4096/2691
f 2962/4097/2692 2966/4098/2692 2965/4099/2692 2964/4100/2692
f 2963/4101/2693 2967/4102/2693 2965/4103/2693 2966/4104/2693
f 2968/4105/2694 2971/4106/2694 2972/4107/2694 2974/4108/2694
f 2969/4109/2695 2973/4110/2695 2972/4111/2695 2971/4112/2695
f 2970/4113/2696 2974/4114/2696 2972/4115/2696 2973/4116/2696
f 2975/4117/2697 2978/4118/2697 2979/4119/2697 2981/4120/2697
f 2976/4121/2698 2980/4122/2698 2979/4123/2698 2978/4124/2698
f 2977/4125/2699 2981/4126/2699 2979/4123/2699 2980/4122/2699
f 2982/4127/2700 2985/4128/2700 2986/4129/2700 2988/4130/2700
f 2983/4131/2701 2987/4132/2701 2986/4133/2701 2985/4134/2701
f 2984/4135/2702 2988/4136/2702 2986/4133/2702 2987/4132/2702
f 2989/4137/2703 2992/4138/2703 2993/4139/2703 2995/4140/2703
f 2990/4141/2704 2994/4142/2704 2993/4139/2704 2992/4138/2704
f 2991/4143/2705 2995/4140/2705 2993/4139/2705 2994/4142/2705
f 2996/4144/2706 2999/4145/2706 3000/4146/2706 3002/4147/2706
f 2997/4148/2707 3001/4149/2707 3000/4146/2707 2999/4145/2707
f 2998/4150/2708 3002/4147/2708 3000/4146/2708 3001/4149/2708
f 3003/4151/2709 3006/4152/2709 3007/4153/2709 3009/4154/2709
f 3004/4155/2710 3008/4156/2710 3007/4153/2710 3006/4152/2710
f 3005/4157/2711 3009/4154/2711 3007/4153/2711 3008/4156/2711
f 3010/4158/2712 3013/4159/2712 3014/4160/2712 3016/4161/2712
f 3011/4162/2713 3015/4163/2713 3014/4160/2713 3013/4159/2713
f 3012/4164/2714 3016/4161/2714 3014/4160/2714 3015/4163/2714
f 2975/4117/2715 2961/4093/2715 2967/4096/2715 2978/4118/2715
f 2978/4124/2716 2967/4102/2716 2963/4101/2716 2976/4121/2716
f 2962/4097/2717 2968/4105/2717 2974/4108/2717 2966/4098/2717
f 2966/4104/2718 2974/4114/2718 2970/4113/2718 2963/4101/2718
f 2969/4109/2719 2982/4127/2719 2988/4130/2719 2973/4110/2719
f 2973/4116/2720 2988/4136/2720 2984/4135/2720 2970/4113/2720
f 2983/4131/2721 2977/4125/2721 2980/4122/2721 2987/4132/2721
f 2987/4132/2722 2980/4122/2722 2976/4121/2722 2984/4135/2722
f 3003/4151/2723 2975/4117/2723 2981/4120/2723 3006/4152/2723
f 3006/4152/2724 2981/4126/2724 2977/4125/2724 3004/4155/2724
f 2982/4127/2725 3010/4158/2725 3016/4161/2725 2985/4128/2725
f 2985/4134/2726 3016/4161/2726 3012/4164/2726 2983/4131/2726
f 3011/4162/2727 3005/4157/2727 3008/4156/2727 3015/4163/2727
f 3015/4163/2728 3008/4156/2728 3004/4155/2728 3012/4164/2728
f 2989/4137/2729 3003/4151/2729 3009/4154/2729 2992/4138/2729
f 2992/4138/2730 3009/4154/2730 3005/4157/2730 2990/4141/2730
f 3010/4158/2731 2996/4144/2731 3002/4147/2731 3013/4159/2731
f 3013/4159/2732 3002/4147/2732 2998/4150/2732 3011/4162/2732
f 2997/4148/2733 2991/4143/2733 2994/4142/2733 3001/4149/2733
f 3001/4149/2734 2994/4142/2734 2990/4141/2734 2998/4150/2734
f 2961/4093/2735 2989/4137/2735 2995/4140/2735 2964/4094/2735
f 2964/4100/2736 2995/4140/2736 2991/4143/2736 2962/4097/2736
f 2996/4144/2737 2969/4109/2737 2971/4112/2737 2999/4145/2737
f 2999/4145/2738 2971/4106/2738 2968/4105/2738 2997/4148/2738
f 2975/4117/2739 3003/4151/2739 2989/4137/2739 2961/4093/2739
f 2963/4101/2740 2970/4113/2740 2984/4135/2740 2976/4121/2740
f 2991/4143/2741 2997/4148/2741 2968/4105/2741 2962/4097/2741
f 3010/4158/2742 2982/4127/2742 2969/4109/2742 2996/4144/2742
f 2977/4125/2743 2983/4131/2743 3012/4164/2743 3004/4155/2743
f 3005/4157/2744 3011/4162/2744 2998/4150/2744 2990/4141/2744
o Window_Mullion_Vertical
v -0.002500 1.040000 -5.035000
v -0.002500 1.055000 -5.020000
v -0.017500 1.055000 -5.035000
v -0.002500 1.044393 -5.024394
v -0.011160 1.046340 -5.026340
v -0.013107 1.055000 -5.024394
v -0.013107 1.044393 -5.035000
v -0.002500 2.045000 -5.020000
v -0.002500 2.060000 -5.035000
v -0.017500 2.045000 -5.035000
v -0.002500 2.055607 -5.024394
v -0.011160 2.053660 -5.026340
v -0.013107 2.055607 -5.035000
v -0.013107 2.045000 -5.024394
v -0.002500 1.040000 -5.055000
v -0.017500 1.055000 -5.055000
v -0.002500 1.055000 -5.070000
v -0.013107 1.044393 -5.055000
v -0.011160 1.046340 -5.063660
v -0.013107 1.055000 -5.065607
v -0.002500 1.044393 -5.065607
v -0.002500 2.060000 -5.055000
v -0.002500 2.045000 -5.070000
v -0.017500 2.045000 -5.055000
v -0.002500 2.055607 -5.065607
v -0.011160 2.053660 -5.063660
v -0.013107 2.045000 -5.065607
v -0.013107 2.055607 -5.055000
v 0.002500 1.040000 -5.035000
v 0.017500 1.055000 -5.035000
v 0.002500 1.055000 -5.020000
v 0.013107 1.044393 -5.035000
v 0.011160 1.046340 -5.026340
v 0.013107 1.055000 -5.024394
v 0.002500 1.044393 -5.024394
v 0.002500 2.060000 -5.035000
v 0.002500 2.045000 -5.020000
v 0.017500 2.045000 -5.035000
v 0.002500 2.055607 -5.024394
v 0.011160 2.053660 -5.026340
v 0.013107 2.045000 -5.024394
v 0.013107 2.055607 -5.035000
v 0.002500 1.040000 -5.055000
v 0.002500 1.055000 -5.070000
v 0.017500 1.055000 -5.055000
v 0.002500 1.044393 -5.065607
v 0.011160 1.046340 -5.063660
v 0.013107 1.055000 -5.065607
v 0.013107 1.044393 -5.055000
v 0.002500 2.060000 -5.055000
v 0.017500 2.045000 -5.055000
v 0.002500 2.045000 -5.070000
v 0.013107 2.055607 -5.055000
v 0.011160 2.053660 -5.063660
v 0.013107 2.045000 -5.065607
v 0.002500 2.055607 -5.065607
vn -0.3251 -0.8881 0.3251
vn -0.3251 -0.3251 0.8881
vn -0.8881 -0.3251 0.3251
vn -0.3251 0.3251 0.8881
vn -0.3251 0.8881 0.3251
vn -0.8881 0.3251 0.3251
vn -0.3251 -0.8881 -0.3251
vn -0.8881 -0.3251 -0.3251
vn -0.3251 -0.3251 -0.8881
vn -0.3251 0.8881 -0.3251
vn -0.3251 0.3251 -0.8881
vn -0.8881 0.3251 -0.3251
vn 0.3251 -0.8881 0.3251
vn 0.8881 -0.3251 0.3251
vn 0.3251 -0.3251 0.8881
vn 0.3251 0.8881 0.3251
vn 0.3251 0.3251 0.8881
vn 0.8881 0.3251 0.3251
vn 0.3251 -0.8881 -0.3251
vn 0.3251 -0.3251 -0.8881
vn 0.8881 -0.3251 -0.3251
vn 0.3251 0.8881 -0.3251
vn 0.8881 0.3251 -0.3251
vn 0.3251 0.3251 -0.8881
vn -0.3827 -0.9239 -0.0000
vn -0.9239 -0.3827 -0.0000
vn -0.3827 -0.0000 0.9239
vn -0.9239 -0.0000 0.3827
vn -0.3827 0.9239 -0.0000
vn -0.9239 0.3827 -0.0000
vn -0.3827 -0.0000 -0.9239
vn -0.9239 -0.0000 -0.3827
vn -0.0000 -0.9239 -0.3827
vn -0.0000 -0.3827 -0.9239
vn -0.0000 0.9239 -0.3827
vn -0.0000 0.3827 -0.9239
vn 0.9239 -0.0000 -0.3827
vn 0.3827 -0.0000 -0.9239
vn 0.3827 -0.9239 -0.0000
vn 0.9239 -0.3827 -0.0000
vn 0.3827 0.9239 -0.0000
vn 0.9239 0.3827 -0.0000
vn 0.3827 -0.0000 0.9239
vn 0.9239 -0.0000 0.3827
vn -0.0000 -0.9239 0.3827
vn -0.0000 -0.3827 0.9239
vn -0.0000 0.9239 0.3827
vn -0.0000 0.3827 0.9239
vn -0.0000 -1.0000 -0.0000
vn -1.0000 -0.0000 -0.0000
vn -0.0000 -0.0000 1.0000
vn -0.0000 1.0000 -0.0000
vn -0.0000 -0.0000 -1.0000
vn 1.0000 -0.0000 -0.0000
vt 0.232143 0.675000
vt 0.232143 0.750000
vt 0.170284 0.750000
vt 0.125000 0.675000
vt 0.378677 0.892857
vt 0.378676 1.000000
vt 0.376554 1.000000
vt 0.375000 0.892857
vt 0.378676 0.075000
vt 0.375000 0.075000
vt 0.375000 0.031699
vt 0.378676 0.000000
vt 0.621323 0.892857
vt 0.625000 0.892857
vt 0.625000 0.954716
vt 0.621324 1.000000
vt 0.767857 0.675000
vt 0.875000 0.675000
vt 0.875000 0.718301
vt 0.767857 0.750000
vt 0.621323 0.075000
vt 0.621323 0.000000
vt 0.623446 0.000000
vt 0.625000 0.075000
vt 0.232143 0.575000
vt 0.125000 0.575000
vt 0.125000 0.531699
vt 0.232143 0.500000
vt 0.378676 0.175000
vt 0.378676 0.250000
vt 0.375777 0.272642
vt 0.375000 0.175000
vt 0.378676 0.357143
vt 0.375000 0.357143
vt 0.767857 0.575000
vt 0.767857 0.500000
vt 0.829716 0.500000
vt 0.875000 0.575000
vt 0.621324 0.357143
vt 0.621324 0.250000
vt 0.624223 0.234151
vt 0.625000 0.357143
vt 0.621324 0.175000
vt 0.625000 0.175000
vt 0.267857 0.675000
vt 0.375000 0.675000
vt 0.375518 0.754528
vt 0.321429 0.803571
vt 0.378676 0.675000
vt 0.378676 0.750000
vt 0.378677 0.857143
vt 0.732143 0.675000
vt 0.678571 0.803571
vt 0.639577 0.739434
vt 0.625000 0.675000
vt 0.621324 0.857143
vt 0.621324 0.750000
vt 0.621324 0.675000
vt 0.267857 0.575000
vt 0.321429 0.446429
vt 0.360423 0.510566
vt 0.375000 0.575000
vt 0.378677 0.392857
vt 0.378676 0.500000
vt 0.378676 0.575000
vt 0.732143 0.575000
vt 0.625000 0.575000
vt 0.624482 0.495472
vt 0.678571 0.446429
vt 0.621323 0.575000
vt 0.621324 0.500000
vt 0.621324 0.392857
s 0
usemtl Cream_Cabinets
f 3017/4165/2745 3020/4166/2745 3021/4167/2745 3023/4168/2745
f 3018/4169/2746 3022/4170/2746 3021/4171/2746 3020/4172/2746
f 3019/4173/2747 3023/4174/2747 3021/4175/2747 3022/4176/2747
f 3024/4177/2748 3027/4178/2748 3028/4179/2748 3030/4180/2748
f 3025/4181/2749 3029/4182/2749 3028/4183/2749 3027/4184/2749
f 3026/4185/2750 3030/4186/2750 3028/4187/2750 3029/4188/2750
f 3031/4189/2751 3034/4190/2751 3035/4191/2751 3037/4192/2751
f 3032/4193/2752 3036/4194/2752 3035/4195/2752 3034/4196/2752
f 3033/4197/2753 3037/4198/2753 3035/4195/2753 3036/4194/2753
f 3038/4199/2754 3041/4200/2754 3042/4201/2754 3044/4202/2754
f 3039/4203/2755 3043/4204/2755 3042/4205/2755 3041/4206/2755
f 3040/4207/2756 3044/4208/2756 3042/4205/2756 3043/4204/2756
f 3045/4209/2757 3048/4210/2757 3049/4211/2757 3051/4212/2757
f 3046/4213/2758 3050/4214/2758 3049/4211/2758 3048/4210/2758
f 3047/4215/2759 3051/4212/2759 3049/4211/2759 3050/4214/2759
f 3052/4216/2760 3055/4217/2760 3056/4218/2760 3058/4219/2760
f 3053/4220/2761 3057/4221/2761 3056/4218/2761 3055/4217/2761
f 3054/4222/2762 3058/4219/2762 3056/4218/2762 3057/4221/2762
f 3059/4223/2763 3062/4224/2763 3063/4225/2763 3065/4226/2763
f 3060/4227/2764 3064/4228/2764 3063/4225/2764 3062/4224/2764
f 3061/4229/2765 3065/4226/2765 3063/4225/2765 3064/4228/2765
f 3066/4230/2766 3069/4231/2766 3070/4232/2766 3072/4233/2766
f 3067/4234/2767 3071/4235/2767 3070/4232/2767 3069/4231/2767
f 3068/4236/2768 3072/4233/2768 3070/4232/2768 3071/4235/2768
f 3031/4189/2769 3017/4165/2769 3023/4168/2769 3034/4190/2769
f 3034/4196/2770 3023/4174/2770 3019/4173/2770 3032/4193/2770
f 3018/4169/2771 3024/4177/2771 3030/4180/2771 3022/4170/2771
f 3022/4176/2772 3030/4186/2772 3026/4185/2772 3019/4173/2772
f 3025/4181/2773 3038/4199/2773 3044/4202/2773 3029/4182/2773
f 3029/4188/2774 3044/4208/2774 3040/4207/2774 3026/4185/2774
f 3039/4203/2775 3033/4197/2775 3036/4194/2775 3043/4204/2775
f 3043/4204/2776 3036/4194/2776 3032/4193/2776 3040/4207/2776
f 3059/4223/2777 3031/4189/2777 3037/4192/2777 3062/4224/2777
f 3062/4224/2778 3037/4198/2778 3033/4197/2778 3060/4227/2778
f 3038/4199/2779 3066/4230/2779 3072/4233/2779 3041/4200/2779
f 3041/4206/2780 3072/4233/2780 3068/4236/2780 3039/4203/2780
f 3067/4234/2781 3061/4229/2781 3064/4228/2781 3071/4235/2781
f 3071/4235/2782 3064/4228/2782 3060/4227/2782 3068/4236/2782
f 3045/4209/2783 3059/4223/2783 3065/4226/2783 3048/4210/2783
f 3048/4210/2784 3065/4226/2784 3061/4229/2784 3046/4213/2784
f 3066/4230/2785 3052/4216/2785 3058/4219/2785 3069/4231/2785
f 3069/4231/2786 3058/4219/2786 3054/4222/2786 3067/4234/2786
f 3053/4220/2787 3047/4215/2787 3050/4214/2787 3057/4221/2787
f 3057/4221/2788 3050/4214/2788 3046/4213/2788 3054/4222/2788
f 3017/4165/2789 3045/4209/2789 3051/4212/2789 3020/4166/2789
f 3020/4172/2790 3051/4212/2790 3047/4215/2790 3018/4169/2790
f 3052/4216/2791 3025/4181/2791 3027/4184/2791 3055/4217/2791
f 3055/4217/2792 3027/4178/2792 3024/4177/2792 3053/4220/2792
f 3031/4189/2793 3059/4223/2793 3045/4209/2793 3017/4165/2793
f 3019/4173/2794 3026/4185/2794 3040/4207/2794 3032/4193/2794
f 3047/4215/2795 3053/4220/2795 3024/4177/2795 3018/4169/2795
f 3066/4230/2796 3038/4199/2796 3025/4181/2796 3052/4216/2796
f 3033/4197/2797 3039/4203/2797 3068/4236/2797 3060/4227/2797
f 3061/4229/2798 3067/4234/2798 3054/4222/2798 3046/4213/2798
o Window_Mullion_Horizontal
v -0.760000 1.532500 -5.035000
v -0.760000 1.547500 -5.020000
v -0.775000 1.547500 -5.035000
v -0.760000 1.536893 -5.024394
v -0.768660 1.538840 -5.026340
v -0.770607 1.547500 -5.024394
v -0.770607 1.536893 -5.035000
v -0.760000 1.552500 -5.020000
v -0.760000 1.567500 -5.035000
v -0.775000 1.552500 -5.035000
v -0.760000 1.563107 -5.024394
v -0.768660 1.561160 -5.026340
v -0.770607 1.563107 -5.035000
v -0.770607 1.552500 -5.024394
v -0.760000 1.532500 -5.055000
v -0.775000 1.547500 -5.055000
v -0.760000 1.547500 -5.070000
v -0.770607 1.536893 -5.055000
v -0.768660 1.538840 -5.063660
v -0.770607 1.547500 -5.065607
v -0.760000 1.536893 -5.065607
v -0.760000 1.567500 -5.055000
v -0.760000 1.552500 -5.070000
v -0.775000 1.552500 -5.055000
v -0.760000 1.563107 -5.065607
v -0.768660 1.561160 -5.063660
v -0.770607 1.552500 -5.065607
v -0.770607 1.563107 -5.055000
v 0.760000 1.532500 -5.035000
v 0.775000 1.547500 -5.035000
v 0.760000 1.547500 -5.020000
v 0.770607 1.536893 -5.035000
v 0.768660 1.538840 -5.026340
v 0.770607 1.547500 -5.024394
v 0.760000 1.536893 -5.024394
v 0.760000 1.567500 -5.035000
v 0.760000 1.552500 -5.020000
v 0.775000 1.552500 -5.035000
v 0.760000 1.563107 -5.024394
v 0.768660 1.561160 -5.026340
v 0.770607 1.552500 -5.024394
v 0.770607 1.563107 -5.035000
v 0.760000 1.532500 -5.055000
v 0.760000 1.547500 -5.070000
v 0.775000 1.547500 -5.055000
v 0.760000 1.536893 -5.065607
v 0.768660 1.538840 -5.063660
v 0.770607 1.547500 -5.065607
v 0.770607 1.536893 -5.055000
v 0.760000 1.567500 -5.055000
v 0.775000 1.552500 -5.055000
v 0.760000 1.552500 -5.070000
v 0.770607 1.563107 -5.055000
v 0.768660 1.561160 -5.063660
v 0.770607 1.552500 -5.065607
v 0.760000 1.563107 -5.065607
vn -0.3251 -0.8881 0.3251
vn -0.3251 -0.3251 0.8881
vn -0.8881 -0.3251 0.3251
vn -0.3251 0.3251 0.8881
vn -0.3251 0.8881 0.3251
vn -0.8881 0.3251 0.3251
vn -0.3251 -0.8881 -0.3251
vn -0.8881 -0.3251 -0.3251
vn -0.3251 -0.3251 -0.8881
vn -0.3251 0.8881 -0.3251
vn -0.3251 0.3251 -0.8881
vn -0.8881 0.3251 -0.3251
vn 0.3251 -0.8881 0.3251
vn 0.8881 -0.3251 0.3251
vn 0.3251 -0.3251 0.8881
vn 0.3251 0.8881 0.3251
vn 0.3251 0.3251 0.8881
vn 0.8881 0.3251 0.3251
vn 0.3251 -0.8881 -0.3251
vn 0.3251 -0.3251 -0.8881
vn 0.8881 -0.3251 -0.3251
vn 0.3251 0.8881 -0.3251
vn 0.8881 0.3251 -0.3251
vn 0.3251 0.3251 -0.8881
vn -0.3827 -0.9239 -0.0000
vn -0.9239 -0.3827 -0.0000
vn -0.3827 -0.0000 0.9239
vn -0.9239 -0.0000 0.3827
vn -0.3827 0.9239 -0.0000
vn -0.9239 0.3827 -0.0000
vn -0.3827 -0.0000 -0.9239
vn -0.9239 -0.0000 -0.3827
vn -0.0000 -0.9239 -0.3827
vn -0.0000 -0.3827 -0.9239
vn -0.0000 0.9239 -0.3827
vn -0.0000 0.3827 -0.9239
vn 0.9239 -0.0000 -0.3827
vn 0.3827 -0.0000 -0.9239
vn 0.3827 -0.9239 -0.0000
vn 0.9239 -0.3827 -0.0000
vn 0.3827 0.9239 -0.0000
vn 0.9239 0.3827 -0.0000
vn 0.3827 -0.0000 0.9239
vn 0.9239 -0.0000 0.3827
vn -0.0000 -0.9239 0.3827
vn -0.0000 -0.3827 0.9239
vn -0.0000 0.9239 0.3827
vn -0.0000 0.3827 0.9239
vn -0.0000 -1.0000 -0.0000
vn -1.0000 -0.0000 -0.0000
vn -0.0000 -0.0000 1.0000
vn -0.0000 1.0000 -0.0000
vn -0.0000 -0.0000 -1.0000
vn 1.0000 -0.0000 -0.0000
vt 0.127419 0.675000
vt 0.127419 0.750000
vt 0.126023 0.750000
vt 0.125000 0.675000
vt 0.482143 0.997580
vt 0.482143 1.000000
vt 0.420284 1.000000
vt 0.375000 0.997581
vt 0.482143 0.075000
vt 0.375000 0.075000
vt 0.375000 0.031699
vt 0.482143 0.000000
vt 0.517857 0.997581
vt 0.625000 0.997581
vt 0.625000 0.998977
vt 0.517857 1.000000
vt 0.872581 0.675000
vt 0.875000 0.675000
vt 0.875000 0.718301
vt 0.872581 0.750000
vt 0.517857 0.075000
vt 0.517857 0.000000
vt 0.579716 0.000000
vt 0.625000 0.075000
vt 0.127419 0.575000
vt 0.125000 0.575000
vt 0.125000 0.531699
vt 0.127419 0.500000
vt 0.482143 0.175000
vt 0.482143 0.250000
vt 0.397642 0.250511
vt 0.375000 0.175000
vt 0.482143 0.252419
vt 0.375000 0.252419
vt 0.872581 0.575000
vt 0.872581 0.500000
vt 0.873977 0.500000
vt 0.875000 0.575000
vt 0.517857 0.252419
vt 0.517857 0.250000
vt 0.602358 0.234151
vt 0.625000 0.252419
vt 0.517857 0.175000
vt 0.625000 0.175000
vt 0.372581 0.675000
vt 0.375000 0.675000
vt 0.390095 0.739775
vt 0.373790 0.751210
vt 0.482143 0.675000
vt 0.482143 0.750000
vt 0.482143 0.752419
vt 0.627419 0.675000
vt 0.626210 0.751210
vt 0.610246 0.739434
vt 0.625000 0.675000
vt 0.517857 0.752419
vt 0.517857 0.750000
vt 0.517857 0.675000
vt 0.372581 0.575000
vt 0.373790 0.498790
vt 0.389754 0.510566
vt 0.375000 0.575000
vt 0.482143 0.497581
vt 0.482143 0.500000
vt 0.482143 0.575000
vt 0.627419 0.575000
vt 0.625000 0.575000
vt 0.609906 0.510225
vt 0.626210 0.498790
vt 0.517857 0.575000
vt 0.517857 0.500000
vt 0.517857 0.497581
s 0
usemtl Cream_Cabinets
f 3073/4237/2799 3076/4238/2799 3077/4239/2799 3079/4240/2799
f 3074/4241/2800 3078/4242/2800 3077/4243/2800 3076/4244/2800
f 3075/4245/2801 3079/4246/2801 3077/4247/2801 3078/4248/2801
f 3080/4249/2802 3083/4250/2802 3084/4251/2802 3086/4252/2802
f 3081/4253/2803 3085/4254/2803 3084/4255/2803 3083/4256/2803
f 3082/4257/2804 3086/4258/2804 3084/4259/2804 3085/4260/2804
f 3087/4261/2805 3090/4262/2805 3091/4263/2805 3093/4264/2805
f 3088/4265/2806 3092/4266/2806 3091/4267/2806 3090/4268/2806
f 3089/4269/2807 3093/4270/2807 3091/4267/2807 3092/4266/2807
f 3094/4271/2808 3097/4272/2808 3098/4273/2808 3100/4274/2808
f 3095/4275/2809 3099/4276/2809 3098/4277/2809 3097/4278/2809
f 3096/4279/2810 3100/4280/2810 3098/4277/2810 3099/4276/2810
f 3101/4281/2811 3104/4282/2811 3105/4283/2811 3107/4284/2811
f 3102/4285/2812 3106/4286/2812 3105/4283/2812 3104/4282/2812
f 3103/4287/2813 3107/4284/2813 3105/4283/2813 3106/4286/2813
f 3108/4288/2814 3111/4289/2814 3112/4290/2814 3114/4291/2814
f 3109/4292/2815 3113/4293/2815 3112/4290/2815 3111/4289/2815
f 3110/4294/2816 3114/4291/2816 3112/4290/2816 3113/4293/2816
f 3115/4295/2817 3118/4296/2817 3119/4297/2817 3121/4298/2817
f 3116/4299/2818 3120/4300/2818 3119/4297/2818 3118/4296/2818
f 3117/4301/2819 3121/4298/2819 3119/4297/2819 3120/4300/2819
f 3122/4302/2820 3125/4303/2820 3126/4304/2820 3128/4305/2820
f 3123/4306/2821 3127/4307/2821 3126/4304/2821 3125/4303/2821
f 3124/4308/2822 3128/4305/2822 3126/4304/2822 3127/4307/2822
f 3087/4261/2823 3073/4237/2823 3079/4240/2823 3090/4262/2823
f 3090/4268/2824 3079/4246/2824 3075/4245/2824 3088/4265/2824
f 3074/4241/2825 3080/4249/2825 3086/4252/2825 3078/4242/2825
f 3078/4248/2826 3086/4258/2826 3082/4257/2826 3075/4245/2826
f 3081/4253/2827 3094/4271/2827 3100/4274/2827 3085/4254/2827
f 3085/4260/2828 3100/4280/2828 3096/4279/2828 3082/4257/2828
f 3095/4275/2829 3089/4269/2829 3092/4266/2829 3099/4276/2829
f 3099/4276/2830 3092/4266/2830 3088/4265/2830 3096/4279/2830
f 3115/4295/2831 3087/4261/2831 3093/4264/2831 3118/4296/2831
f 3118/4296/2832 3093/4270/2832 3089/4269/2832 3116/4299/2832
f 3094/4271/2833 3122/4302/2833 3128/4305/2833 3097/4272/2833
f 3097/4278/2834 3128/4305/2834 3124/4308/2834 3095/4275/2834
f 3123/4306/2835 3117/4301/2835 3120/4300/2835 3127/4307/2835
f 3127/4307/2836 3120/4300/2836 3116/4299/2836 3124/4308/2836
f 3101/4281/2837 3115/4295/2837 3121/4298/2837 3104/4282/2837
f 3104/4282/2838 3121/4298/2838 3117/4301/2838 3102/4285/2838
f 3122/4302/2839 3108/4288/2839 3114/4291/2839 3125/4303/2839
f 3125/4303/2840 3114/4291/2840 3110/4294/2840 3123/4306/2840
f 3109/4292/2841 3103/4287/2841 3106/4286/2841 3113/4293/2841
f 3113/4293/2842 3106/4286/2842 3102/4285/2842 3110/4294/2842
f 3073/4237/2843 3101/4281/2843 3107/4284/2843 3076/4238/2843
f 3076/4244/2844 3107/4284/2844 3103/4287/2844 3074/4241/2844
f 3108/4288/2845 3081/4253/2845 3083/4256/2845 3111/4289/2845
f 3111/4289/2846 3083/4250/2846 3080/4249/2846 3109/4292/2846
f 3087/4261/2847 3115/4295/2847 3101/4281/2847 3073/4237/2847
f 3075/4245/2848 3082/4257/2848 3096/4279/2848 3088/4265/2848
f 3103/4287/2849 3109/4292/2849 3080/4249/2849 3074/4241/2849
f 3122/4302/2850 3094/4271/2850 3081/4253/2850 3108/4288/2850
f 3089/4269/2851 3095/4275/2851 3124/4308/2851 3116/4299/2851
f 3117/4301/2852 3123/4306/2852 3110/4294/2852 3102/4285/2852
o Windowsill
v -0.885000 0.980000 -4.865000
v -0.885000 0.995000 -4.850000
v -0.900000 0.995000 -4.865000
v -0.885000 0.984393 -4.854393
v -0.893660 0.986340 -4.856340
v -0.895607 0.995000 -4.854393
v -0.895607 0.984393 -4.865000
v -0.885000 1.045000 -4.850000
v -0.885000 1.060000 -4.865000
v -0.900000 1.045000 -4.865000
v -0.885000 1.055607 -4.854393
v -0.893660 1.053660 -4.856340
v -0.895607 1.055607 -4.865000
v -0.895607 1.045000 -4.854393
v -0.885000 0.980000 -5.135000
v -0.900000 0.995000 -5.135000
v -0.885000 0.995000 -5.150000
v -0.895607 0.984393 -5.135000
v -0.893660 0.986340 -5.143660
v -0.895607 0.995000 -5.145607
v -0.885000 0.984393 -5.145607
v -0.885000 1.060000 -5.135000
v -0.885000 1.045000 -5.150000
v -0.900000 1.045000 -5.135000
v -0.885000 1.055607 -5.145607
v -0.893660 1.053660 -5.143660
v -0.895607 1.045000 -5.145607
v -0.895607 1.055607 -5.135000
v 0.885000 0.980000 -4.865000
v 0.900000 0.995000 -4.865000
v 0.885000 0.995000 -4.850000
v 0.895607 0.984393 -4.865000
v 0.893660 0.986340 -4.856340
v 0.895607 0.995000 -4.854393
v 0.885000 0.984393 -4.854393
v 0.885000 1.060000 -4.865000
v 0.885000 1.045000 -4.850000
v 0.900000 1.045000 -4.865000
v 0.885000 1.055607 -4.854393
v 0.893660 1.053660 -4.856340
v 0.895607 1.045000 -4.854393
v 0.895607 1.055607 -4.865000
v 0.885000 0.980000 -5.135000
v 0.885000 0.995000 -5.150000
v 0.900000 0.995000 -5.135000
v 0.885000 0.984393 -5.145607
v 0.893660 0.986340 -5.143660
v 0.895607 0.995000 -5.145607
v 0.895607 0.984393 -5.135000
v 0.885000 1.060000 -5.135000
v 0.900000 1.045000 -5.135000
v 0.885000 1.045000 -5.150000
v 0.895607 1.055607 -5.135000
v 0.893660 1.053660 -5.143660
v 0.895607 1.045000 -5.145607
v 0.885000 1.055607 -5.145607
vn -0.3251 -0.8881 0.3251
vn -0.3251 -0.3251 0.8881
vn -0.8881 -0.3251 0.3251
vn -0.3251 0.3251 0.8881
vn -0.3251 0.8881 0.3251
vn -0.8881 0.3251 0.3251
vn -0.3251 -0.8881 -0.3251
vn -0.8881 -0.3251 -0.3251
vn -0.3251 -0.3251 -0.8881
vn -0.3251 0.8881 -0.3251
vn -0.3251 0.3251 -0.8881
vn -0.8881 0.3251 -0.3251
vn 0.3251 -0.8881 0.3251
vn 0.8881 -0.3251 0.3251
vn 0.3251 -0.3251 0.8881
vn 0.3251 0.8881 0.3251
vn 0.3251 0.3251 0.8881
vn 0.8881 0.3251 0.3251
vn 0.3251 -0.8881 -0.3251
vn 0.3251 -0.3251 -0.8881
vn 0.8881 -0.3251 -0.3251
vn 0.3251 0.8881 -0.3251
vn 0.8881 0.3251 -0.3251
vn 0.3251 0.3251 -0.8881
vn -0.3827 -0.9239 -0.0000
vn -0.9239 -0.3827 -0.0000
vn -0.3827 -0.0000 0.9239
vn -0.9239 -0.0000 0.3827
vn -0.3827 0.9239 -0.0000
vn -0.9239 0.3827 -0.0000
vn -0.3827 -0.0000 -0.9239
vn -0.9239 -0.0000 -0.3827
vn -0.0000 -0.9239 -0.3827
vn -0.0000 -0.3827 -0.9239
vn -0.0000 0.9239 -0.3827
vn -0.0000 0.3827 -0.9239
vn 0.9239 -0.0000 -0.3827
vn 0.3827 -0.0000 -0.9239
vn 0.3827 -0.9239 -0.0000
vn 0.9239 -0.3827 -0.0000
vn 0.3827 0.9239 -0.0000
vn 0.9239 0.3827 -0.0000
vn 0.3827 -0.0000 0.9239
vn 0.9239 -0.0000 0.3827
vn -0.0000 -0.9239 0.3827
vn -0.0000 -0.3827 0.9239
vn -0.0000 0.9239 0.3827
vn -0.0000 0.3827 0.9239
vn -0.0000 -1.0000 -0.0000
vn -1.0000 -0.0000 -0.0000
vn -0.0000 -0.0000 1.0000
vn -0.0000 1.0000 -0.0000
vn -0.0000 -0.0000 -1.0000
vn 1.0000 -0.0000 -0.0000
vt 0.127083 0.737500
vt 0.127083 0.750000
vt 0.125881 0.750000
vt 0.125000 0.737500
vt 0.421875 0.997917
vt 0.421875 1.000000
vt 0.394812 1.000000
vt 0.375000 0.997917
vt 0.421875 0.012500
vt 0.375000 0.012500
vt 0.375000 0.005283
vt 0.421875 0.000000
vt 0.578125 0.997917
vt 0.625000 0.997917
vt 0.625000 0.999120
vt 0.578125 1.000000
vt 0.872917 0.737500
vt 0.875000 0.737500
vt 0.875000 0.744717
vt 0.872917 0.750000
vt 0.578125 0.012500
vt 0.578125 0.000000
vt 0.605188 0.000000
vt 0.625000 0.012500
vt 0.127083 0.512500
vt 0.125000 0.512500
vt 0.125000 0.505283
vt 0.127083 0.500000
vt 0.421875 0.237500
vt 0.421875 0.250000
vt 0.384906 0.250440
vt 0.375000 0.237500
vt 0.421875 0.252083
vt 0.375000 0.252083
vt 0.872917 0.512500
vt 0.872917 0.500000
vt 0.874119 0.500000
vt 0.875000 0.512500
vt 0.578125 0.252083
vt 0.578125 0.250000
vt 0.615094 0.247358
vt 0.625000 0.252083
vt 0.578125 0.237500
vt 0.625000 0.237500
vt 0.372917 0.737500
vt 0.375000 0.737500
vt 0.381604 0.748532
vt 0.373958 0.751042
vt 0.421875 0.737500
vt 0.421875 0.750000
vt 0.421875 0.752083
vt 0.627083 0.737500
vt 0.626042 0.751042
vt 0.618690 0.748239
vt 0.625000 0.737500
vt 0.578125 0.752083
vt 0.578125 0.750000
vt 0.578125 0.737500
vt 0.372917 0.512500
vt 0.373958 0.498958
vt 0.381310 0.501761
vt 0.375000 0.512500
vt 0.421875 0.497917
vt 0.421875 0.500000
vt 0.421875 0.512500
vt 0.627083 0.512500
vt 0.625000 0.512500
vt 0.618396 0.501468
vt 0.626042 0.498958
vt 0.578125 0.512500
vt 0.578125 0.500000
vt 0.578125 0.497917
s 0
usemtl Cream_Cabinets
f 3129/4309/2853 3132/4310/2853 3133/4311/2853 3135/4312/2853
f 3130/4313/2854 3134/4314/2854 3133/4315/2854 3132/4316/2854
f 3131/4317/2855 3135/4318/2855 3133/4319/2855 3134/4320/2855
f 3136/4321/2856 3139/4322/2856 3140/4323/2856 3142/4324/2856
f 3137/4325/2857 3141/4326/2857 3140/4327/2857 3139/4328/2857
f 3138/4329/2858 3142/4330/2858 3140/4331/2858 3141/4332/2858
f 3143/4333/2859 3146/4334/2859 3147/4335/2859 3149/4336/2859
f 3144/4337/2860 3148/4338/2860 3147/4339/2860 3146/4340/2860
f 3145/4341/2861 3149/4342/2861 3147/4339/2861 3148/4338/2861
f 3150/4343/2862 3153/4344/2862 3154/4345/2862 3156/4346/2862
f 3151/4347/2863 3155/4348/2863 3154/4349/2863 3153/4350/2863
f 3152/4351/2864 3156/4352/2864 3154/4349/2864 3155/4348/2864
f 3157/4353/2865 3160/4354/2865 3161/4355/2865 3163/4356/2865
f 3158/4357/2866 3162/4358/2866 3161/4355/2866 3160/4354/2866
f 3159/4359/2867 3163/4356/2867 3161/4355/2867 3162/4358/2867
f 3164/4360/2868 3167/4361/2868 3168/4362/2868 3170/4363/2868
f 3165/4364/2869 3169/4365/2869 3168/4362/2869 3167/4361/2869
f 3166/4366/2870 3170/4363/2870 3168/4362/2870 3169/4365/2870
f 3171/4367/2871 3174/4368/2871 3175/4369/2871 3177/4370/2871
f 3172/4371/2872 3176/4372/2872 3175/4369/2872 3174/4368/2872
f 3173/4373/2873 3177/4370/2873 3175/4369/2873 3176/4372/2873
f 3178/4374/2874 3181/4375/2874 3182/4376/2874 3184/4377/2874
f 3179/4378/2875 3183/4379/2875 3182/4376/2875 3181/4375/2875
f 3180/4380/2876 3184/4377/2876 3182/4376/2876 3183/4379/2876
f 3143/4333/2877 3129/4309/2877 3135/4312/2877 3146/4334/2877
f 3146/4340/2878 3135/4318/2878 3131/4317/2878 3144/4337/2878
f 3130/4313/2879 3136/4321/2879 3142/4324/2879 3134/4314/2879
f 3134/4320/2880 3142/4330/2880 3138/4329/2880 3131/4317/2880
f 3137/4325/2881 3150/4343/2881 3156/4346/2881 3141/4326/2881
f 3141/4332/2882 3156/4352/2882 3152/4351/2882 3138/4329/2882
f 3151/4347/2883 3145/4341/2883 3148/4338/2883 3155/4348/2883
f 3155/4348/2884 3148/4338/2884 3144/4337/2884 3152/4351/2884
f 3171/4367/2885 3143/4333/2885 3149/4336/2885 3174/4368/2885
f 3174/4368/2886 3149/4342/2886 3145/4341/2886 3172/4371/2886
f 3150/4343/2887 3178/4374/2887 3184/4377/2887 3153/4344/2887
f 3153/4350/2888 3184/4377/2888 3180/4380/2888 3151/4347/2888
f 3179/4378/2889 3173/4373/2889 3176/4372/2889 3183/4379/2889
f 3183/4379/2890 3176/4372/2890 3172/4371/2890 3180/4380/2890
f 3157/4353/2891 3171/4367/2891 3177/4370/2891 3160/4354/2891
f 3160/4354/2892 3177/4370/2892 3173/4373/2892 3158/4357/2892
f 3178/4374/2893 3164/4360/2893 3170/4363/2893 3181/4375/2893
f 3181/4375/2894 3170/4363/2894 3166/4366/2894 3179/4378/2894
f 3165/4364/2895 3159/4359/2895 3162/4358/2895 3169/4365/2895
f 3169/4365/2896 3162/4358/2896 3158/4357/2896 3166/4366/2896
f 3129/4309/2897 3157/4353/2897 3163/4356/2897 3132/4310/2897
f 3132/4316/2898 3163/4356/2898 3159/4359/2898 3130/4313/2898
f 3164/4360/2899 3137/4325/2899 3139/4328/2899 3167/4361/2899
f 3167/4361/2900 3139/4322/2900 3136/4321/2900 3165/4364/2900
f 3143/4333/2901 3171/4367/2901 3157/4353/2901 3129/4309/2901
f 3131/4317/2902 3138/4329/2902 3152/4351/2902 3144/4337/2902
f 3159/4359/2903 3165/4364/2903 3136/4321/2903 3130/4313/2903
f 3178/4374/2904 3150/4343/2904 3137/4325/2904 3164/4360/2904
f 3145/4341/2905 3151/4347/2905 3180/4380/2905 3172/4371/2905
f 3173/4373/2906 3179/4378/2906 3166/4366/2906 3158/4357/2906
o Radiator_Main
v -0.610000 0.440000 -4.930000
v -0.610000 0.455000 -4.915000
v -0.625000 0.455000 -4.930000
v -0.610000 0.444393 -4.919394
v -0.618660 0.446340 -4.921340
v -0.620607 0.455000 -4.919394
v -0.620607 0.444393 -4.930000
v -0.610000 0.905000 -4.915000
v -0.610000 0.920000 -4.930000
v -0.625000 0.905000 -4.930000
v -0.610000 0.915607 -4.919394
v -0.618660 0.913660 -4.921340
v -0.620607 0.915607 -4.930000
v -0.620607 0.905000 -4.919394
v -0.610000 0.440000 -5.030000
v -0.625000 0.455000 -5.030000
v -0.610000 0.455000 -5.045000
v -0.620607 0.444393 -5.030000
v -0.618660 0.446340 -5.038660
v -0.620607 0.455000 -5.040606
v -0.610000 0.444393 -5.040606
v -0.610000 0.920000 -5.030000
v -0.610000 0.905000 -5.045000
v -0.625000 0.905000 -5.030000
v -0.610000 0.915607 -5.040606
v -0.618660 0.913660 -5.038660
v -0.620607 0.905000 -5.040606
v -0.620607 0.915607 -5.030000
v 0.610000 0.440000 -4.930000
v 0.625000 0.455000 -4.930000
v 0.610000 0.455000 -4.915000
v 0.620607 0.444393 -4.930000
v 0.618660 0.446340 -4.921340
v 0.620607 0.455000 -4.919394
v 0.610000 0.444393 -4.919394
v 0.610000 0.920000 -4.930000
v 0.610000 0.905000 -4.915000
v 0.625000 0.905000 -4.930000
v 0.610000 0.915607 -4.919394
v 0.618660 0.913660 -4.921340
v 0.620607 0.905000 -4.919394
v 0.620607 0.915607 -4.930000
v 0.610000 0.440000 -5.030000
v 0.610000 0.455000 -5.045000
v 0.625000 0.455000 -5.030000
v 0.610000 0.444393 -5.040606
v 0.618660 0.446340 -5.038660
v 0.620607 0.455000 -5.040606
v 0.620607 0.444393 -5.030000
v 0.610000 0.920000 -5.030000
v 0.625000 0.905000 -5.030000
v 0.610000 0.905000 -5.045000
v 0.620607 0.915607 -5.030000
v 0.618660 0.913660 -5.038660
v 0.620607 0.905000 -5.040606
v 0.610000 0.915607 -5.040606
vn -0.3251 -0.8881 0.3251
vn -0.3251 -0.3251 0.8881
vn -0.8881 -0.3251 0.3251
vn -0.3251 0.3251 0.8881
vn -0.3251 0.8881 0.3251
vn -0.8881 0.3251 0.3251
vn -0.3251 -0.8881 -0.3251
vn -0.8881 -0.3251 -0.3251
vn -0.3251 -0.3251 -0.8881
vn -0.3251 0.8881 -0.3251
vn -0.3251 0.3251 -0.8881
vn -0.8881 0.3251 -0.3251
vn 0.3251 -0.8881 0.3251
vn 0.8881 -0.3251 0.3251
vn 0.3251 -0.3251 0.8881
vn 0.3251 0.8881 0.3251
vn 0.3251 0.3251 0.8881
vn 0.8881 0.3251 0.3251
vn 0.3251 -0.8881 -0.3251
vn 0.3251 -0.3251 -0.8881
vn 0.8881 -0.3251 -0.3251
vn 0.3251 0.8881 -0.3251
vn 0.8881 0.3251 -0.3251
vn 0.3251 0.3251 -0.8881
vn -0.3827 -0.9239 -0.0000
vn -0.9239 -0.3827 -0.0000
vn -0.3827 -0.0000 0.9239
vn -0.9239 -0.0000 0.3827
vn -0.3827 0.9239 -0.0000
vn -0.9239 0.3827 -0.0000
vn -0.3827 -0.0000 -0.9239
vn -0.9239 -0.0000 -0.3827
vn -0.0000 -0.9239 -0.3827
vn -0.0000 -0.3827 -0.9239
vn -0.0000 0.9239 -0.3827
vn -0.0000 0.3827 -0.9239
vn 0.9239 -0.0000 -0.3827
vn 0.3827 -0.0000 -0.9239
vn 0.3827 -0.9239 -0.0000
vn 0.9239 -0.3827 -0.0000
vn 0.3827 0.9239 -0.0000
vn 0.9239 0.3827 -0.0000
vn 0.3827 -0.0000 0.9239
vn 0.9239 -0.0000 0.3827
vn -0.0000 -0.9239 0.3827
vn -0.0000 -0.3827 0.9239
vn -0.0000 0.9239 0.3827
vn -0.0000 0.3827 0.9239
vn -0.0000 -1.0000 -0.0000
vn -1.0000 -0.0000 -0.0000
vn -0.0000 -0.0000 1.0000
vn -0.0000 1.0000 -0.0000
vn -0.0000 -0.0000 -1.0000
vn 1.0000 -0.0000 -0.0000
vt 0.128000 0.721154
vt 0.128000 0.750000
vt 0.126268 0.750000
vt 0.125000 0.721154
vt 0.382813 0.997000
vt 0.382812 1.000000
vt 0.378302 1.000000
vt 0.375000 0.997000
vt 0.382812 0.028846
vt 0.375000 0.028846
vt 0.375000 0.012192
vt 0.382812 0.000000
vt 0.617188 0.997000
vt 0.625000 0.997000
vt 0.625000 0.998732
vt 0.617187 1.000000
vt 0.872000 0.721154
vt 0.875000 0.721154
vt 0.875000 0.737808
vt 0.872000 0.750000
vt 0.617188 0.028846
vt 0.617187 0.000000
vt 0.621698 0.000000
vt 0.625000 0.028846
vt 0.128000 0.528846
vt 0.125000 0.528846
vt 0.125000 0.512192
vt 0.128000 0.500000
vt 0.382813 0.221154
vt 0.382812 0.250000
vt 0.376651 0.250634
vt 0.375000 0.221154
vt 0.382812 0.253000
vt 0.375000 0.253000
vt 0.872000 0.528846
vt 0.872000 0.500000
vt 0.873732 0.500000
vt 0.875000 0.528846
vt 0.617188 0.253000
vt 0.617188 0.250000
vt 0.623349 0.243904
vt 0.625000 0.253000
vt 0.617187 0.221154
vt 0.625000 0.221154
vt 0.372000 0.721154
vt 0.375000 0.721154
vt 0.376101 0.746359
vt 0.373500 0.751500
vt 0.382813 0.721154
vt 0.382812 0.750000
vt 0.382812 0.753000
vt 0.628000 0.721154
vt 0.626500 0.751500
vt 0.624322 0.745936
vt 0.625000 0.721154
vt 0.617188 0.753000
vt 0.617188 0.750000
vt 0.617187 0.721154
vt 0.372000 0.528846
vt 0.373500 0.498500
vt 0.375678 0.504064
vt 0.375000 0.528846
vt 0.382812 0.497000
vt 0.382812 0.500000
vt 0.382812 0.528846
vt 0.628000 0.528846
vt 0.625000 0.528846
vt 0.623899 0.503641
vt 0.626500 0.498500
vt 0.617188 0.528846
vt 0.617188 0.500000
vt 0.617188 0.497000
s 0
usemtl Radiator_Metal
f 3185/4381/2907 3188/4382/2907 3189/4383/2907 3191/4384/2907
f 3186/4385/2908 3190/4386/2908 3189/4387/2908 3188/4388/2908
f 3187/4389/2909 3191/4390/2909 3189/4391/2909 3190/4392/2909
f 3192/4393/2910 3195/4394/2910 3196/4395/2910 3198/4396/2910
f 3193/4397/2911 3197/4398/2911 3196/4399/2911 3195/4400/2911
f 3194/4401/2912 3198/4402/2912 3196/4403/2912 3197/4404/2912
f 3199/4405/2913 3202/4406/2913 3203/4407/2913 3205/4408/2913
f 3200/4409/2914 3204/4410/2914 3203/4411/2914 3202/4412/2914
f 3201/4413/2915 3205/4414/2915 3203/4411/2915 3204/4410/2915
f 3206/4415/2916 3209/4416/2916 3210/4417/2916 3212/4418/2916
f 3207/4419/2917 3211/4420/2917 3210/4421/2917 3209/4422/2917
f 3208/4423/2918 3212/4424/2918 3210/4421/2918 3211/4420/2918
f 3213/4425/2919 3216/4426/2919 3217/4427/2919 3219/4428/2919
f 3214/4429/2920 3218/4430/2920 3217/4427/2920 3216/4426/2920
f 3215/4431/2921 3219/4428/2921 3217/4427/2921 3218/4430/2921
f 3220/4432/2922 3223/4433/2922 3224/4434/2922 3226/4435/2922
f 3221/4436/2923 3225/4437/2923 3224/4434/2923 3223/4433/2923
f 3222/4438/2924 3226/4435/2924 3224/4434/2924 3225/4437/2924
f 3227/4439/2925 3230/4440/2925 3231/4441/2925 3233/4442/2925
f 3228/4443/2926 3232/4444/2926 3231/4441/2926 3230/4440/2926
f 3229/4445/2927 3233/4442/2927 3231/4441/2927 3232/4444/2927
f 3234/4446/2928 3237/4447/2928 3238/4448/2928 3240/4449/2928
f 3235/4450/2929 3239/4451/2929 3238/4448/2929 3237/4447/2929
f 3236/4452/2930 3240/4449/2930 3238/4448/2930 3239/4451/2930
f 3199/4405/2931 3185/4381/2931 3191/4384/2931 3202/4406/2931
f 3202/4412/2932 3191/4390/2932 3187/4389/2932 3200/4409/2932
f 3186/4385/2933 3192/4393/2933 3198/4396/2933 3190/4386/2933
f 3190/4392/2934 3198/4402/2934 3194/4401/2934 3187/4389/2934
f 3193/4397/2935 3206/4415/2935 3212/4418/2935 3197/4398/2935
f 3197/4404/2936 3212/4424/2936 3208/4423/2936 3194/4401/2936
f 3207/4419/2937 3201/4413/2937 3204/4410/2937 3211/4420/2937
f 3211/4420/2938 3204/4410/2938 3200/4409/2938 3208/4423/2938
f 3227/4439/2939 3199/4405/2939 3205/4408/2939 3230/4440/2939
f 3230/4440/2940 3205/4414/2940 3201/4413/2940 3228/4443/2940
f 3206/4415/2941 3234/4446/2941 3240/4449/2941 3209/4416/2941
f 3209/4422/2942 3240/4449/2942 3236/4452/2942 3207/4419/2942
f 3235/4450/2943 3229/4445/2943 3232/4444/2943 3239/4451/2943
f 3239/4451/2944 3232/4444/2944 3228/4443/2944 3236/4452/2944
f 3213/4425/2945 3227/4439/2945 3233/4442/2945 3216/4426/2945
f 3216/4426/2946 3233/4442/2946 3229/4445/2946 3214/4429/2946
f 3234/4446/2947 3220/4432/2947 3226/4435/2947 3237/4447/2947
f 3237/4447/2948 3226/4435/2948 3222/4438/2948 3235/4450/2948
f 3221/4436/2949 3215/4431/2949 3218/4430/2949 3225/4437/2949
f 3225/4437/2950 3218/4430/2950 3214/4429/2950 3222/4438/2950
f 3185/4381/2951 3213/4425/2951 3219/4428/2951 3188/4382/2951
f 3188/4388/2952 3219/4428/2952 3215/4431/2952 3186/4385/2952
f 3220/4432/2953 3193/4397/2953 3195/4400/2953 3223/4433/2953
f 3223/4433/2954 3195/4394/2954 3192/4393/2954 3221/4436/2954
f 3199/4405/2955 3227/4439/2955 3213/4425/2955 3185/4381/2955
f 3187/4389/2956 3194/4401/2956 3208/4423/2956 3200/4409/2956
f 3215/4431/2957 3221/4436/2957 3192/4393/2957 3186/4385/2957
f 3234/4446/2958 3206/4415/2958 3193/4397/2958 3220/4432/2958
f 3201/4413/2959 3207/4419/2959 3236/4452/2959 3228/4443/2959
f 3229/4445/2960 3235/4450/2960 3222/4438/2960 3214/4429/2960
o Radiator_Fin_0
v -0.592500 0.465000 -4.882500
v -0.592500 0.895000 -4.882500
v -0.592500 0.465000 -4.917500
v -0.592500 0.895000 -4.917500
v -0.567500 0.465000 -4.882500
v -0.567500 0.895000 -4.882500
v -0.567500 0.465000 -4.917500
v -0.567500 0.895000 -4.917500
vn -1.0000 -0.0000 -0.0000
vn -0.0000 -0.0000 -1.0000
vn 1.0000 -0.0000 -0.0000
vn -0.0000 -0.0000 1.0000
vn -0.0000 -1.0000 -0.0000
vn -0.0000 1.0000 -0.0000
vt 0.375000 0.000000
vt 0.625000 0.000000
vt 0.625000 0.250000
vt 0.375000 0.250000
vt 0.625000 0.500000
vt 0.375000 0.500000
vt 0.625000 0.750000
vt 0.375000 0.750000
vt 0.625000 1.000000
vt 0.375000 1.000000
vt 0.125000 0.500000
vt 0.125000 0.750000
vt 0.875000 0.500000
vt 0.875000 0.750000
s 0
usemtl Radiator_Metal
f 3241/4453/2961 3242/4454/2961 3244/4455/2961 3243/4456/2961
f 3243/4456/2962 3244/4455/2962 3248/4457/2962 3247/4458/2962
f 3247/4458/2963 3248/4457/2963 3246/4459/2963 3245/4460/2963
f 3245/4460/2964 3246/4459/2964 3242/4461/2964 3241/4462/2964
f 3243/4463/2965 3247/4458/2965 3245/4460/2965 3241/4464/2965
f 3248/4457/2966 3244/4465/2966 3242/4466/2966 3246/4459/2966
o Radiator_Fin_1
v -0.495500 0.465000 -4.882500
v -0.495500 0.895000 -4.882500
v -0.495500 0.465000 -4.917500
v -0.495500 0.895000 -4.917500
v -0.470500 0.465000 -4.882500
v -0.470500 0.895000 -4.882500
v -0.470500 0.465000 -4.917500
v -0.470500 0.895000 -4.917500
vn -1.0000 -0.0000 -0.0000
vn -0.0000 -0.0000 -1.0000
vn 1.0000 -0.0000 -0.0000
vn -0.0000 -0.0000 1.0000
vn -0.0000 -1.0000 -0.0000
vn -0.0000 1.0000 -0.0000
vt 0.375000 0.000000
vt 0.625000 0.000000
vt 0.625000 0.250000
vt 0.375000 0.250000
vt 0.625000 0.500000
vt 0.375000 0.500000
vt 0.625000 0.750000
vt 0.375000 0.750000
vt 0.625000 1.000000
vt 0.375000 1.000000
vt 0.125000 0.500000
vt 0.125000 0.750000
vt 0.875000 0.500000
vt 0.875000 0.750000
s 0
usemtl Radiator_Metal
f 3249/4467/2967 3250/4468/2967 3252/4469/2967 3251/4470/2967
f 3251/4470/2968 3252/4469/2968 3256/4471/2968 3255/4472/2968
f 3255/4472/2969 3256/4471/2969 3254/4473/2969 3253/4474/2969
f 3253/4474/2970 3254/4473/2970 3250/4475/2970 3249/4476/2970
f 3251/4477/2971 3255/4472/2971 3253/4474/2971 3249/4478/2971
f 3256/4471/2972 3252/4479/2972 3250/4480/2972 3254/4473/2972
o Radiator_Fin_2
v -0.398500 0.465000 -4.882500
v -0.398500 0.895000 -4.882500
v -0.398500 0.465000 -4.917500
v -0.398500 0.895000 -4.917500
v -0.373500 0.465000 -4.882500
v -0.373500 0.895000 -4.882500
v -0.373500 0.465000 -4.917500
v -0.373500 0.895000 -4.917500
vn -1.0000 -0.0000 -0.0000
vn -0.0000 -0.0000 -1.0000
vn 1.0000 -0.0000 -0.0000
vn -0.0000 -0.0000 1.0000
vn -0.0000 -1.0000 -0.0000
vn -0.0000 1.0000 -0.0000
vt 0.375000 0.000000
vt 0.625000 0.000000
vt 0.625000 0.250000
vt 0.375000 0.250000
vt 0.625000 0.500000
vt 0.375000 0.500000
vt 0.625000 0.750000
vt 0.375000 0.750000
vt 0.625000 1.000000
vt 0.375000 1.000000
vt 0.125000 0.500000
vt 0.125000 0.750000
vt 0.875000 0.500000
vt 0.875000 0.750000
s 0
usemtl Radiator_Metal
f 3257/4481/2973 3258/4482/2973 3260/4483/2973 3259/4484/2973
f 3259/4484/2974 3260/4483/2974 3264/4485/2974 3263/4486/2974
f 3263/4486/2975 3264/4485/2975 3262/4487/2975 3261/4488/2975
f 3261/4488/2976 3262/4487/2976 3258/4489/2976 3257/4490/2976
f 3259/4491/2977 3263/4486/2977 3261/4488/2977 3257/4492/2977
f 3264/4485/2978 3260/4493/2978 3258/4494/2978 3262/4487/2978
o Radiator_Fin_3
v -0.301500 0.465000 -4.882500
v -0.301500 0.895000 -4.882500
v -0.301500 0.465000 -4.917500
v -0.301500 0.895000 -4.917500
v -0.276500 0.465000 -4.882500
v -0.276500 0.895000 -4.882500
v -0.276500 0.465000 -4.917500
v -0.276500 0.895000 -4.917500
vn -1.0000 -0.0000 -0.0000
vn -0.0000 -0.0000 -1.0000
vn 1.0000 -0.0000 -0.0000
vn -0.0000 -0.0000 1.0000
vn -0.0000 -1.0000 -0.0000
vn -0.0000 1.0000 -0.0000
vt 0.375000 0.000000
vt 0.625000 0.000000
vt 0.625000 0.250000
vt 0.375000 0.250000
vt 0.625000 0.500000
vt 0.375000 0.500000
vt 0.625000 0.750000
vt 0.375000 0.750000
vt 0.625000 1.000000
vt 0.375000 1.000000
vt 0.125000 0.500000
vt 0.125000 0.750000
vt 0.875000 0.500000
vt 0.875000 0.750000
s 0
usemtl Radiator_Metal
f 3265/4495/2979 3266/4496/2979 3268/4497/2979 3267/4498/2979
f 3267/4498/2980 3268/4497/2980 3272/4499/2980 3271/4500/2980
f 3271/4500/2981 3272/4499/2981 3270/4501/2981 3269/4502/2981
f 3269/4502/2982 3270/4501/2982 3266/4503/2982 3265/4504/2982
f 3267/4505/2983 3271/4500/2983 3269/4502/2983 3265/4506/2983
f 3272/4499/2984 3268/4507/2984 3266/4508/2984 3270/4501/2984
o Radiator_Fin_4
v -0.204500 0.465000 -4.882500
v -0.204500 0.895000 -4.882500
v -0.204500 0.465000 -4.917500
v -0.204500 0.895000 -4.917500
v -0.179500 0.465000 -4.882500
v -0.179500 0.895000 -4.882500
v -0.179500 0.465000 -4.917500
v -0.179500 0.895000 -4.917500
vn -1.0000 -0.0000 -0.0000
vn -0.0000 -0.0000 -1.0000
vn 1.0000 -0.0000 -0.0000
vn -0.0000 -0.0000 1.0000
vn -0.0000 -1.0000 -0.0000
vn -0.0000 1.0000 -0.0000
vt 0.375000 0.000000
vt 0.625000 0.000000
vt 0.625000 0.250000
vt 0.375000 0.250000
vt 0.625000 0.500000
vt 0.375000 0.500000
vt 0.625000 0.750000
vt 0.375000 0.750000
vt 0.625000 1.000000
vt 0.375000 1.000000
vt 0.125000 0.500000
vt 0.125000 0.750000
vt 0.875000 0.500000
vt 0.875000 0.750000
s 0
usemtl Radiator_Metal
f 3273/4509/2985 3274/4510/2985 3276/4511/2985 3275/4512/2985
f 3275/4512/2986 3276/4511/2986 3280/4513/2986 3279/4514/2986
f 3279/4514/2987 3280/4513/2987 3278/4515/2987 3277/4516/2987
f 3277/4516/2988 3278/4515/2988 3274/4517/2988 3273/4518/2988
f 3275/4519/2989 3279/4514/2989 3277/4516/2989 3273/4520/2989
f 3280/4513/2990 3276/4521/2990 3274/4522/2990 3278/4515/2990
o Radiator_Fin_5
v -0.107500 0.465000 -4.882500
v -0.107500 0.895000 -4.882500
v -0.107500 0.465000 -4.917500
v -0.107500 0.895000 -4.917500
v -0.082500 0.465000 -4.882500
v -0.082500 0.895000 -4.882500
v -0.082500 0.465000 -4.917500
v -0.082500 0.895000 -4.917500
vn -1.0000 -0.0000 -0.0000
vn -0.0000 -0.0000 -1.0000
vn 1.0000 -0.0000 -0.0000
vn -0.0000 -0.0000 1.0000
vn -0.0000 -1.0000 -0.0000
vn -0.0000 1.0000 -0.0000
vt 0.375000 0.000000
vt 0.625000 0.000000
vt 0.625000 0.250000
vt 0.375000 0.250000
vt 0.625000 0.500000
vt 0.375000 0.500000
vt 0.625000 0.750000
vt 0.375000 0.750000
vt 0.625000 1.000000
vt 0.375000 1.000000
vt 0.125000 0.500000
vt 0.125000 0.750000
vt 0.875000 0.500000
vt 0.875000 0.750000
s 0
usemtl Radiator_Metal
f 3281/4523/2991 3282/4524/2991 3284/4525/2991 3283/4526/2991
f 3283/4526/2992 3284/4525/2992 3288/4527/2992 3287/4528/2992
f 3287/4528/2993 3288/4527/2993 3286/4529/2993 3285/4530/2993
f 3285/4530/2994 3286/4529/2994 3282/4531/2994 3281/4532/2994
f 3283/4533/2995 3287/4528/2995 3285/4530/2995 3281/4534/2995
f 3288/4527/2996 3284/4535/2996 3282/4536/2996 3286/4529/2996
o Radiator_Fin_6
v -0.010500 0.465000 -4.882500
v -0.010500 0.895000 -4.882500
v -0.010500 0.465000 -4.917500
v -0.010500 0.895000 -4.917500
v 0.014500 0.465000 -4.882500
v 0.014500 0.895000 -4.882500
v 0.014500 0.465000 -4.917500
v 0.014500 0.895000 -4.917500
vn -1.0000 -0.0000 -0.0000
vn -0.0000 -0.0000 -1.0000
vn 1.0000 -0.0000 -0.0000
vn -0.0000 -0.0000 1.0000
vn -0.0000 -1.0000 -0.0000
vn -0.0000 1.0000 -0.0000
vt 0.375000 0.000000
vt 0.625000 0.000000
vt 0.625000 0.250000
vt 0.375000 0.250000
vt 0.625000 0.500000
vt 0.375000 0.500000
vt 0.625000 0.750000
vt 0.375000 0.750000
vt 0.625000 1.000000
vt 0.375000 1.000000
vt 0.125000 0.500000
vt 0.125000 0.750000
vt 0.875000 0.500000
vt 0.875000 0.750000
s 0
usemtl Radiator_Metal
f 3289/4537/2997 3290/4538/2997 3292/4539/2997 3291/4540/2997
f 3291/4540/2998 3292/4539/2998 3296/4541/2998 3295/4542/2998
f 3295/4542/2999 3296/4541/2999 3294/4543/2999 3293/4544/2999
f 3293/4544/3000 3294/4543/3000 3290/4545/3000 3289/4546/3000
f 3291/4547/3001 3295/4542/3001 3293/4544/3001 3289/4548/3001
f 3296/4541/3002 3292/4549/3002 3290/4550/3002 3294/4543/3002
o Radiator_Fin_7
v 0.086500 0.465000 -4.882500
v 0.086500 0.895000 -4.882500
v 0.086500 0.465000 -4.917500
v 0.086500 0.895000 -4.917500
v 0.111500 0.465000 -4.882500
v 0.111500 0.895000 -4.882500
v 0.111500 0.465000 -4.917500
v 0.111500 0.895000 -4.917500
vn -1.0000 -0.0000 -0.0000
vn -0.0000 -0.0000 -1.0000
vn 1.0000 -0.0000 -0.0000
vn -0.0000 -0.0000 1.0000
vn -0.0000 -1.0000 -0.0000
vn -0.0000 1.0000 -0.0000
vt 0.375000 0.000000
vt 0.625000 0.000000
vt 0.625000 0.250000
vt 0.375000 0.250000
vt 0.625000 0.500000
vt 0.375000 0.500000
vt 0.625000 0.750000
vt 0.375000 0.750000
vt 0.625000 1.000000
vt 0.375000 1.000000
vt 0.125000 0.500000
vt 0.125000 0.750000
vt 0.875000 0.500000
vt 0.875000 0.750000
s 0
usemtl Radiator_Metal
f 3297/4551/3003 3298/4552/3003 3300/4553/3003 3299/4554/3003
f 3299/4554/3004 3300/4553/3004 3304/4555/3004 3303/4556/3004
f 3303/4556/3005 3304/4555/3005 3302/4557/3005 3301/4558/3005
f 3301/4558/3006 3302/4557/3006 3298/4559/3006 3297/4560/3006
f 3299/4561/3007 3303/4556/3007 3301/4558/3007 3297/4562/3007
f 3304/4555/3008 3300/4563/3008 3298/4564/3008 3302/4557/3008
o Radiator_Fin_8
v 0.183500 0.465000 -4.882500
v 0.183500 0.895000 -4.882500
v 0.183500 0.465000 -4.917500
v 0.183500 0.895000 -4.917500
v 0.208500 0.465000 -4.882500
v 0.208500 0.895000 -4.882500
v 0.208500 0.465000 -4.917500
v 0.208500 0.895000 -4.917500
vn -1.0000 -0.0000 -0.0000
vn -0.0000 -0.0000 -1.0000
vn 1.0000 -0.0000 -0.0000
vn -0.0000 -0.0000 1.0000
vn -0.0000 -1.0000 -0.0000
vn -0.0000 1.0000 -0.0000
vt 0.375000 0.000000
vt 0.625000 0.000000
vt 0.625000 0.250000
vt 0.375000 0.250000
vt 0.625000 0.500000
vt 0.375000 0.500000
vt 0.625000 0.750000
vt 0.375000 0.750000
vt 0.625000 1.000000
vt 0.375000 1.000000
vt 0.125000 0.500000
vt 0.125000 0.750000
vt 0.875000 0.500000
vt 0.875000 0.750000
s 0
usemtl Radiator_Metal
f 3305/4565/3009 3306/4566/3009 3308/4567/3009 3307/4568/3009
f 3307/4568/3010 3308/4567/3010 3312/4569/3010 3311/4570/3010
f 3311/4570/3011 3312/4569/3011 3310/4571/3011 3309/4572/3011
f 3309/4572/3012 3310/4571/3012 3306/4573/3012 3305/4574/3012
f 3307/4575/3013 3311/4570/3013 3309/4572/3013 3305/4576/3013
f 3312/4569/3014 3308/4577/3014 3306/4578/3014 3310/4571/3014
o Radiator_Fin_9
v 0.280500 0.465000 -4.882500
v 0.280500 0.895000 -4.882500
v 0.280500 0.465000 -4.917500
v 0.280500 0.895000 -4.917500
v 0.305500 0.465000 -4.882500
v 0.305500 0.895000 -4.882500
v 0.305500 0.465000 -4.917500
v 0.305500 0.895000 -4.917500
vn -1.0000 -0.0000 -0.0000
vn -0.0000 -0.0000 -1.0000
vn 1.0000 -0.0000 -0.0000
vn -0.0000 -0.0000 1.0000
vn -0.0000 -1.0000 -0.0000
vn -0.0000 1.0000 -0.0000
vt 0.375000 0.000000
vt 0.625000 0.000000
vt 0.625000 0.250000
vt 0.375000 0.250000
vt 0.625000 0.500000
vt 0.375000 0.500000
vt 0.625000 0.750000
vt 0.375000 0.750000
vt 0.625000 1.000000
vt 0.375000 1.000000
vt 0.125000 0.500000
vt 0.125000 0.750000
vt 0.875000 0.500000
vt 0.875000 0.750000
s 0
usemtl Radiator_Metal
f 3313/4579/3015 3314/4580/3015 3316/4581/3015 3315/4582/3015
f 3315/4582/3016 3316/4581/3016 3320/4583/3016 3319/4584/3016
f 3319/4584/3017 3320/4583/3017 3318/4585/3017 3317/4586/3017
f 3317/4586/3018 3318/4585/3018 3314/4587/3018 3313/4588/3018
f 3315/4589/3019 3319/4584/3019 3317/4586/3019 3313/4590/3019
f 3320/4583/3020 3316/4591/3020 3314/4592/3020 3318/4585/3020
o Radiator_Fin_10
v 0.377500 0.465000 -4.882500
v 0.377500 0.895000 -4.882500
v 0.377500 0.465000 -4.917500
v 0.377500 0.895000 -4.917500
v 0.402500 0.465000 -4.882500
v 0.402500 0.895000 -4.882500
v 0.402500 0.465000 -4.917500
v 0.402500 0.895000 -4.917500
vn -1.0000 -0.0000 -0.0000
vn -0.0000 -0.0000 -1.0000
vn 1.0000 -0.0000 -0.0000
vn -0.0000 -0.0000 1.0000
vn -0.0000 -1.0000 -0.0000
vn -0.0000 1.0000 -0.0000
vt 0.375000 0.000000
vt 0.625000 0.000000
vt 0.625000 0.250000
vt 0.375000 0.250000
vt 0.625000 0.500000
vt 0.375000 0.500000
vt 0.625000 0.750000
vt 0.375000 0.750000
vt 0.625000 1.000000
vt 0.375000 1.000000
vt 0.125000 0.500000
vt 0.125000 0.750000
vt 0.875000 0.500000
vt 0.875000 0.750000
s 0
usemtl Radiator_Metal
f 3321/4593/3021 3322/4594/3021 3324/4595/3021 3323/4596/3021
f 3323/4596/3022 3324/4595/3022 3328/4597/3022 3327/4598/3022
f 3327/4598/3023 3328/4597/3023 3326/4599/3023 3325/4600/3023
f 3325/4600/3024 3326/4599/3024 3322/4601/3024 3321/4602/3024
f 3323/4603/3025 3327/4598/3025 3325/4600/3025 3321/4604/3025
f 3328/4597/3026 3324/4605/3026 3322/4606/3026 3326/4599/3026
o Radiator_Fin_11
v 0.474500 0.465000 -4.882500
v 0.474500 0.895000 -4.882500
v 0.474500 0.465000 -4.917500
v 0.474500 0.895000 -4.917500
v 0.499500 0.465000 -4.882500
v 0.499500 0.895000 -4.882500
v 0.499500 0.465000 -4.917500
v 0.499500 0.895000 -4.917500
vn -1.0000 -0.0000 -0.0000
vn -0.0000 -0.0000 -1.0000
vn 1.0000 -0.0000 -0.0000
vn -0.0000 -0.0000 1.0000
vn -0.0000 -1.0000 -0.0000
vn -0.0000 1.0000 -0.0000
vt 0.375000 0.000000
vt 0.625000 0.000000
vt 0.625000 0.250000
vt 0.375000 0.250000
vt 0.625000 0.500000
vt 0.375000 0.500000
vt 0.625000 0.750000
vt 0.375000 0.750000
vt 0.625000 1.000000
vt 0.375000 1.000000
vt 0.125000 0.500000
vt 0.125000 0.750000
vt 0.875000 0.500000
vt 0.875000 0.750000
s 0
usemtl Radiator_Metal
f 3329/4607/3027 3330/4608/3027 3332/4609/3027 3331/4610/3027
f 3331/4610/3028 3332/4609/3028 3336/4611/3028 3335/4612/3028
f 3335/4612/3029 3336/4611/3029 3334/4613/3029 3333/4614/3029
f 3333/4614/3030 3334/4613/3030 3330/4615/3030 3329/4616/3030
f 3331/4617/3031 3335/4612/3031 3333/4614/3031 3329/4618/3031
f 3336/4611/3032 3332/4619/3032 3330/4620/3032 3334/4613/3032
o Radiator_Fin_12
v 0.571500 0.465000 -4.882500
v 0.571500 0.895000 -4.882500
v 0.571500 0.465000 -4.917500
v 0.571500 0.895000 -4.917500
v 0.596500 0.465000 -4.882500
v 0.596500 0.895000 -4.882500
v 0.596500 0.465000 -4.917500
v 0.596500 0.895000 -4.917500
vn -1.0000 -0.0000 -0.0000
vn -0.0000 -0.0000 -1.0000
vn 1.0000 -0.0000 -0.0000
vn -0.0000 -0.0000 1.0000
vn -0.0000 -1.0000 -0.0000
vn -0.0000 1.0000 -0.0000
vt 0.375000 0.000000
vt 0.625000 0.000000
vt 0.625000 0.250000
vt 0.375000 0.250000
vt 0.625000 0.500000
vt 0.375000 0.500000
vt 0.625000 0.750000
vt 0.375000 0.750000
vt 0.625000 1.000000
vt 0.375000 1.000000
vt 0.125000 0.500000
vt 0.125000 0.750000
vt 0.875000 0.500000
vt 0.875000 0.750000
s 0
usemtl Radiator_Metal
f 3337/4621/3033 3338/4622/3033 3340/4623/3033 3339/4624/3033
f 3339/4624/3034 3340/4623/3034 3344/4625/3034 3343/4626/3034
f 3343/4626/3035 3344/4625/3035 3342/4627/3035 3341/4628/3035
f 3341/4628/3036 3342/4627/3036 3338/4629/3036 3337/4630/3036
f 3339/4631/3037 3343/4626/3037 3341/4628/3037 3337/4632/3037
f 3344/4625/3038 3340/4633/3038 3338/4634/3038 3342/4627/3038
